/** Balaji Varadharajan Account details **/

/** Test Case Id: ZEUS-MMS-ACCT-Update-01 **/
/** Test Case Description: New Enrollment span created on an existing account **/

INSERT INTO account(account_sk, acct_number, line_of_business_type_code, created_date, updated_date) VALUES ('e29f6d8d-51c8-4259-b789-1aac0e5fcfe7','5LOQKYBP1NQX17E','HIX',CURRENT_TIMESTAMP(), CURRENT_TIMESTAMP());

INSERT INTO member(member_sk, account_sk, member_code, first_name, middle_name, last_name, relationship_type_code, date_of_birth, gender_type_code, height, weight, created_date, updated_date) VALUES ('1817da35-c65d-469d-a7ce-d6eb1569ffe9','e29f6d8d-51c8-4259-b789-1aac0e5fcfe7','G8RKJY77IYPBYXU','Balaji', 'M', 'Varadharajan','HOH','1983-05-21 00:00:00','MALE',5.8,155.6,CURRENT_TIMESTAMP(), CURRENT_TIMESTAMP());

INSERT INTO member_address(member_address_sk, member_address_code, member_sk, address_type_code, address_line_1, address_line_2, city, state_type_code, zip_code, start_date, end_date, created_date, updated_date) VALUES ('4c5c3b7c-0950-49e8-b483-72fca0f428f2', 'HP86QL1UWE0UAKZ', '1817da35-c65d-469d-a7ce-d6eb1569ffe9', 'RES', '13377 Batten Lane', null, 'Odessa', 'FL', '33556', '2021-12-15 00:00:00', null, CURRENT_TIMESTAMP(), CURRENT_TIMESTAMP());
INSERT INTO member_address(member_address_sk, member_address_code, member_sk, address_type_code, address_line_1, address_line_2, city, state_type_code, zip_code, start_date, end_date, created_date, updated_date) VALUES ('a0e9af18-f109-4a9c-bba3-e7824cf99616', 'L89ZMCJ50PM36TW', '1817da35-c65d-469d-a7ce-d6eb1569ffe9', 'MAIL', 'P.O Box 23646', null, 'Odessa', 'FL', '33556', '2021-12-15 00:00:00', null, CURRENT_TIMESTAMP(), CURRENT_TIMESTAMP());

INSERT INTO member_phone(member_phone_sk, member_phone_code, member_sk, phone_type_code, phone_number, start_date, end_date, created_date, updated_date) VALUES ('24629daf-e0c7-4dd9-9f8b-64360a50793b', 'KI0QVIJKYERYY9G', '1817da35-c65d-469d-a7ce-d6eb1569ffe9','MOBILE', '813-357-9150', '2021-12-15 00:00:00', null, CURRENT_TIMESTAMP(), CURRENT_TIMESTAMP());

INSERT INTO member_email(member_email_sk, member_email_code, member_sk, email_type_code, email, is_primary, start_date, end_date, created_date, updated_date) VALUES ('a018f0ce-f269-4353-ac97-0c88df8477df', '50QGOOCJ3K2IMZC', '1817da35-c65d-469d-a7ce-d6eb1569ffe9', 'PERSONAL', 'vbalaji215@gmail.com', true, '2021-12-15 00:00:00', null, CURRENT_TIMESTAMP(), CURRENT_TIMESTAMP());
INSERT INTO member_email(member_email_sk, member_email_code, member_sk, email_type_code, email, is_primary, start_date, end_date, created_date, updated_date) VALUES ('f60459a2-dc26-44ec-88d2-027c541cda7c', 'TBVHIU74HUHFMZP', '1817da35-c65d-469d-a7ce-d6eb1569ffe9', 'WORK', 'balaji.varadharajan@wellcare.com', false, '2021-12-15 00:00:00', null, CURRENT_TIMESTAMP(), CURRENT_TIMESTAMP());

INSERT INTO member_language(member_language_sk, member_language_code, member_sk, language_type_code, language_code, start_date, end_date, created_date, updated_date) VALUES ('266b2753-220f-45d8-928c-a4e8fb2e42eb', 'CZ8TRC5GYH6UGTH', '1817da35-c65d-469d-a7ce-d6eb1569ffe9', 'SPOKEN', 'ENG', '2021-12-15 00:00:00', null, CURRENT_TIMESTAMP(), CURRENT_TIMESTAMP());
INSERT INTO member_language(member_language_sk, member_language_code, member_sk, language_type_code, language_code, start_date, end_date, created_date, updated_date) VALUES ('56c65d79-6556-42d5-89fa-3eeef4a993fa', '224QAUBU304JVPK', '1817da35-c65d-469d-a7ce-d6eb1569ffe9', 'WRITTEN', 'SPA', '2021-12-15 00:00:00', null, CURRENT_TIMESTAMP(), CURRENT_TIMESTAMP());

INSERT INTO member_identifier(member_identifier_sk, member_identifier_code, member_sk, identifier_type_code, identifier_value, is_active, created_date, updated_date) VALUES ('b0d97992-bc5b-4d53-8e68-68176914b8bb', 'Y2BF30P04IH1IOR', '1817da35-c65d-469d-a7ce-d6eb1569ffe9', 'SSN', '023-53-5234', true, CURRENT_TIMESTAMP(), CURRENT_TIMESTAMP());

INSERT INTO enrollment_span(enrlmnt_span_sk, enrollment_span_code, account_sk, state_type_code, marketplace_type_code, business_unit_type_code, coverage_type_code, start_date, end_date, exchange_subscriber_id, plan_id, group_policy_id, product_type_code, effectuation_date, status_type_code, ztcn, delinq_ind, created_date, updated_date) VALUES ('1f4684b7-834d-41ad-a150-658da294c54c', 'I5LXC5ELIEO0G2O', 'e29f6d8d-51c8-4259-b789-1aac0e5fcfe7', 'FL', 'FFM', 'MP_FL', 'FAM', '2022-01-01 00:00:00', '2022-12-31 00:00:00','245247345','89355FL0234597', '63456345','HMO','2022-10-01 00:00:00','ENROLLED','MC6L56Z5GRGHEK2', false, CURRENT_TIMESTAMP(),CURRENT_TIMESTAMP());

INSERT INTO premium_span(premium_span_sk, premium_span_code, ztcn, enrollment_span_sk, start_date, end_date, status_type_code, csr_variant, total_prem_amt, total_resp_amt, aptc_amt, other_pay_amt, csr_amt, created_Date, updated_date) VALUES ('12573e17-7244-4e49-a152-38d59b03e2f6', 'CNH182BAIO3321D', 'MC6L56Z5GRGHEK2', '1f4684b7-834d-41ad-a150-658da294c54c', '2022-01-01 00:00:00', '2022-06-30 00:00:00', 'ACTIVE', '03', 150, 150, 0, 0, 10, CURRENT_TIMESTAMP(),CURRENT_TIMESTAMP());
INSERT INTO premium_span(premium_span_sk, premium_span_code, ztcn, enrollment_span_sk, start_date, end_date, status_type_code, csr_variant, total_prem_amt, total_resp_amt, aptc_amt, other_pay_amt, csr_amt, created_Date, updated_date) VALUES ('96aedae2-95b1-4181-bd2b-cfc26179e044', 'GT5PSZ6FBWEOH69', '55UCZGSHBH98VKM', '1f4684b7-834d-41ad-a150-658da294c54c', '2022-07-01 00:00:00', '2022-12-31 00:00:00', 'ACTIVE', '03', 150, 150, 0, 0, 20, CURRENT_TIMESTAMP(),CURRENT_TIMESTAMP());

INSERT INTO member_premiums(member_premium_sk, premium_span_sk, member_sk, exchange_member_id, individual_premium_amount, created_date, updated_date) VALUES ('6dfe06fb-05e8-4f2e-88c0-7441bd0b5e43', '12573e17-7244-4e49-a152-38d59b03e2f6', '1817da35-c65d-469d-a7ce-d6eb1569ffe9', '24524734501', 150, CURRENT_TIMESTAMP(), CURRENT_TIMESTAMP());
INSERT INTO member_premiums(member_premium_sk, premium_span_sk, member_sk, exchange_member_id, individual_premium_amount, created_date, updated_date) VALUES ('d421d90b-74a9-4df9-add9-a1f84ef9908f', '96aedae2-95b1-4181-bd2b-cfc26179e044', '1817da35-c65d-469d-a7ce-d6eb1569ffe9', '24524734501', 150,CURRENT_TIMESTAMP(), CURRENT_TIMESTAMP());

/** Pooja Mohanakrishnan Account **/

/** Test Case Id: ZEUS-MMS-ACCT-Update-02 **/
/** Test Case Description: Existing enrollment span termed and new Enrollment span created on an existing account **/

INSERT INTO account(account_sk, acct_number, line_of_business_type_code, created_date, updated_date) VALUES ('c601259a-6b0f-4a18-882f-d645e934d092','652C183K1DEBCNC','HIX',CURRENT_TIMESTAMP(), CURRENT_TIMESTAMP());


INSERT INTO member(member_sk, account_sk, member_code, first_name, middle_name, last_name, relationship_type_code, date_of_birth, gender_type_code, height, weight, created_date, updated_date) VALUES ('2fca4989-037a-496f-9b59-cffd3990a5dd','c601259a-6b0f-4a18-882f-d645e934d092','KMOO76CXLXGGSB4','Pooja', 'D', 'Mohanakrishnan','HOH','1985-12-10 00:00:00','FEMALE',5.3,113.2,CURRENT_TIMESTAMP(), CURRENT_TIMESTAMP());

INSERT INTO member_address(member_address_sk, member_address_code, member_sk, address_type_code, address_line_1, address_line_2, city, state_type_code, zip_code, start_date, end_date, created_date, updated_date) VALUES ('912817ff-e351-4aa8-b727-89292fe00fc7', 'J3BZ172D3ISJDPO', '2fca4989-037a-496f-9b59-cffd3990a5dd', 'RES', '9737 Lake View Lane', 'Apt 303', 'Tampa', 'FL', '33626', '2020-12-10 00:00:00', null, CURRENT_TIMESTAMP(), CURRENT_TIMESTAMP());
INSERT INTO member_address(member_address_sk, member_address_code, member_sk, address_type_code, address_line_1, address_line_2, city, state_type_code, zip_code, start_date, end_date, created_date, updated_date) VALUES ('503d5c9c-f8a9-47a3-95ee-12c03f9dbcfd', 'AKTTBZ6DNJURU73' ,'2fca4989-037a-496f-9b59-cffd3990a5dd', 'MAIL', 'P.O Box 74567', null, 'Tampa', 'FL', '33626', '2020-12-10 00:00:00', null, CURRENT_TIMESTAMP(), CURRENT_TIMESTAMP());

INSERT INTO member_phone(member_phone_sk, member_phone_code, member_sk, phone_type_code, phone_number, start_date, end_date, created_date, updated_date) VALUES ('90f0e60d-05af-4fe2-ad2e-9696cacfd1ad','8AMLJ42HALDDBGD','2fca4989-037a-496f-9b59-cffd3990a5dd','MOBILE', '813-357-9151', '2020-12-10 00:00:00', null, CURRENT_TIMESTAMP(), CURRENT_TIMESTAMP());

INSERT INTO member_email(member_email_sk, member_email_code, member_sk, email_type_code, email, is_primary, start_date, end_date, created_date, updated_date) VALUES ('89c37c07-4fe9-4e77-a2aa-1ee3c34af9a7', 'TCNRRBB7Y7IWNTM','2fca4989-037a-496f-9b59-cffd3990a5dd', 'PERSONAL', 'poojadec10@gmail.com', true, '2020-12-10 00:00:00', null, CURRENT_TIMESTAMP(), CURRENT_TIMESTAMP());
INSERT INTO member_email(member_email_sk, member_email_code, member_sk, email_type_code, email, is_primary, start_date, end_date, created_date, updated_date) VALUES ('3f562524-d5f2-4ae6-8f43-59b6b7910ae8', '42ZMZ0WY3IZPLLY','2fca4989-037a-496f-9b59-cffd3990a5dd', 'WORK', 'pooja.mohanakrishnan@wellcare.com', false, '2020-12-10 00:00:00', null, CURRENT_TIMESTAMP(), CURRENT_TIMESTAMP());

INSERT INTO member_language(member_language_sk, member_language_code, member_sk, language_type_code, language_code, start_date, end_date, created_date, updated_date) VALUES ('edee8c04-8e39-4bc2-a736-8c3c937ba07f', 'WD5W7OAFW4GH5LC', '2fca4989-037a-496f-9b59-cffd3990a5dd', 'SPOKEN', 'ENG', '2020-12-10 00:00:00', null, CURRENT_TIMESTAMP(), CURRENT_TIMESTAMP());
INSERT INTO member_language(member_language_sk, member_language_code, member_sk, language_type_code, language_code, start_date, end_date, created_date, updated_date) VALUES ('3e12bff3-c69f-4f34-b7ad-ed453036fb7e', 'X3TY01S9ZZL4HJQ', '2fca4989-037a-496f-9b59-cffd3990a5dd', 'WRITTEN', 'SPA', '2020-12-10 00:00:00', null, CURRENT_TIMESTAMP(), CURRENT_TIMESTAMP());

INSERT INTO member_identifier(member_identifier_sk, member_identifier_code, member_sk, identifier_type_code, identifier_value, is_active, created_date, updated_date) VALUES ('da66a1f6-e5c5-481a-93a3-58e15bf41d1f', '1WISWCYI2B1XFDD', '2fca4989-037a-496f-9b59-cffd3990a5dd', 'SSN', '856-34-9568', true, CURRENT_TIMESTAMP(), CURRENT_TIMESTAMP());
INSERT INTO member_identifier(member_identifier_sk, member_identifier_code, member_sk, identifier_type_code, identifier_value, is_active, created_date, updated_date) VALUES ('12ceb824-d65a-498c-8052-be060902f883', '9PRFZLF26H5BK4X', '2fca4989-037a-496f-9b59-cffd3990a5dd', 'EXCHSUBID', '64574573', true, CURRENT_TIMESTAMP(), CURRENT_TIMESTAMP());
INSERT INTO member_identifier(member_identifier_sk, member_identifier_code, member_sk, identifier_type_code, identifier_value, is_active, created_date, updated_date) VALUES ('9ba99db7-00ea-4746-bf62-3992bc10aa05', 'XH5EJKBG99DTQZF', '2fca4989-037a-496f-9b59-cffd3990a5dd', 'EXCHMEMID', '6457457301', true, CURRENT_TIMESTAMP(), CURRENT_TIMESTAMP());

INSERT INTO enrollment_span(enrlmnt_span_sk, enrollment_span_code, account_sk, state_type_code, marketplace_type_code, business_unit_type_code, coverage_type_code, start_date, end_date, exchange_subscriber_id, plan_id, group_policy_id, product_type_code, effectuation_date, status_type_code, ztcn, delinq_ind, created_date, updated_date) VALUES ('ba557400-0afa-4475-bbe9-59503233716a', 'XYFHOHJFGH5CC6V', 'c601259a-6b0f-4a18-882f-d645e934d092', 'FL', 'FFM', 'MP_FL', 'FAM', '2021-01-01 00:00:00', '2021-12-31 00:00:00','64574573', '09643FL0234597', '74845784','HMO','2021-05-01 00:00:00','ENROLLED','0ZSDCU8DSL7G6AO', false, CURRENT_TIMESTAMP(),CURRENT_TIMESTAMP());
INSERT INTO enrollment_span(enrlmnt_span_sk, enrollment_span_code, account_sk, state_type_code, marketplace_type_code, business_unit_type_code, coverage_type_code, start_date, end_date, exchange_subscriber_id, plan_id, group_policy_id, product_type_code, effectuation_date, status_type_code, ztcn, delinq_ind, created_date, updated_date) VALUES ('be2a834b-8718-48c7-a3fa-a2aeef9162db', 'WU5ZTKX5XHMTLWG', 'c601259a-6b0f-4a18-882f-d645e934d092', 'FL', 'FFM', 'MP_FL', 'FAM', '2022-01-01 00:00:00', '2022-12-31 00:00:00','64574573', '34526FL0234597', '84584578','HMO','2022-05-01 00:00:00','ENROLLED','DXB424JH4JXTZWT', false, CURRENT_TIMESTAMP(),CURRENT_TIMESTAMP());

INSERT INTO premium_span(premium_span_sk, premium_span_code, ztcn, enrollment_span_sk, start_date, end_date, status_type_code, csr_variant, total_prem_amt, total_resp_amt, aptc_amt, other_pay_amt, csr_amt, created_Date, updated_date) VALUES ('f203d69f-ac11-4efb-9f2e-3bb91ad4e0b5', 'B0AXB3PL5GBCRYA', '0ZSDCU8DSL7G6AO', 'ba557400-0afa-4475-bbe9-59503233716a', '2021-01-01 00:00:00', '2021-12-31 00:00:00', 'ACTIVE', '03', 150, 150, 0, 0, 10, CURRENT_TIMESTAMP(),CURRENT_TIMESTAMP());
INSERT INTO premium_span(premium_span_sk, premium_span_code, ztcn, enrollment_span_sk, start_date, end_date, status_type_code, csr_variant, total_prem_amt, total_resp_amt, aptc_amt, other_pay_amt, csr_amt, created_Date, updated_date) VALUES ('088d7dc1-beee-4fb6-987e-4b4447942de3', '174GMP35EQZLOE0', 'DXB424JH4JXTZWT', 'be2a834b-8718-48c7-a3fa-a2aeef9162db', '2022-01-01 00:00:00', '2022-06-30 00:00:00', 'ACTIVE', '03', 150, 100, 50, 0, 10, CURRENT_TIMESTAMP(),CURRENT_TIMESTAMP());
INSERT INTO premium_span(premium_span_sk, premium_span_code, ztcn, enrollment_span_sk, start_date, end_date, status_type_code, csr_variant, total_prem_amt, total_resp_amt, aptc_amt, other_pay_amt, csr_amt, created_Date, updated_date) VALUES ('0ef78434-95cc-4063-add0-41fda59c2ead', '9T2QLZYA302OHB0', '00LS0O6YGQPMC5G', 'be2a834b-8718-48c7-a3fa-a2aeef9162db', '2022-07-01 00:00:00', '2022-12-31 00:00:00', 'ACTIVE', '03', 150, 125, 25, 0, 20, CURRENT_TIMESTAMP(),CURRENT_TIMESTAMP());

INSERT INTO member_premiums(member_premium_sk, premium_span_sk, member_sk, exchange_member_id, individual_premium_amount, created_date, updated_date) VALUES ('11f766dc-9fe1-4a29-8dd1-4f1c07d1cf43', 'f203d69f-ac11-4efb-9f2e-3bb91ad4e0b5', '2fca4989-037a-496f-9b59-cffd3990a5dd', '6457457301', 150, CURRENT_TIMESTAMP(), CURRENT_TIMESTAMP());
INSERT INTO member_premiums(member_premium_sk, premium_span_sk, member_sk, exchange_member_id, individual_premium_amount, created_date, updated_date) VALUES ('4f14aa2e-f850-4a8c-9200-5419a4cb890a', '088d7dc1-beee-4fb6-987e-4b4447942de3', '2fca4989-037a-496f-9b59-cffd3990a5dd', '6457457301', 150, CURRENT_TIMESTAMP(), CURRENT_TIMESTAMP());
INSERT INTO member_premiums(member_premium_sk, premium_span_sk, member_sk, exchange_member_id, individual_premium_amount, created_date, updated_date) VALUES ('d30feb25-9c0e-4190-88d3-f7a65d370448', '0ef78434-95cc-4063-add0-41fda59c2ead', '2fca4989-037a-496f-9b59-cffd3990a5dd', '6457457301', 150,CURRENT_TIMESTAMP(), CURRENT_TIMESTAMP());


/** Doe Family Account - Contains three members, John, Mary and Christy **/
/** Test Case Id: ZEUS-MMS-ACCT-Update-03 **/
/** Test Case Description: Cancellation of an enrollment span. Family has multiple members **/
INSERT INTO account(account_sk, acct_number, line_of_business_type_code, created_date, updated_date) VALUES ('66097166-c971-4d99-83b1-0086b8ec6f4e','O70RIWIWR7GSXAJ','HIX',CURRENT_TIMESTAMP(), CURRENT_TIMESTAMP());

/** John Doe Details **/
INSERT INTO member(member_sk, account_sk, member_code, first_name, middle_name, last_name, relationship_type_code, date_of_birth, gender_type_code, height, weight, created_date, updated_date) VALUES ('8de41197-dfb3-4f1a-93ed-2fb034b8ce87','66097166-c971-4d99-83b1-0086b8ec6f4e','J11WCUSYKYV5B7S','John', 'P', 'Doe','HOH', '1978-07-13 00:00:00','MALE',5.5,173.56,CURRENT_TIMESTAMP(), CURRENT_TIMESTAMP());

INSERT INTO member_address(member_address_sk, member_address_code, member_sk, address_type_code, address_line_1, address_line_2, city, state_type_code, zip_code, start_date, end_date, created_date, updated_date) VALUES ('21961677-878c-4848-8c93-99fc4c964ddd', 'BMUJ8565C9W9450', '8de41197-dfb3-4f1a-93ed-2fb034b8ce87', 'RES', '8945 Main Street', 'Apt 303', 'Salem', 'MA', '78453', '2020-11-08 00:00:00', null, CURRENT_TIMESTAMP(), CURRENT_TIMESTAMP());
INSERT INTO member_address(member_address_sk, member_address_code, member_sk, address_type_code, address_line_1, address_line_2, city, state_type_code, zip_code, start_date, end_date, created_date, updated_date) VALUES ('9140cb63-7f30-49ea-9f54-4b32fe14ca29', 'DSND8Y2NMMZZUQD', '8de41197-dfb3-4f1a-93ed-2fb034b8ce87', 'MAIL', 'P.O Box 92345', null, 'Salem', 'MA', '79456', '2020-11-08 00:00:00', null, CURRENT_TIMESTAMP(), CURRENT_TIMESTAMP());

INSERT INTO member_phone(member_phone_sk, member_phone_code, member_sk, phone_type_code, phone_number, start_date, end_date, created_date, updated_date) VALUES ('201e451e-0c19-4caf-9d2a-9a5b9a3c8a4f', 'FJOYKKXB7LMDJK5', '8de41197-dfb3-4f1a-93ed-2fb034b8ce87','MOBILE', '973-456-7835', '2020-11-08 00:00:00', null, CURRENT_TIMESTAMP(), CURRENT_TIMESTAMP());

INSERT INTO member_email(member_email_sk, member_email_code, member_sk, email_type_code, email, is_primary, start_date, end_date, created_date, updated_date) VALUES ('1a9aaec0-f584-49f3-af26-6e803c7e392b', '3DIFIOAHI9LAG99', '8de41197-dfb3-4f1a-93ed-2fb034b8ce87', 'PERSONAL', 'johndoe@gmail.com', true, '2020-11-08 00:00:00', null, CURRENT_TIMESTAMP(), CURRENT_TIMESTAMP());
INSERT INTO member_email(member_email_sk, member_email_code, member_sk, email_type_code, email, is_primary, start_date, end_date, created_date, updated_date) VALUES ('9e94ecfd-48ac-47f0-bde4-b9ad75d8f884', 'XEHXIQT58LUGFFJ', '8de41197-dfb3-4f1a-93ed-2fb034b8ce87', 'WORK', 'john.doe@wellcare.com', false, '2020-11-08 00:00:00', null, CURRENT_TIMESTAMP(), CURRENT_TIMESTAMP());

INSERT INTO member_language(member_language_sk, member_language_code, member_sk, language_type_code, language_code, start_date, end_date, created_date, updated_date) VALUES ('982acf04-e508-4416-8faa-330fe0ec89f9', '6JPHAKLHQCKSMTJ', '8de41197-dfb3-4f1a-93ed-2fb034b8ce87', 'SPOKEN', 'ENG', '2020-11-08 00:00:00', null, CURRENT_TIMESTAMP(), CURRENT_TIMESTAMP());
INSERT INTO member_language(member_language_sk, member_language_code, member_sk, language_type_code, language_code, start_date, end_date, created_date, updated_date) VALUES ('0af84ee8-5a07-43f0-9792-a0e3241d1ec9', 'QH3LAAI0FIH4HAJ', '8de41197-dfb3-4f1a-93ed-2fb034b8ce87', 'WRITTEN', 'SPA', '2020-11-08 00:00:00', null, CURRENT_TIMESTAMP(), CURRENT_TIMESTAMP());

INSERT INTO member_identifier(member_identifier_sk, member_identifier_code, member_sk, identifier_type_code, identifier_value, is_active, created_date, updated_date) VALUES ('d9a8cfcc-d1aa-492c-9b3c-38a406927b6e', '6AJFHK7N348BSHB', '8de41197-dfb3-4f1a-93ed-2fb034b8ce87', 'SSN', '345-74-3463', true, CURRENT_TIMESTAMP(), CURRENT_TIMESTAMP());

/** Mary Doe Details **/

INSERT INTO member(member_sk, account_sk, member_code, first_name, middle_name, last_name, relationship_type_code, date_of_birth, gender_type_code, height, weight, created_date, updated_date) VALUES ('02fe5093-5581-4e6d-8bfe-48055add707c','66097166-c971-4d99-83b1-0086b8ec6f4e','IK6S1UU7F2WZJYP','Mary', 'J', 'Doe', 'SPE', '1979-05-25 00:00:00','FEMALE',5.2,110.34,CURRENT_TIMESTAMP(), CURRENT_TIMESTAMP());

INSERT INTO member_address(member_address_sk, member_address_code, member_sk, address_type_code, address_line_1, address_line_2, city, state_type_code, zip_code, start_date, end_date, created_date, updated_date) VALUES ('b230b042-1c86-4eae-8bb7-03ff42381f80', '10PNJMDMOWNAP6Q', '02fe5093-5581-4e6d-8bfe-48055add707c', 'RES', '8945 Main Street', 'Apt 303', 'Salem', 'MA', '78453', '2020-11-08 00:00:00', null, CURRENT_TIMESTAMP(), CURRENT_TIMESTAMP());
INSERT INTO member_address(member_address_sk, member_address_code, member_sk, address_type_code, address_line_1, address_line_2, city, state_type_code, zip_code, start_date, end_date, created_date, updated_date) VALUES ('40dae692-8239-4a70-877f-cb0a832cc54e', 'JEDSKBCMZ2HH5EJ', '02fe5093-5581-4e6d-8bfe-48055add707c', 'MAIL', 'P.O Box 92345', null, 'Salem', 'MA', '79456', '2020-11-08 00:00:00', null, CURRENT_TIMESTAMP(), CURRENT_TIMESTAMP());

INSERT INTO member_phone(member_phone_sk, member_phone_code, member_sk, phone_type_code, phone_number, start_date, end_date, created_date, updated_date) VALUES ('68fbd8b5-597b-46d3-9f19-53c42739efc7','GIW3F4641DSG7N5', '02fe5093-5581-4e6d-8bfe-48055add707c','MOBILE', '973-456-7836', '2020-11-08 00:00:00', null, CURRENT_TIMESTAMP(), CURRENT_TIMESTAMP());

INSERT INTO member_email(member_email_sk, member_email_code, member_sk, email_type_code, email, is_primary, start_date, end_date, created_date, updated_date) VALUES ('ad5de35c-7fc3-4e58-821f-08e028cccad3', 'OLKWX144DH0E9BU', '02fe5093-5581-4e6d-8bfe-48055add707c', 'PERSONAL', 'marydoe@gmail.com', true, '2020-11-08 00:00:00', null, CURRENT_TIMESTAMP(), CURRENT_TIMESTAMP());
INSERT INTO member_email(member_email_sk, member_email_code, member_sk, email_type_code, email, is_primary, start_date, end_date, created_date, updated_date) VALUES ('7dd38503-8e01-4090-89fa-beb74f7f2696', 'EUA0MU7CV3OPYTG', '02fe5093-5581-4e6d-8bfe-48055add707c', 'WORK', 'mary.doe@wellcare.com', false, '2020-11-08 00:00:00', null, CURRENT_TIMESTAMP(), CURRENT_TIMESTAMP());

INSERT INTO member_language(member_language_sk, member_language_code, member_sk, language_type_code, language_code, start_date, end_date, created_date, updated_date) VALUES ('b0b9e5ae-6b96-4acd-9964-faf38de025ed', '5YEQY0Q6NV291K3', '02fe5093-5581-4e6d-8bfe-48055add707c', 'SPOKEN', 'ENG', '2020-11-08 00:00:00', null, CURRENT_TIMESTAMP(), CURRENT_TIMESTAMP());
INSERT INTO member_language(member_language_sk, member_language_code, member_sk, language_type_code, language_code, start_date, end_date, created_date, updated_date) VALUES ('4d00932a-e494-4fa5-bad6-5038814217b8', 'XZXRYN2U2SKFGYF', '02fe5093-5581-4e6d-8bfe-48055add707c', 'WRITTEN', 'SPA', '2020-11-08 00:00:00', null, CURRENT_TIMESTAMP(), CURRENT_TIMESTAMP());

INSERT INTO member_identifier(member_identifier_sk, member_identifier_code, member_sk, identifier_type_code, identifier_value, is_active, created_date, updated_date) VALUES ('2cd489bb-2e5c-48f7-ac27-1563b8f118ca', '8WOZ40J1WNPMAY4', '02fe5093-5581-4e6d-8bfe-48055add707c', 'SSN', '567-23-7457', true, CURRENT_TIMESTAMP(), CURRENT_TIMESTAMP());

/** Christy Doe Details **/
INSERT INTO member(member_sk, account_sk, member_code, first_name, middle_name, last_name, relationship_type_code, date_of_birth, gender_type_code, height, weight, created_date, updated_date) VALUES ('0b21b364-b21c-4d06-914a-13089e063424','66097166-c971-4d99-83b1-0086b8ec6f4e','L2U3HF42S0YA9E8','Christy', 'D', 'Doe', 'CHD', '2002-05-10 00:00:00','FEMALE',5.3,109.78,CURRENT_TIMESTAMP(), CURRENT_TIMESTAMP());

INSERT INTO member_address(member_address_sk, member_address_code, member_sk, address_type_code, address_line_1, address_line_2, city, state_type_code, zip_code, start_date, end_date, created_date, updated_date) VALUES ('723c819c-8d5f-4a01-aa63-303db9dc1a8b', 'MGDSPC4F4RD86SS', '0b21b364-b21c-4d06-914a-13089e063424', 'RES', '8945 Main Street', 'Apt 303', 'Salem', 'MA', '78453', '2020-11-08 00:00:00', null, CURRENT_TIMESTAMP(), CURRENT_TIMESTAMP());
INSERT INTO member_address(member_address_sk, member_address_code, member_sk, address_type_code, address_line_1, address_line_2, city, state_type_code, zip_code, start_date, end_date, created_date, updated_date) VALUES ('ce57121a-81db-4635-834a-bc1dc8a4a827', 'EMD5W05GK7Q51SJ', '0b21b364-b21c-4d06-914a-13089e063424', 'MAIL', 'P.O Box 92345', null, 'Salem', 'MA', '79456', '2020-11-08 00:00:00', null, CURRENT_TIMESTAMP(), CURRENT_TIMESTAMP());

INSERT INTO member_phone(member_phone_sk, member_phone_code, member_sk, phone_type_code, phone_number, start_date, end_date, created_date, updated_date) VALUES ('bb2b8f4d-2389-48d3-b86e-f1e32bc1d8b6','UQV29XT8JJ4R0NM', '0b21b364-b21c-4d06-914a-13089e063424','MOBILE', '973-456-7835', '2020-11-08 00:00:00', null, CURRENT_TIMESTAMP(), CURRENT_TIMESTAMP());

INSERT INTO member_email(member_email_sk, member_email_code, member_sk, email_type_code, email, is_primary, start_date, end_date, created_date, updated_date) VALUES ('45ad19b4-16c6-4399-9a16-cba62e439bee', '8QWGL8HHTV0UH2T', '0b21b364-b21c-4d06-914a-13089e063424', 'PERSONAL', 'christydoe@gmail.com', true, '2020-11-08 00:00:00', null, CURRENT_TIMESTAMP(), CURRENT_TIMESTAMP());
INSERT INTO member_email(member_email_sk, member_email_code, member_sk, email_type_code, email, is_primary, start_date, end_date, created_date, updated_date) VALUES ('7e4403ad-9a61-4c3c-adf7-2085cd39841d', '7F98OCB9NTMZZM4', '0b21b364-b21c-4d06-914a-13089e063424', 'WORK', 'christy.doe@wellcare.com', false, '2020-11-08 00:00:00', null, CURRENT_TIMESTAMP(), CURRENT_TIMESTAMP());

INSERT INTO member_language(member_language_sk, member_language_code, member_sk, language_type_code, language_code, start_date, end_date, created_date, updated_date) VALUES ('bea69ee6-a66d-40c3-a033-accd0efd1d11', 'IQ70021O4D0RIP4', '0b21b364-b21c-4d06-914a-13089e063424', 'SPOKEN', 'ENG', '2020-11-08 00:00:00', null, CURRENT_TIMESTAMP(), CURRENT_TIMESTAMP());
INSERT INTO member_language(member_language_sk, member_language_code, member_sk, language_type_code, language_code, start_date, end_date, created_date, updated_date) VALUES ('67161d0d-b79a-4c86-95c8-ef29af87bbad', 'EYNUYX84JCPRJYE', '0b21b364-b21c-4d06-914a-13089e063424', 'WRITTEN', 'SPA', '2020-11-08 00:00:00', null, CURRENT_TIMESTAMP(), CURRENT_TIMESTAMP());

INSERT INTO member_identifier(member_identifier_sk, member_identifier_code, member_sk, identifier_type_code, identifier_value, is_active, created_date, updated_date) VALUES ('c3d1f17b-90e8-4547-8052-542be9d661d6', 'R2MM8Z6LNP4ROHF', '0b21b364-b21c-4d06-914a-13089e063424', 'SSN', '845-85-6457', true, CURRENT_TIMESTAMP(), CURRENT_TIMESTAMP());

/** Enrollment and Premium spans associated with Doe family account **/
INSERT INTO enrollment_span(enrlmnt_span_sk, enrollment_span_code, account_sk, state_type_code, marketplace_type_code, business_unit_type_code, coverage_type_code, start_date, end_date, exchange_subscriber_id, plan_id, group_policy_id, product_type_code, effectuation_date, status_type_code, ztcn, delinq_ind, created_date, updated_date) VALUES ('db427035-8db3-40ca-8843-d9b5db7a7b45', 'KHEBBHBIZIFZWBK', '66097166-c971-4d99-83b1-0086b8ec6f4e', 'MA', 'FFM', 'MP_MA', 'FAM', '2021-01-01 00:00:00', '2021-12-31 00:00:00', '53456345', '74567MA9523646', '47457757','HMO','2021-05-01 00:00:00','ENROLLED','4HSM54WFZKETCFS', false, CURRENT_TIMESTAMP(),CURRENT_TIMESTAMP());
INSERT INTO enrollment_span(enrlmnt_span_sk, enrollment_span_code, account_sk, state_type_code, marketplace_type_code, business_unit_type_code, coverage_type_code, start_date, end_date, exchange_subscriber_id, plan_id, group_policy_id, product_type_code, effectuation_date, status_type_code, ztcn, delinq_ind, created_date, updated_date) VALUES ('5d28dbe4-8c14-484f-9a2a-90c1d88c49b6', 'A31V1DTQB6CXFEQ', '66097166-c971-4d99-83b1-0086b8ec6f4e', 'MA', 'FFM', 'MP_MA', 'FAM', '2022-01-01 00:00:00', '2022-12-31 00:00:00', '53456345', '74567MA6346634', '74567744','HMO','2022-05-01 00:00:00','ENROLLED','3WO51CQC965V574', false, CURRENT_TIMESTAMP(),CURRENT_TIMESTAMP());

INSERT INTO premium_span(premium_span_sk, premium_span_code, ztcn, enrollment_span_sk, start_date, end_date, status_type_code, csr_variant, total_prem_amt, total_resp_amt, aptc_amt, other_pay_amt, csr_amt, created_Date, updated_date) VALUES ('75d161c4-8bed-4bfd-a67e-65c613cfc4d7', '3SKS1M2QI5AA7GV', '4HSM54WFZKETCFS', 'db427035-8db3-40ca-8843-d9b5db7a7b45', '2021-01-01 00:00:00', '2021-04-30 00:00:00', 'ACTIVE', '03', 350, 250, 100, 0, 10, CURRENT_TIMESTAMP(),CURRENT_TIMESTAMP());
INSERT INTO premium_span(premium_span_sk, premium_span_code, ztcn, enrollment_span_sk, start_date, end_date, status_type_code, csr_variant, total_prem_amt, total_resp_amt, aptc_amt, other_pay_amt, csr_amt, created_Date, updated_date) VALUES ('d575815a-f873-4b40-95e1-62bdf96d0e0f', 'FW2WTMWR733EZ2W', 'PBYFQ99L63V2VWI', 'db427035-8db3-40ca-8843-d9b5db7a7b45', '2021-05-01 00:00:00', '2021-07-31 00:00:00', 'ACTIVE', '03', 350, 225, 125, 0, 20, CURRENT_TIMESTAMP(),CURRENT_TIMESTAMP());
INSERT INTO premium_span(premium_span_sk, premium_span_code, ztcn, enrollment_span_sk, start_date, end_date, status_type_code, csr_variant, total_prem_amt, total_resp_amt, aptc_amt, other_pay_amt, csr_amt, created_Date, updated_date) VALUES ('a0f609d1-3c68-48dc-afed-7ce98ef67c8c', 'QTU1UOVAVVY0VFY', 'J3152B0N17FQ1TO', 'db427035-8db3-40ca-8843-d9b5db7a7b45', '2021-08-01 00:00:00', '2021-12-31 00:00:00', 'ACTIVE', '03', 350, 275, 75, 0, 30, CURRENT_TIMESTAMP(),CURRENT_TIMESTAMP());
INSERT INTO premium_span(premium_span_sk, premium_span_code, ztcn, enrollment_span_sk, start_date, end_date, status_type_code, csr_variant, total_prem_amt, total_resp_amt, aptc_amt, other_pay_amt, csr_amt, created_Date, updated_date) VALUES ('f591721f-5274-4f00-a7fa-eec760708dcd', '9MZLHX7MCQKAYBY', '4HSM54WFZKETCFS', '5d28dbe4-8c14-484f-9a2a-90c1d88c49b6', '2022-01-01 00:00:00', '2022-06-30 00:00:00', 'ACTIVE', '03', 400, 250, 150, 0, 10, CURRENT_TIMESTAMP(),CURRENT_TIMESTAMP());
INSERT INTO premium_span(premium_span_sk, premium_span_code, ztcn, enrollment_span_sk, start_date, end_date, status_type_code, csr_variant, total_prem_amt, total_resp_amt, aptc_amt, other_pay_amt, csr_amt, created_Date, updated_date) VALUES ('29cab3e7-b919-4e76-9427-1abed999d214', '5K66CDQH3WGZW82', 'VCKSWETIS0F56R3', '5d28dbe4-8c14-484f-9a2a-90c1d88c49b6', '2022-07-01 00:00:00', '2022-12-31 00:00:00', 'ACTIVE', '03', 400, 300, 100, 0, 20, CURRENT_TIMESTAMP(),CURRENT_TIMESTAMP());

INSERT INTO member_premiums(member_premium_sk, premium_span_sk, member_sk, exchange_member_id, individual_premium_amount, created_date, updated_date) VALUES ('da8c9a66-4c12-4ad5-9edd-76db68c07b32', '75d161c4-8bed-4bfd-a67e-65c613cfc4d7', '8de41197-dfb3-4f1a-93ed-2fb034b8ce87', '5345634501', 200, CURRENT_TIMESTAMP(), CURRENT_TIMESTAMP());
INSERT INTO member_premiums(member_premium_sk, premium_span_sk, member_sk, exchange_member_id, individual_premium_amount, created_date, updated_date) VALUES ('927c0a2d-f0fc-4b1f-8f41-b5848d1558f2', '75d161c4-8bed-4bfd-a67e-65c613cfc4d7', '02fe5093-5581-4e6d-8bfe-48055add707c', '5345634502', 100, CURRENT_TIMESTAMP(), CURRENT_TIMESTAMP());
INSERT INTO member_premiums(member_premium_sk, premium_span_sk, member_sk, exchange_member_id, individual_premium_amount, created_date, updated_date) VALUES ('e405fdc5-6fbb-4865-8134-17c3d7658bb7', '75d161c4-8bed-4bfd-a67e-65c613cfc4d7', '0b21b364-b21c-4d06-914a-13089e063424', '5345634503', 50,CURRENT_TIMESTAMP(), CURRENT_TIMESTAMP());

INSERT INTO member_premiums(member_premium_sk, premium_span_sk, member_sk, exchange_member_id, individual_premium_amount, created_date, updated_date) VALUES ('c77687f7-00db-4c4f-9d95-723cd2de1e43', 'd575815a-f873-4b40-95e1-62bdf96d0e0f', '8de41197-dfb3-4f1a-93ed-2fb034b8ce87', '5345634501', 200, CURRENT_TIMESTAMP(), CURRENT_TIMESTAMP());
INSERT INTO member_premiums(member_premium_sk, premium_span_sk, member_sk, exchange_member_id, individual_premium_amount, created_date, updated_date) VALUES ('9c6570cc-5723-47cc-bdb7-1f6c4348a263', 'd575815a-f873-4b40-95e1-62bdf96d0e0f', '02fe5093-5581-4e6d-8bfe-48055add707c', '5345634502', 100, CURRENT_TIMESTAMP(), CURRENT_TIMESTAMP());
INSERT INTO member_premiums(member_premium_sk, premium_span_sk, member_sk, exchange_member_id, individual_premium_amount, created_date, updated_date) VALUES ('90319a0f-b1e8-441f-badf-29da29dc6585', 'd575815a-f873-4b40-95e1-62bdf96d0e0f', '0b21b364-b21c-4d06-914a-13089e063424', '5345634503', 50,CURRENT_TIMESTAMP(), CURRENT_TIMESTAMP());

INSERT INTO member_premiums(member_premium_sk, premium_span_sk, member_sk, exchange_member_id, individual_premium_amount, created_date, updated_date) VALUES ('0dd25209-6f3b-4286-8dc7-5779e6a62581', 'a0f609d1-3c68-48dc-afed-7ce98ef67c8c', '8de41197-dfb3-4f1a-93ed-2fb034b8ce87', '5345634501', 200, CURRENT_TIMESTAMP(), CURRENT_TIMESTAMP());
INSERT INTO member_premiums(member_premium_sk, premium_span_sk, member_sk, exchange_member_id, individual_premium_amount, created_date, updated_date) VALUES ('d06d7ce8-0555-4a0b-84d2-666af4b8cc0d', 'a0f609d1-3c68-48dc-afed-7ce98ef67c8c', '02fe5093-5581-4e6d-8bfe-48055add707c', '5345634502', 100, CURRENT_TIMESTAMP(), CURRENT_TIMESTAMP());
INSERT INTO member_premiums(member_premium_sk, premium_span_sk, member_sk, exchange_member_id, individual_premium_amount, created_date, updated_date) VALUES ('e2281bca-aee6-4b6f-8213-f770e2e15b24', 'a0f609d1-3c68-48dc-afed-7ce98ef67c8c', '0b21b364-b21c-4d06-914a-13089e063424', '5345634503', 50,CURRENT_TIMESTAMP(), CURRENT_TIMESTAMP());

INSERT INTO member_premiums(member_premium_sk, premium_span_sk, member_sk, exchange_member_id, individual_premium_amount, created_date, updated_date) VALUES ('adfe37e4-74b4-42dc-a885-1c636333a5ca', 'f591721f-5274-4f00-a7fa-eec760708dcd', '8de41197-dfb3-4f1a-93ed-2fb034b8ce87', '5345634501', 200, CURRENT_TIMESTAMP(), CURRENT_TIMESTAMP());
INSERT INTO member_premiums(member_premium_sk, premium_span_sk, member_sk, exchange_member_id, individual_premium_amount, created_date, updated_date) VALUES ('71b3eb05-d2c9-4c2b-9035-e5bcd659c982', 'f591721f-5274-4f00-a7fa-eec760708dcd', '02fe5093-5581-4e6d-8bfe-48055add707c', '5345634502', 100, CURRENT_TIMESTAMP(), CURRENT_TIMESTAMP());
INSERT INTO member_premiums(member_premium_sk, premium_span_sk, member_sk, exchange_member_id, individual_premium_amount, created_date, updated_date) VALUES ('424e9579-26eb-4ede-9267-d158d206c02d', 'f591721f-5274-4f00-a7fa-eec760708dcd', '0b21b364-b21c-4d06-914a-13089e063424', '5345634503', 100,CURRENT_TIMESTAMP(), CURRENT_TIMESTAMP());

INSERT INTO member_premiums(member_premium_sk, premium_span_sk, member_sk, exchange_member_id, individual_premium_amount, created_date, updated_date) VALUES ('273db9b7-ef42-46c2-900a-abd08dd88bb0', '29cab3e7-b919-4e76-9427-1abed999d214', '8de41197-dfb3-4f1a-93ed-2fb034b8ce87', '5345634501', 250, CURRENT_TIMESTAMP(), CURRENT_TIMESTAMP());
INSERT INTO member_premiums(member_premium_sk, premium_span_sk, member_sk, exchange_member_id, individual_premium_amount, created_date, updated_date) VALUES ('a62ade61-6f42-4766-b585-2d0d2b86618d', '29cab3e7-b919-4e76-9427-1abed999d214', '02fe5093-5581-4e6d-8bfe-48055add707c', '5345634502', 100, CURRENT_TIMESTAMP(), CURRENT_TIMESTAMP());
INSERT INTO member_premiums(member_premium_sk, premium_span_sk, member_sk, exchange_member_id, individual_premium_amount, created_date, updated_date) VALUES ('4e2bcf49-80c4-4aed-8602-f9288ad22193', '29cab3e7-b919-4e76-9427-1abed999d214', '0b21b364-b21c-4d06-914a-13089e063424', '5345634503', 100,CURRENT_TIMESTAMP(), CURRENT_TIMESTAMP());

/** Andre Russell Account details **/

/** Test Case Id: ZEUS-MMS-ACCT-Update-04 **/
/** Test Case Description: New Enrollment span created and multiple enrollment spans canceled **/

INSERT INTO account(account_sk, acct_number, line_of_business_type_code, created_date, updated_date) VALUES ('43ad5ec8-9cc4-41f4-b0ff-3289081465ec','3R3L5X29OJD0QB4','HIX',CURRENT_TIMESTAMP(), CURRENT_TIMESTAMP());

INSERT INTO member(member_sk, account_sk, member_code, first_name, middle_name, last_name, relationship_type_code, date_of_birth, gender_type_code, height, weight, created_date, updated_date) VALUES ('ae4ff9f6-67f3-42e7-b362-aaf5b58a96e0','43ad5ec8-9cc4-41f4-b0ff-3289081465ec','TFKPENQGJY61YWG','Andre', 'B', 'Russell','HOH','1989-03-26 00:00:00','MALE',6.3,215.6,CURRENT_TIMESTAMP(), CURRENT_TIMESTAMP());

INSERT INTO member_address(member_address_sk, member_address_code, member_sk, address_type_code, address_line_1, address_line_2, city, state_type_code, zip_code, start_date, end_date, created_date, updated_date) VALUES ('57a54b0e-c6b9-4cb5-87f4-b9a169a2d417', '2ZQMO1PHRQW7CWY', 'ae4ff9f6-67f3-42e7-b362-aaf5b58a96e0', 'RES', '124 Vandyke Road', null, 'Tampa', 'FL', '33457', '2021-12-15 00:00:00', null, CURRENT_TIMESTAMP(), CURRENT_TIMESTAMP());
INSERT INTO member_address(member_address_sk, member_address_code, member_sk, address_type_code, address_line_1, address_line_2, city, state_type_code, zip_code, start_date, end_date, created_date, updated_date) VALUES ('7c60f71f-df26-42b6-bc67-ea05a79817e0', 'Z7XD7KEJ1G1AJ4U', 'ae4ff9f6-67f3-42e7-b362-aaf5b58a96e0', 'MAIL', 'P.O Box 63463', null, 'Odessa', 'FL', '33556', '2021-12-15 00:00:00', null, CURRENT_TIMESTAMP(), CURRENT_TIMESTAMP());

INSERT INTO member_phone(member_phone_sk, member_phone_code, member_sk, phone_type_code, phone_number, start_date, end_date, created_date, updated_date) VALUES ('ad940221-4744-4890-9e34-395431276c36', '4HXKLEDRRGGPGJC', 'ae4ff9f6-67f3-42e7-b362-aaf5b58a96e0','MOBILE', '813-357-9158', '2021-12-15 00:00:00', null, CURRENT_TIMESTAMP(), CURRENT_TIMESTAMP());

INSERT INTO member_email(member_email_sk, member_email_code, member_sk, email_type_code, email, is_primary, start_date, end_date, created_date, updated_date) VALUES ('810eec5b-359d-40f3-818f-b1eaa0816a7e', '0WI3RVPBBZ35RTT', 'ae4ff9f6-67f3-42e7-b362-aaf5b58a96e0', 'PERSONAL', 'arussell326@gmail.com', true, '2021-12-15 00:00:00', null, CURRENT_TIMESTAMP(), CURRENT_TIMESTAMP());
INSERT INTO member_email(member_email_sk, member_email_code, member_sk, email_type_code, email, is_primary, start_date, end_date, created_date, updated_date) VALUES ('8a9b9bba-e5d1-4aed-91ae-d199224049a9', '8BEY70YVCJPBX2K', 'ae4ff9f6-67f3-42e7-b362-aaf5b58a96e0', 'WORK', 'andre.russell@wellcare.com', false, '2021-12-15 00:00:00', null, CURRENT_TIMESTAMP(), CURRENT_TIMESTAMP());

INSERT INTO member_language(member_language_sk, member_language_code, member_sk, language_type_code, language_code, start_date, end_date, created_date, updated_date) VALUES ('3d39c424-dbb1-48d4-9712-6d4a5d9afe29', 'CLDP3NW131TS9NZ', 'ae4ff9f6-67f3-42e7-b362-aaf5b58a96e0', 'SPOKEN', 'ENG', '2021-12-15 00:00:00', null, CURRENT_TIMESTAMP(), CURRENT_TIMESTAMP());
INSERT INTO member_language(member_language_sk, member_language_code, member_sk, language_type_code, language_code, start_date, end_date, created_date, updated_date) VALUES ('e1cef79a-8c09-4a25-b68e-1ed104bfad30', 'SIX3Q7WT1H1LEL5', 'ae4ff9f6-67f3-42e7-b362-aaf5b58a96e0', 'WRITTEN', 'SPA', '2021-12-15 00:00:00', null, CURRENT_TIMESTAMP(), CURRENT_TIMESTAMP());

INSERT INTO member_identifier(member_identifier_sk, member_identifier_code, member_sk, identifier_type_code, identifier_value, is_active, created_date, updated_date) VALUES ('4fba56bf-c73f-4d8d-b5ed-400c02868bb7', '3829T0FUCVJ400J', 'ae4ff9f6-67f3-42e7-b362-aaf5b58a96e0', 'SSN', '934-64-6236', true, CURRENT_TIMESTAMP(), CURRENT_TIMESTAMP());

INSERT INTO enrollment_span(enrlmnt_span_sk, enrollment_span_code, account_sk, state_type_code, marketplace_type_code, business_unit_type_code, coverage_type_code, start_date, end_date, exchange_subscriber_id, plan_id, group_policy_id, product_type_code, effectuation_date, status_type_code, ztcn, delinq_ind, created_date, updated_date) VALUES ('b8b4654b-474a-4c6c-a91f-0c0a727b2cd4', '78UQZOVCK67AAPY', '43ad5ec8-9cc4-41f4-b0ff-3289081465ec', 'FL', 'FFM', 'MP_FL', 'FAM', '2022-01-01 00:00:00', '2022-12-31 00:00:00','962852092','89355FL0234597', '63456345','HMO','2021-10-01 00:00:00','ENROLLED','WS34QILDDBEUG3W', false, CURRENT_TIMESTAMP(),CURRENT_TIMESTAMP());
INSERT INTO enrollment_span(enrlmnt_span_sk, enrollment_span_code, account_sk, state_type_code, marketplace_type_code, business_unit_type_code, coverage_type_code, start_date, end_date, exchange_subscriber_id, plan_id, group_policy_id, product_type_code, effectuation_date, status_type_code, ztcn, delinq_ind, created_date, updated_date) VALUES ('46c6e862-896f-4f29-877c-49472b5e5636', 'T41EE4DZ8Z2I7ML', '43ad5ec8-9cc4-41f4-b0ff-3289081465ec', 'FL', 'FFM', 'MP_FL', 'FAM', '2023-01-01 00:00:00', '2023-03-31 00:00:00','962852092','89355FL0234598', '52353535','HMO','2023-01-15 00:00:00','ENROLLED','6OVIKA7V2BSL1W1', false, CURRENT_TIMESTAMP(),CURRENT_TIMESTAMP());
INSERT INTO enrollment_span(enrlmnt_span_sk, enrollment_span_code, account_sk, state_type_code, marketplace_type_code, business_unit_type_code, coverage_type_code, start_date, end_date, exchange_subscriber_id, plan_id, group_policy_id, product_type_code, effectuation_date, status_type_code, ztcn, delinq_ind, created_date, updated_date) VALUES ('37f2d774-f4b1-4bd8-a766-94bc1c32e29c', 'SR8JQCTS45G3QBS', '43ad5ec8-9cc4-41f4-b0ff-3289081465ec', 'FL', 'FFM', 'MP_FL', 'FAM', '2023-04-01 00:00:00', '2023-07-31 00:00:00','962852092','89355FL0234599', '63456645','HMO','2023-02-21 00:00:00','ENROLLED','S4QSBKKN5PXY9O1', false, CURRENT_TIMESTAMP(),CURRENT_TIMESTAMP());
INSERT INTO enrollment_span(enrlmnt_span_sk, enrollment_span_code, account_sk, state_type_code, marketplace_type_code, business_unit_type_code, coverage_type_code, start_date, end_date, exchange_subscriber_id, plan_id, group_policy_id, product_type_code, effectuation_date, status_type_code, ztcn, delinq_ind, created_date, updated_date) VALUES ('f591c843-cc2a-4e4c-af7d-ce9204642369', 'Y8ZNZ0DPA3X69AO', '43ad5ec8-9cc4-41f4-b0ff-3289081465ec', 'FL', 'FFM', 'MP_FL', 'FAM', '2023-08-01 00:00:00', '2023-12-31 00:00:00','962852092','89355FL0234600', '33465345','HMO','2023-04-12 00:00:00','ENROLLED','2H0TMVV085KSBUP', false, CURRENT_TIMESTAMP(),CURRENT_TIMESTAMP());

INSERT INTO premium_span(premium_span_sk, premium_span_code, ztcn, enrollment_span_sk, start_date, end_date, status_type_code, csr_variant, total_prem_amt, total_resp_amt, aptc_amt, other_pay_amt, csr_amt, created_Date, updated_date) VALUES ('306309b0-a812-4a51-9683-a53a09650dd4', 'I9F87Q6CW42SMKK', 'WS34QILDDBEUG3W', 'b8b4654b-474a-4c6c-a91f-0c0a727b2cd4', '2022-01-01 00:00:00', '2022-06-30 00:00:00', 'ACTIVE', '03', 150, 150, 0, 0, 10, CURRENT_TIMESTAMP(),CURRENT_TIMESTAMP());
INSERT INTO premium_span(premium_span_sk, premium_span_code, ztcn, enrollment_span_sk, start_date, end_date, status_type_code, csr_variant, total_prem_amt, total_resp_amt, aptc_amt, other_pay_amt, csr_amt, created_Date, updated_date) VALUES ('ea843005-e936-45ca-8e22-970cfe577315', '2F9CBXH2L7J7H8X', 'CK09QEKXAJ0U6R1', 'b8b4654b-474a-4c6c-a91f-0c0a727b2cd4', '2022-07-01 00:00:00', '2022-12-31 00:00:00', 'ACTIVE', '03', 150, 150, 0, 0, 20, CURRENT_TIMESTAMP(),CURRENT_TIMESTAMP());
INSERT INTO premium_span(premium_span_sk, premium_span_code, ztcn, enrollment_span_sk, start_date, end_date, status_type_code, csr_variant, total_prem_amt, total_resp_amt, aptc_amt, other_pay_amt, csr_amt, created_Date, updated_date) VALUES ('d460c7c3-2829-4363-8dc4-2ccf65a46c18', 'EYN689DA5XCWSV8', '6OVIKA7V2BSL1W1', '46c6e862-896f-4f29-877c-49472b5e5636', '2023-01-01 00:00:00', '2023-01-31 00:00:00', 'ACTIVE', '03', 150, 150, 0, 0, 30, CURRENT_TIMESTAMP(),CURRENT_TIMESTAMP());
INSERT INTO premium_span(premium_span_sk, premium_span_code, ztcn, enrollment_span_sk, start_date, end_date, status_type_code, csr_variant, total_prem_amt, total_resp_amt, aptc_amt, other_pay_amt, csr_amt, created_Date, updated_date) VALUES ('8e13d496-649c-4592-aae2-e5c8167c9162', 'U8HGS1068W54W9S', '6MIHTSCMSKMUXWM', '46c6e862-896f-4f29-877c-49472b5e5636', '2023-02-01 00:00:00', '2023-03-31 00:00:00', 'ACTIVE', '03', 150, 150, 0, 0, 40, CURRENT_TIMESTAMP(),CURRENT_TIMESTAMP());

INSERT INTO premium_span(premium_span_sk, premium_span_code, ztcn, enrollment_span_sk, start_date, end_date, status_type_code, csr_variant, total_prem_amt, total_resp_amt, aptc_amt, other_pay_amt, csr_amt, created_Date, updated_date) VALUES ('e5af787f-2ee2-408d-9f7a-24b264b31a5d', 'U8J8BIHI8G3FXA3', 'S4QSBKKN5PXY9O1', '37f2d774-f4b1-4bd8-a766-94bc1c32e29c', '2023-04-01 00:00:00', '2023-05-31 00:00:00', 'ACTIVE', '03', 150, 150, 0, 0, 50, CURRENT_TIMESTAMP(),CURRENT_TIMESTAMP());
INSERT INTO premium_span(premium_span_sk, premium_span_code, ztcn, enrollment_span_sk, start_date, end_date, status_type_code, csr_variant, total_prem_amt, total_resp_amt, aptc_amt, other_pay_amt, csr_amt, created_Date, updated_date) VALUES ('aa6bfc09-d031-4e28-80fd-65fd028c5b2c', 'S8BH9O2NA7VTDMU', 'AGHJ0JAN4VAJ10V', '37f2d774-f4b1-4bd8-a766-94bc1c32e29c', '2023-06-01 00:00:00', '2023-06-30 00:00:00', 'ACTIVE', '03', 150, 150, 0, 0, 60, CURRENT_TIMESTAMP(),CURRENT_TIMESTAMP());
INSERT INTO premium_span(premium_span_sk, premium_span_code, ztcn, enrollment_span_sk, start_date, end_date, status_type_code, csr_variant, total_prem_amt, total_resp_amt, aptc_amt, other_pay_amt, csr_amt, created_Date, updated_date) VALUES ('47573ea7-2f4a-45f3-a066-9d0124346a05', 'K5E7MBMD5D3E3NZ', 'YRN0HGWCBNA13JQ', '37f2d774-f4b1-4bd8-a766-94bc1c32e29c', '2023-07-01 00:00:00', '2023-07-31 00:00:00', 'ACTIVE', '03', 150, 150, 0, 0, 70, CURRENT_TIMESTAMP(),CURRENT_TIMESTAMP());

INSERT INTO premium_span(premium_span_sk, premium_span_code, ztcn, enrollment_span_sk, start_date, end_date, status_type_code, csr_variant, total_prem_amt, total_resp_amt, aptc_amt, other_pay_amt, csr_amt, created_Date, updated_date) VALUES ('76327529-309c-404a-9e4e-70113fdd5069', 'X3J9OA485O44W66', '2H0TMVV085KSBUP', 'f591c843-cc2a-4e4c-af7d-ce9204642369', '2023-08-01 00:00:00', '2023-12-31 00:00:00', 'ACTIVE', '03', 150, 150, 0, 0, 80, CURRENT_TIMESTAMP(),CURRENT_TIMESTAMP());

INSERT INTO member_premiums(member_premium_sk, premium_span_sk, member_sk, exchange_member_id, individual_premium_amount, created_date, updated_date) VALUES ('c38a9a39-97c6-4c49-aa9c-bd37e23cf643', '306309b0-a812-4a51-9683-a53a09650dd4', 'ae4ff9f6-67f3-42e7-b362-aaf5b58a96e0', '96285209201', 150, CURRENT_TIMESTAMP(), CURRENT_TIMESTAMP());
INSERT INTO member_premiums(member_premium_sk, premium_span_sk, member_sk, exchange_member_id, individual_premium_amount, created_date, updated_date) VALUES ('320f22ca-52a7-4647-9713-2ddaae68145a', 'ea843005-e936-45ca-8e22-970cfe577315', 'ae4ff9f6-67f3-42e7-b362-aaf5b58a96e0', '96285209201', 150,CURRENT_TIMESTAMP(), CURRENT_TIMESTAMP());
INSERT INTO member_premiums(member_premium_sk, premium_span_sk, member_sk, exchange_member_id, individual_premium_amount, created_date, updated_date) VALUES ('af7e5ab3-a56e-408f-8c0a-1aacc783e399', 'd460c7c3-2829-4363-8dc4-2ccf65a46c18', 'ae4ff9f6-67f3-42e7-b362-aaf5b58a96e0', '96285209201', 150,CURRENT_TIMESTAMP(), CURRENT_TIMESTAMP());
INSERT INTO member_premiums(member_premium_sk, premium_span_sk, member_sk, exchange_member_id, individual_premium_amount, created_date, updated_date) VALUES ('68696d39-0c67-467f-8697-9152b1f44a0c', '8e13d496-649c-4592-aae2-e5c8167c9162', 'ae4ff9f6-67f3-42e7-b362-aaf5b58a96e0', '96285209201', 150,CURRENT_TIMESTAMP(), CURRENT_TIMESTAMP());
INSERT INTO member_premiums(member_premium_sk, premium_span_sk, member_sk, exchange_member_id, individual_premium_amount, created_date, updated_date) VALUES ('c03c90f9-ea2b-4e6d-ba86-af584ef457d1', 'e5af787f-2ee2-408d-9f7a-24b264b31a5d', 'ae4ff9f6-67f3-42e7-b362-aaf5b58a96e0', '96285209201', 150,CURRENT_TIMESTAMP(), CURRENT_TIMESTAMP());
INSERT INTO member_premiums(member_premium_sk, premium_span_sk, member_sk, exchange_member_id, individual_premium_amount, created_date, updated_date) VALUES ('485d20d1-07e8-4577-b359-3629e435e2b4', 'aa6bfc09-d031-4e28-80fd-65fd028c5b2c', 'ae4ff9f6-67f3-42e7-b362-aaf5b58a96e0', '96285209201', 150,CURRENT_TIMESTAMP(), CURRENT_TIMESTAMP());
INSERT INTO member_premiums(member_premium_sk, premium_span_sk, member_sk, exchange_member_id, individual_premium_amount, created_date, updated_date) VALUES ('f17566cf-71bc-4acb-8319-f037380df7d2', '47573ea7-2f4a-45f3-a066-9d0124346a05', 'ae4ff9f6-67f3-42e7-b362-aaf5b58a96e0', '96285209201', 150,CURRENT_TIMESTAMP(), CURRENT_TIMESTAMP());
INSERT INTO member_premiums(member_premium_sk, premium_span_sk, member_sk, exchange_member_id, individual_premium_amount, created_date, updated_date) VALUES ('8136d2ec-0d7c-452b-8933-e72f2e84695d', '76327529-309c-404a-9e4e-70113fdd5069', 'ae4ff9f6-67f3-42e7-b362-aaf5b58a96e0', '96285209201', 150,CURRENT_TIMESTAMP(), CURRENT_TIMESTAMP());


/** Rashid Khan Account details **/

/** Test Case Id: ZEUS-MMS-ACCT-Update-05 **/
/** Test Case Description: New Enrollment span created, one enrollment span termed and multiple enrollment spans canceled **/

INSERT INTO account(account_sk, acct_number, line_of_business_type_code, created_date, updated_date) VALUES ('9267c989-124e-4c1f-a341-16de5abdd4d0','NB8156WMUW854QT','HIX',CURRENT_TIMESTAMP(), CURRENT_TIMESTAMP());

INSERT INTO member(member_sk, account_sk, member_code, first_name, middle_name, last_name, relationship_type_code, date_of_birth, gender_type_code, height, weight, created_date, updated_date) VALUES ('1c488ddb-aceb-47db-a9c4-a2998c5763ee','9267c989-124e-4c1f-a341-16de5abdd4d0','R540WZGCBYBQY25','Rashid', 'A', 'Khan','HOH','1991-06-23 00:00:00','MALE',5.3,175.4,CURRENT_TIMESTAMP(), CURRENT_TIMESTAMP());

INSERT INTO member_address(member_address_sk, member_address_code, member_sk, address_type_code, address_line_1, address_line_2, city, state_type_code, zip_code, start_date, end_date, created_date, updated_date) VALUES ('25a09238-4f46-402e-a4b3-d937d91dc32e', 'KO6LHE63A0LO7GI', '1c488ddb-aceb-47db-a9c4-a2998c5763ee', 'RES', '3423 Lake Jasmine Drive', null, 'Tampa', 'FL', '33626', '2021-12-15 00:00:00', null, CURRENT_TIMESTAMP(), CURRENT_TIMESTAMP());
INSERT INTO member_address(member_address_sk, member_address_code, member_sk, address_type_code, address_line_1, address_line_2, city, state_type_code, zip_code, start_date, end_date, created_date, updated_date) VALUES ('39cab811-950c-41c1-a402-f08f16049cba', 'HFN4938JB16HFWE', '1c488ddb-aceb-47db-a9c4-a2998c5763ee', 'MAIL', 'P.O Box 53355', null, 'Tampa', 'FL', '33626', '2021-12-15 00:00:00', null, CURRENT_TIMESTAMP(), CURRENT_TIMESTAMP());

INSERT INTO member_phone(member_phone_sk, member_phone_code, member_sk, phone_type_code, phone_number, start_date, end_date, created_date, updated_date) VALUES ('0489720e-6447-4dbc-97a2-2f23ab9016f0', 'NBR86QCLNXJ682M', '1c488ddb-aceb-47db-a9c4-a2998c5763ee','MOBILE', '813-357-9159', '2021-12-15 00:00:00', null, CURRENT_TIMESTAMP(), CURRENT_TIMESTAMP());

INSERT INTO member_email(member_email_sk, member_email_code, member_sk, email_type_code, email, is_primary, start_date, end_date, created_date, updated_date) VALUES ('00dffd1d-5649-4867-b376-933f6e91df01', 'DDO1E4YT2E2SEPG', '1c488ddb-aceb-47db-a9c4-a2998c5763ee', 'PERSONAL', 'rkhan623@gmail.com', true, '2021-12-15 00:00:00', null, CURRENT_TIMESTAMP(), CURRENT_TIMESTAMP());
INSERT INTO member_email(member_email_sk, member_email_code, member_sk, email_type_code, email, is_primary, start_date, end_date, created_date, updated_date) VALUES ('3d187f78-3c24-4931-ac82-b88b82d04d69', 'CWQQP549J5ZHJG0', '1c488ddb-aceb-47db-a9c4-a2998c5763ee', 'WORK', 'rashid.khan@wellcare.com', false, '2021-12-15 00:00:00', null, CURRENT_TIMESTAMP(), CURRENT_TIMESTAMP());

INSERT INTO member_language(member_language_sk, member_language_code, member_sk, language_type_code, language_code, start_date, end_date, created_date, updated_date) VALUES ('a22a8377-82b9-4331-822e-8d42c109fe7e', 'KWV8H09DFN72D50', '1c488ddb-aceb-47db-a9c4-a2998c5763ee', 'SPOKEN', 'ENG', '2021-12-15 00:00:00', null, CURRENT_TIMESTAMP(), CURRENT_TIMESTAMP());
INSERT INTO member_language(member_language_sk, member_language_code, member_sk, language_type_code, language_code, start_date, end_date, created_date, updated_date) VALUES ('c9f0527e-4f64-44d2-a701-3a81cf2d5c35', '9ETVHJUEF78IG4Z', '1c488ddb-aceb-47db-a9c4-a2998c5763ee', 'WRITTEN', 'SPA', '2021-12-15 00:00:00', null, CURRENT_TIMESTAMP(), CURRENT_TIMESTAMP());

INSERT INTO member_identifier(member_identifier_sk, member_identifier_code, member_sk, identifier_type_code, identifier_value, is_active, created_date, updated_date) VALUES ('5c027e65-5a05-4618-90c3-3647d8d649ea', '2HXVTLJOFK8UWJ9', '1c488ddb-aceb-47db-a9c4-a2998c5763ee', 'SSN', '734-63-6334', true, CURRENT_TIMESTAMP(), CURRENT_TIMESTAMP());

INSERT INTO enrollment_span(enrlmnt_span_sk, enrollment_span_code, account_sk, state_type_code, marketplace_type_code, business_unit_type_code, coverage_type_code, start_date, end_date, exchange_subscriber_id, plan_id, group_policy_id, product_type_code, effectuation_date, status_type_code, ztcn, delinq_ind, created_date, updated_date) VALUES ('9bda26a4-d597-4cfd-b32b-707719e3eccf', 'ZV1HNXLVAK5PMX5', '9267c989-124e-4c1f-a341-16de5abdd4d0', 'FL', 'FFM', 'MP_FL', 'FAM', '2022-01-01 00:00:00', '2022-12-31 00:00:00','682356456','89355FL0234597', '74356373','HMO','2021-10-01 00:00:00','ENROLLED','B9ID0C6ABL4IYQF', false, CURRENT_TIMESTAMP(),CURRENT_TIMESTAMP());
INSERT INTO enrollment_span(enrlmnt_span_sk, enrollment_span_code, account_sk, state_type_code, marketplace_type_code, business_unit_type_code, coverage_type_code, start_date, end_date, exchange_subscriber_id, plan_id, group_policy_id, product_type_code, effectuation_date, status_type_code, ztcn, delinq_ind, created_date, updated_date) VALUES ('33eacc97-717d-4dbb-89a5-2f6db1034cf2', 'M7IBRW6K02P4CQ4', '9267c989-124e-4c1f-a341-16de5abdd4d0', 'FL', 'FFM', 'MP_FL', 'FAM', '2023-01-01 00:00:00', '2023-03-31 00:00:00','682356456','89355FL0234598', '35735534','HMO','2023-01-15 00:00:00','ENROLLED','CQZBVFLEAPDY0MB', false, CURRENT_TIMESTAMP(),CURRENT_TIMESTAMP());
INSERT INTO enrollment_span(enrlmnt_span_sk, enrollment_span_code, account_sk, state_type_code, marketplace_type_code, business_unit_type_code, coverage_type_code, start_date, end_date, exchange_subscriber_id, plan_id, group_policy_id, product_type_code, effectuation_date, status_type_code, ztcn, delinq_ind, created_date, updated_date) VALUES ('832f54e3-0d9d-44bd-a6fe-57845da4f4f2', '8UZZM02FMBQU4IV', '9267c989-124e-4c1f-a341-16de5abdd4d0', 'FL', 'FFM', 'MP_FL', 'FAM', '2023-04-01 00:00:00', '2023-07-31 00:00:00','682356456','89355FL0234599', '73477846','HMO','2023-02-21 00:00:00','ENROLLED','HRFC2BMHIZIMDMG', false, CURRENT_TIMESTAMP(),CURRENT_TIMESTAMP());
INSERT INTO enrollment_span(enrlmnt_span_sk, enrollment_span_code, account_sk, state_type_code, marketplace_type_code, business_unit_type_code, coverage_type_code, start_date, end_date, exchange_subscriber_id, plan_id, group_policy_id, product_type_code, effectuation_date, status_type_code, ztcn, delinq_ind, created_date, updated_date) VALUES ('826cea31-c51d-4557-ae27-e0ba9b361148', 'AM1STQ87269CV6U', '9267c989-124e-4c1f-a341-16de5abdd4d0', 'FL', 'FFM', 'MP_FL', 'FAM', '2023-08-01 00:00:00', '2023-12-31 00:00:00','682356456','89355FL0234600', '84573856','HMO','2023-04-12 00:00:00','ENROLLED','V8CJPWXO7PD54LO', false, CURRENT_TIMESTAMP(),CURRENT_TIMESTAMP());

INSERT INTO premium_span(premium_span_sk, premium_span_code, ztcn, enrollment_span_sk, start_date, end_date, status_type_code, csr_variant, total_prem_amt, total_resp_amt, aptc_amt, other_pay_amt, csr_amt, created_Date, updated_date) VALUES ('6909705c-630b-458a-a795-d54fcaa5f48e', 'FY32T0I6XGI5DE5', 'B9ID0C6ABL4IYQF', '9bda26a4-d597-4cfd-b32b-707719e3eccf', '2022-01-01 00:00:00', '2022-06-30 00:00:00', 'ACTIVE', '03', 250, 250, 0, 0, 10, CURRENT_TIMESTAMP(),CURRENT_TIMESTAMP());
INSERT INTO premium_span(premium_span_sk, premium_span_code, ztcn, enrollment_span_sk, start_date, end_date, status_type_code, csr_variant, total_prem_amt, total_resp_amt, aptc_amt, other_pay_amt, csr_amt, created_Date, updated_date) VALUES ('00b9ecc7-794c-402f-a24b-3054aeca3ed7', '41RZYMQ9SR49DTD', 'ZUKZBC1C6FHBB8K', '9bda26a4-d597-4cfd-b32b-707719e3eccf', '2022-07-01 00:00:00', '2022-12-31 00:00:00', 'ACTIVE', '03', 250, 225, 25, 0, 20, CURRENT_TIMESTAMP(),CURRENT_TIMESTAMP());
INSERT INTO premium_span(premium_span_sk, premium_span_code, ztcn, enrollment_span_sk, start_date, end_date, status_type_code, csr_variant, total_prem_amt, total_resp_amt, aptc_amt, other_pay_amt, csr_amt, created_Date, updated_date) VALUES ('3d6e6757-9386-4853-a79d-965609cc5d65', '6UCXXGPOJ8LY7GM', 'CQZBVFLEAPDY0MB', '33eacc97-717d-4dbb-89a5-2f6db1034cf2', '2023-01-01 00:00:00', '2023-01-31 00:00:00', 'ACTIVE', '03', 250, 200, 50, 0, 30, CURRENT_TIMESTAMP(),CURRENT_TIMESTAMP());
INSERT INTO premium_span(premium_span_sk, premium_span_code, ztcn, enrollment_span_sk, start_date, end_date, status_type_code, csr_variant, total_prem_amt, total_resp_amt, aptc_amt, other_pay_amt, csr_amt, created_Date, updated_date) VALUES ('a61cb61b-5904-4ffd-8d6e-2f13b25bffc2', 'BRPPBTWJNSNZS0T', '5R7MG54M55YTZ1Z', '33eacc97-717d-4dbb-89a5-2f6db1034cf2', '2023-02-01 00:00:00', '2023-03-31 00:00:00', 'ACTIVE', '03', 250, 175, 75, 0, 40, CURRENT_TIMESTAMP(),CURRENT_TIMESTAMP());

INSERT INTO premium_span(premium_span_sk, premium_span_code, ztcn, enrollment_span_sk, start_date, end_date, status_type_code, csr_variant, total_prem_amt, total_resp_amt, aptc_amt, other_pay_amt, csr_amt, created_Date, updated_date) VALUES ('816b4130-aea1-40dd-b993-1da6a384d326', 'CRC2XPATMCIJB8E', 'HRFC2BMHIZIMDMG', '832f54e3-0d9d-44bd-a6fe-57845da4f4f2', '2023-04-01 00:00:00', '2023-05-31 00:00:00', 'ACTIVE', '03', 250, 150, 100, 0, 50, CURRENT_TIMESTAMP(),CURRENT_TIMESTAMP());
INSERT INTO premium_span(premium_span_sk, premium_span_code, ztcn, enrollment_span_sk, start_date, end_date, status_type_code, csr_variant, total_prem_amt, total_resp_amt, aptc_amt, other_pay_amt, csr_amt, created_Date, updated_date) VALUES ('ce2c0784-b8b4-4c0c-8bd1-9a56baae6f48', 'LI70SVAXISJIO9V', 'JSG4XEGMF14XOH8', '832f54e3-0d9d-44bd-a6fe-57845da4f4f2', '2023-06-01 00:00:00', '2023-06-30 00:00:00', 'ACTIVE', '03', 250, 125, 125, 0, 60, CURRENT_TIMESTAMP(),CURRENT_TIMESTAMP());
INSERT INTO premium_span(premium_span_sk, premium_span_code, ztcn, enrollment_span_sk, start_date, end_date, status_type_code, csr_variant, total_prem_amt, total_resp_amt, aptc_amt, other_pay_amt, csr_amt, created_Date, updated_date) VALUES ('23f97761-d563-46fc-a906-0075ab4b1324', '78MSCB1KNW0DIFX', 'ZD4WYK0P3D59Z51', '832f54e3-0d9d-44bd-a6fe-57845da4f4f2', '2023-07-01 00:00:00', '2023-07-31 00:00:00', 'ACTIVE', '03', 250, 100, 150, 0, 70, CURRENT_TIMESTAMP(),CURRENT_TIMESTAMP());

INSERT INTO premium_span(premium_span_sk, premium_span_code, ztcn, enrollment_span_sk, start_date, end_date, status_type_code, csr_variant, total_prem_amt, total_resp_amt, aptc_amt, other_pay_amt, csr_amt, created_Date, updated_date) VALUES ('5a49ba1f-58f5-48d3-b048-72fe1b30fe46', 'HD4IC9BLQWPQBPJ', 'V8CJPWXO7PD54LO', '826cea31-c51d-4557-ae27-e0ba9b361148', '2023-08-01 00:00:00', '2023-12-31 00:00:00', 'ACTIVE', '03', 250, 75, 175, 0, 80, CURRENT_TIMESTAMP(),CURRENT_TIMESTAMP());

INSERT INTO member_premiums(member_premium_sk, premium_span_sk, member_sk, exchange_member_id, individual_premium_amount, created_date, updated_date) VALUES ('c115c7f3-07b0-4300-8cc0-0be1701f9cdb', '6909705c-630b-458a-a795-d54fcaa5f48e', '1c488ddb-aceb-47db-a9c4-a2998c5763ee', '68235645601', 250, CURRENT_TIMESTAMP(), CURRENT_TIMESTAMP());
INSERT INTO member_premiums(member_premium_sk, premium_span_sk, member_sk, exchange_member_id, individual_premium_amount, created_date, updated_date) VALUES ('d2db6ab9-bc7d-4810-b8d3-22100cf2bcf3', '00b9ecc7-794c-402f-a24b-3054aeca3ed7', '1c488ddb-aceb-47db-a9c4-a2998c5763ee', '68235645601', 250,CURRENT_TIMESTAMP(), CURRENT_TIMESTAMP());
INSERT INTO member_premiums(member_premium_sk, premium_span_sk, member_sk, exchange_member_id, individual_premium_amount, created_date, updated_date) VALUES ('e6a73c1d-e36c-4540-a0cb-56302e6470bf', '3d6e6757-9386-4853-a79d-965609cc5d65', '1c488ddb-aceb-47db-a9c4-a2998c5763ee', '68235645601', 250,CURRENT_TIMESTAMP(), CURRENT_TIMESTAMP());
INSERT INTO member_premiums(member_premium_sk, premium_span_sk, member_sk, exchange_member_id, individual_premium_amount, created_date, updated_date) VALUES ('93cd9a46-998c-4e04-8a63-e849a401b1e0', 'a61cb61b-5904-4ffd-8d6e-2f13b25bffc2', '1c488ddb-aceb-47db-a9c4-a2998c5763ee', '68235645601', 250,CURRENT_TIMESTAMP(), CURRENT_TIMESTAMP());
INSERT INTO member_premiums(member_premium_sk, premium_span_sk, member_sk, exchange_member_id, individual_premium_amount, created_date, updated_date) VALUES ('dd9d8810-4e17-48cf-b1e0-9a921a3e3077', '816b4130-aea1-40dd-b993-1da6a384d326', '1c488ddb-aceb-47db-a9c4-a2998c5763ee', '68235645601', 250,CURRENT_TIMESTAMP(), CURRENT_TIMESTAMP());
INSERT INTO member_premiums(member_premium_sk, premium_span_sk, member_sk, exchange_member_id, individual_premium_amount, created_date, updated_date) VALUES ('b7f3ff1b-6c97-4b8f-b589-8654ab26b2c9', 'ce2c0784-b8b4-4c0c-8bd1-9a56baae6f48', '1c488ddb-aceb-47db-a9c4-a2998c5763ee', '68235645601', 250,CURRENT_TIMESTAMP(), CURRENT_TIMESTAMP());
INSERT INTO member_premiums(member_premium_sk, premium_span_sk, member_sk, exchange_member_id, individual_premium_amount, created_date, updated_date) VALUES ('36bbce72-a5b8-441e-bddd-e84accc1ad9f', '23f97761-d563-46fc-a906-0075ab4b1324', '1c488ddb-aceb-47db-a9c4-a2998c5763ee', '68235645601', 250,CURRENT_TIMESTAMP(), CURRENT_TIMESTAMP());
INSERT INTO member_premiums(member_premium_sk, premium_span_sk, member_sk, exchange_member_id, individual_premium_amount, created_date, updated_date) VALUES ('bced4b2b-c2d8-4ca5-bccc-278103fde7ee', '5a49ba1f-58f5-48d3-b048-72fe1b30fe46', '1c488ddb-aceb-47db-a9c4-a2998c5763ee', '68235645601', 250,CURRENT_TIMESTAMP(), CURRENT_TIMESTAMP());

/** Miller Family Account - Contains four members, Timothy, Sandra, Anna and Elsa **/

/** Test Case Id: ZEUS-MMS-ACCT-Update-06 **/
/** Test Case Description: More than one member in the family. New Enrollment span created and multiple enrollment spans canceled **/

INSERT INTO account(account_sk, acct_number, line_of_business_type_code, created_date, updated_date) VALUES ('7c820beb-c01e-4332-9abf-926d61674dad','ZHIW6SA5CFTSKT8','HIX',CURRENT_TIMESTAMP(), CURRENT_TIMESTAMP());

/** Timothy Miller Details **/
INSERT INTO member(member_sk, account_sk, member_code, first_name, middle_name, last_name, relationship_type_code, date_of_birth, gender_type_code, height, weight, created_date, updated_date) VALUES ('37d7b2a8-4dec-46bf-a6ce-298fdc4e5766','7c820beb-c01e-4332-9abf-926d61674dad','E67VLZIC7ECOOMD','Timothy', 'K', 'Miller','HOH', '1975-03-20 00:00:00','MALE',5.4,164.78,CURRENT_TIMESTAMP(), CURRENT_TIMESTAMP());

INSERT INTO member_address(member_address_sk, member_address_code, member_sk, address_type_code, address_line_1, address_line_2, city, state_type_code, zip_code, start_date, end_date, created_date, updated_date) VALUES ('b7d47dd7-bbfb-4835-b201-8fc2ff4a44c1', 'CQDLOWD86PE2TRR', '37d7b2a8-4dec-46bf-a6ce-298fdc4e5766', 'RES', '15673 Rangeland Blvd', null, 'Atlanta', 'GA', '53453', '2020-11-10 00:00:00', null, CURRENT_TIMESTAMP(), CURRENT_TIMESTAMP());
INSERT INTO member_address(member_address_sk, member_address_code, member_sk, address_type_code, address_line_1, address_line_2, city, state_type_code, zip_code, start_date, end_date, created_date, updated_date) VALUES ('a4c934e8-d643-479c-9ba7-2aa90e6afdb0', 'BGTKFKVNPCOWT4K', '37d7b2a8-4dec-46bf-a6ce-298fdc4e5766', 'MAIL', 'P.O Box 63456', null, 'Atlanta', 'GA', '53453', '2020-11-10 00:00:00', null, CURRENT_TIMESTAMP(), CURRENT_TIMESTAMP());

INSERT INTO member_phone(member_phone_sk, member_phone_code, member_sk, phone_type_code, phone_number, start_date, end_date, created_date, updated_date) VALUES ('64bd00bb-5ce5-4dc5-beb6-ba42152dc92e','17GKJ1TNXK8JOLR', '37d7b2a8-4dec-46bf-a6ce-298fdc4e5766','MOBILE', '567-345-7347', '2020-11-10 00:00:00', null, CURRENT_TIMESTAMP(), CURRENT_TIMESTAMP());

INSERT INTO member_email(member_email_sk, member_email_code, member_sk, email_type_code, email, is_primary, start_date, end_date, created_date, updated_date) VALUES ('81232747-e239-48e8-8b8c-a17afa1ea281', 'A18IKDILA36Q3VE', '37d7b2a8-4dec-46bf-a6ce-298fdc4e5766', 'PERSONAL', 'timmiller@gmail.com', true, '2020-11-10 00:00:00', null, CURRENT_TIMESTAMP(), CURRENT_TIMESTAMP());
INSERT INTO member_email(member_email_sk, member_email_code, member_sk, email_type_code, email, is_primary, start_date, end_date, created_date, updated_date) VALUES ('2370409e-8a29-4b34-a097-47aadbee18b2', 'I22839DN41KF0LO', '37d7b2a8-4dec-46bf-a6ce-298fdc4e5766', 'WORK', 'timothy.miller@wellcare.com', false, '2020-11-10 00:00:00', null, CURRENT_TIMESTAMP(), CURRENT_TIMESTAMP());

INSERT INTO member_language(member_language_sk, member_language_code, member_sk, language_type_code, language_code, start_date, end_date, created_date, updated_date) VALUES ('2f7761bd-d91a-4ec5-95a5-5c2eac7734fa', '5ZXY6CRKRZE3CYI', '37d7b2a8-4dec-46bf-a6ce-298fdc4e5766', 'SPOKEN', 'ENG', '2020-11-10 00:00:00', null, CURRENT_TIMESTAMP(), CURRENT_TIMESTAMP());
INSERT INTO member_language(member_language_sk, member_language_code, member_sk, language_type_code, language_code, start_date, end_date, created_date, updated_date) VALUES ('b592bb6f-8cb3-4581-9e3b-bcaa6dada50a', 'X4YIOOBKW9J65ZC', '37d7b2a8-4dec-46bf-a6ce-298fdc4e5766', 'WRITTEN', 'SPA', '2020-11-10 00:00:00', null, CURRENT_TIMESTAMP(), CURRENT_TIMESTAMP());

INSERT INTO member_identifier(member_identifier_sk, member_identifier_code, member_sk, identifier_type_code, identifier_value, is_active, created_date, updated_date) VALUES ('8280a701-8ef4-4187-87da-e71705835495', 'LRZ2YMHFCU9H7Y2', '37d7b2a8-4dec-46bf-a6ce-298fdc4e5766', 'SSN', '845-12-7347', true, CURRENT_TIMESTAMP(), CURRENT_TIMESTAMP());


/** Sandra Miller Details **/

INSERT INTO member(member_sk, account_sk, member_code, first_name, middle_name, last_name, relationship_type_code, date_of_birth, gender_type_code, height, weight, created_date, updated_date) VALUES ('14416c14-9c25-4bf3-bdb2-dcd73314a070','7c820beb-c01e-4332-9abf-926d61674dad','RGJ4IAGTP0YA2A3','Sandra', 'T', 'Miller', 'SPE', '1981-02-14 00:00:00','FEMALE',5.2,110.34,CURRENT_TIMESTAMP(), CURRENT_TIMESTAMP());

INSERT INTO member_address(member_address_sk, member_address_code, member_sk, address_type_code, address_line_1, address_line_2, city, state_type_code, zip_code, start_date, end_date, created_date, updated_date) VALUES ('db611cf6-364d-4c5e-a6cc-284849b25936', 'UHWHKU1TKVHXYW2', '14416c14-9c25-4bf3-bdb2-dcd73314a070', 'RES', '15673 Rangeland Blvd', null, 'Atlanta', 'GA', '53453', '2020-11-10 00:00:00', null, CURRENT_TIMESTAMP(), CURRENT_TIMESTAMP());
INSERT INTO member_address(member_address_sk, member_address_code, member_sk, address_type_code, address_line_1, address_line_2, city, state_type_code, zip_code, start_date, end_date, created_date, updated_date) VALUES ('05474828-b111-4e02-94c9-1a464c1f4a77', 'OG04E8LHD98HPSK', '14416c14-9c25-4bf3-bdb2-dcd73314a070', 'MAIL', 'P.O Box 63456', null, 'Atlanta', 'GA', '53453', '2020-11-10 00:00:00', null, CURRENT_TIMESTAMP(), CURRENT_TIMESTAMP());

INSERT INTO member_phone(member_phone_sk, member_phone_code, member_sk, phone_type_code, phone_number, start_date, end_date, created_date, updated_date) VALUES ('309510bb-544c-4a8e-9450-22edab6d9ecc','OG0MDMOQQVRIFVF', '14416c14-9c25-4bf3-bdb2-dcd73314a070','MOBILE', '567-236-8457', '2020-11-10 00:00:00', null, CURRENT_TIMESTAMP(), CURRENT_TIMESTAMP());

INSERT INTO member_email(member_email_sk, member_email_code, member_sk, email_type_code, email, is_primary, start_date, end_date, created_date, updated_date) VALUES ('2e4eeb0c-643e-4122-b1f8-ff3d28c3f58d', 'E72KYIQK1TAADMD', '14416c14-9c25-4bf3-bdb2-dcd73314a070', 'PERSONAL', 'sandramiller@gmail.com', true, '2020-11-10 00:00:00', null, CURRENT_TIMESTAMP(), CURRENT_TIMESTAMP());
INSERT INTO member_email(member_email_sk, member_email_code, member_sk, email_type_code, email, is_primary, start_date, end_date, created_date, updated_date) VALUES ('e56f3e79-76c6-4156-88f0-7fd19c227627', 'FFOXHJSKKYPTMAB', '14416c14-9c25-4bf3-bdb2-dcd73314a070', 'WORK', 'sandra.miller@wellcare.com', false, '2020-11-10 00:00:00', null, CURRENT_TIMESTAMP(), CURRENT_TIMESTAMP());

INSERT INTO member_language(member_language_sk, member_language_code, member_sk, language_type_code, language_code, start_date, end_date, created_date, updated_date) VALUES ('c860b486-4cde-42fd-bc30-e0462fb84bfa', 'TF3LK3KK82H9ZMQ', '14416c14-9c25-4bf3-bdb2-dcd73314a070', 'SPOKEN', 'ENG', '2020-11-10 00:00:00', null, CURRENT_TIMESTAMP(), CURRENT_TIMESTAMP());
INSERT INTO member_language(member_language_sk, member_language_code, member_sk, language_type_code, language_code, start_date, end_date, created_date, updated_date) VALUES ('f0f0acb5-9fd6-4673-baee-b5f31888bc03', 'ZUVP68GAQ8XH2TC', '14416c14-9c25-4bf3-bdb2-dcd73314a070', 'WRITTEN', 'SPA', '2020-11-10 00:00:00', null, CURRENT_TIMESTAMP(), CURRENT_TIMESTAMP());

INSERT INTO member_identifier(member_identifier_sk, member_identifier_code, member_sk, identifier_type_code, identifier_value, is_active, created_date, updated_date) VALUES ('67d4dcf4-fad6-42e2-8fac-c18c1da3c85a', 'RK6VWJ7WXGIEZO1', '14416c14-9c25-4bf3-bdb2-dcd73314a070', 'SSN', '034-23-7327', true, CURRENT_TIMESTAMP(), CURRENT_TIMESTAMP());


/** Anna Miller Details **/
INSERT INTO member(member_sk, account_sk, member_code, first_name, middle_name, last_name, relationship_type_code, date_of_birth, gender_type_code, height, weight, created_date, updated_date) VALUES ('4f63af0d-7e47-414a-bd73-e73bd87641d6','7c820beb-c01e-4332-9abf-926d61674dad','9BA4HYLCXLNDV13','Anna', 'A', 'Miller', 'CHD', '2000-06-15 00:00:00','FEMALE',5.2,104.94,CURRENT_TIMESTAMP(), CURRENT_TIMESTAMP());

INSERT INTO member_address(member_address_sk, member_address_code,  member_sk, address_type_code, address_line_1, address_line_2, city, state_type_code, zip_code, start_date, end_date, created_date, updated_date) VALUES ('2372cf9a-84f3-4b52-8d07-ad7d52c267e2', 'V376V4YXJ5Z9EG9', '4f63af0d-7e47-414a-bd73-e73bd87641d6', 'RES', '15673 Rangeland Blvd', null, 'Atlanta', 'GA', '53453', '2020-11-10 00:00:00', null, CURRENT_TIMESTAMP(), CURRENT_TIMESTAMP());
INSERT INTO member_address(member_address_sk, member_address_code, member_sk, address_type_code, address_line_1, address_line_2, city, state_type_code, zip_code, start_date, end_date, created_date, updated_date) VALUES ('e9cf911d-61d5-44a5-9962-aeb05a6bb9b4', 'WDHTOKT1KM7866Z', '4f63af0d-7e47-414a-bd73-e73bd87641d6', 'MAIL', 'P.O Box 63456', null, 'Atlanta', 'GA', '53453', '2020-11-10 00:00:00', null, CURRENT_TIMESTAMP(), CURRENT_TIMESTAMP());

INSERT INTO member_phone(member_phone_sk, member_phone_code, member_sk, phone_type_code, phone_number, start_date, end_date, created_date, updated_date) VALUES ('5cd6af86-bf51-4a78-92c4-833e3201f958', '1OV40UT2CGYTE9O', '4f63af0d-7e47-414a-bd73-e73bd87641d6','MOBILE', '577-246-8357', '2020-11-08 00:00:00', null, CURRENT_TIMESTAMP(), CURRENT_TIMESTAMP());

INSERT INTO member_email(member_email_sk, member_email_code, member_sk, email_type_code, email, is_primary, start_date, end_date, created_date, updated_date) VALUES ('f4859f53-3969-4594-a587-4f802be4f2ba', 'W5MZI1D5W1CE49Z', '4f63af0d-7e47-414a-bd73-e73bd87641d6', 'PERSONAL', 'annamiller@gmail.com', true, '2020-11-10 00:00:00', null, CURRENT_TIMESTAMP(), CURRENT_TIMESTAMP());
INSERT INTO member_email(member_email_sk, member_email_code, member_sk, email_type_code, email, is_primary, start_date, end_date, created_date, updated_date) VALUES ('0709ac77-9edc-455b-972e-e9e91823daaf', 'A9NH01H8RTKS95V', '4f63af0d-7e47-414a-bd73-e73bd87641d6', 'WORK', 'anna.miller@wellcare.com', false, '2020-11-10 00:00:00', null, CURRENT_TIMESTAMP(), CURRENT_TIMESTAMP());

INSERT INTO member_language(member_language_sk, member_language_code, member_sk, language_type_code, language_code, start_date, end_date, created_date, updated_date) VALUES ('98eb9644-4d79-4bc8-ae35-7628dda00a1b', '3YK7XX7H1SCZ3DD', '4f63af0d-7e47-414a-bd73-e73bd87641d6', 'SPOKEN', 'ENG', '2020-11-10 00:00:00', null, CURRENT_TIMESTAMP(), CURRENT_TIMESTAMP());
INSERT INTO member_language(member_language_sk, member_language_code, member_sk, language_type_code, language_code, start_date, end_date, created_date, updated_date) VALUES ('46088e1f-7fc4-491f-8221-b967466617cc', '3SNUZXGYQVLV5FU', '4f63af0d-7e47-414a-bd73-e73bd87641d6', 'WRITTEN', 'SPA', '2020-11-10 00:00:00', null, CURRENT_TIMESTAMP(), CURRENT_TIMESTAMP());

INSERT INTO member_identifier(member_identifier_sk, member_identifier_code, member_sk, identifier_type_code, identifier_value, is_active, created_date, updated_date) VALUES ('eadbf83e-584b-49d3-b34f-fba7bcb94da6', 'SN10GQTJ0GY2WDT', '4f63af0d-7e47-414a-bd73-e73bd87641d6', 'SSN', '734-24-7334', true, CURRENT_TIMESTAMP(), CURRENT_TIMESTAMP());

/** Elsa Miller Details **/
INSERT INTO member(member_sk, account_sk, member_code, first_name, middle_name, last_name, relationship_type_code, date_of_birth, gender_type_code, height, weight, created_date, updated_date) VALUES ('d44a7af9-f2c9-465d-abe0-03b645d9b331','7c820beb-c01e-4332-9abf-926d61674dad','12PF9HFVXFQ51BB','Elsa', 'I', 'Miller', 'CHD', '1998-07-12 00:00:00','FEMALE',5.4,111.76,CURRENT_TIMESTAMP(), CURRENT_TIMESTAMP());

INSERT INTO member_address(member_address_sk, member_address_code, member_sk, address_type_code, address_line_1, address_line_2, city, state_type_code, zip_code, start_date, end_date, created_date, updated_date) VALUES ('098a215c-ab00-4787-9f84-d8d03f1e16c1', 'I8QZFOYBBU516J4', 'd44a7af9-f2c9-465d-abe0-03b645d9b331', 'RES', '15673 Rangeland Blvd', null, 'Atlanta', 'GA', '53453', '2020-11-10 00:00:00', null, CURRENT_TIMESTAMP(), CURRENT_TIMESTAMP());
INSERT INTO member_address(member_address_sk, member_address_code, member_sk, address_type_code, address_line_1, address_line_2, city, state_type_code, zip_code, start_date, end_date, created_date, updated_date) VALUES ('405fdbb6-5a57-4daa-b548-29a3135d5874', 'AHK6YUG7S67N57D', 'd44a7af9-f2c9-465d-abe0-03b645d9b331', 'MAIL', 'P.O Box 63456', null, 'Atlanta', 'GA', '53453', '2020-11-10 00:00:00', null, CURRENT_TIMESTAMP(), CURRENT_TIMESTAMP());

INSERT INTO member_phone(member_phone_sk, member_phone_code, member_sk, phone_type_code, phone_number, start_date, end_date, created_date, updated_date) VALUES ('789ec38d-5c18-4674-82a7-707db55c9dc0', 'FHJ5TKQY4A45PRP', 'd44a7af9-f2c9-465d-abe0-03b645d9b331','MOBILE', '545-736-2463', '2020-11-08 00:00:00', null, CURRENT_TIMESTAMP(), CURRENT_TIMESTAMP());

INSERT INTO member_email(member_email_sk, member_email_code, member_sk, email_type_code, email, is_primary, start_date, end_date, created_date, updated_date) VALUES ('41a8ed9a-4c02-40df-bb2b-16705be48a06', '76EFEA5W772XU6W', 'd44a7af9-f2c9-465d-abe0-03b645d9b331', 'PERSONAL', 'elsamiller@gmail.com', true, '2020-11-10 00:00:00', null, CURRENT_TIMESTAMP(), CURRENT_TIMESTAMP());
INSERT INTO member_email(member_email_sk, member_email_code, member_sk, email_type_code, email, is_primary, start_date, end_date, created_date, updated_date) VALUES ('4ea5db4a-0c70-4c34-8d3b-f20f033c762f', 'I94U8FOE9HEAIC5', 'd44a7af9-f2c9-465d-abe0-03b645d9b331', 'WORK', 'elsa.miller@wellcare.com', false, '2020-11-10 00:00:00', null, CURRENT_TIMESTAMP(), CURRENT_TIMESTAMP());

INSERT INTO member_language(member_language_sk, member_language_code, member_sk, language_type_code, language_code, start_date, end_date, created_date, updated_date) VALUES ('a65f6a0b-9e98-4f66-91f0-6db86e4e6caf', 'F5KGXVZV137R8KJ', 'd44a7af9-f2c9-465d-abe0-03b645d9b331', 'SPOKEN', 'ENG', '2020-11-10 00:00:00', null, CURRENT_TIMESTAMP(), CURRENT_TIMESTAMP());
INSERT INTO member_language(member_language_sk, member_language_code, member_sk, language_type_code, language_code, start_date, end_date, created_date, updated_date) VALUES ('33da1a16-4b10-4a94-a329-5e6829fbb38a', 'SQCUNMEHCLUEUHP', 'd44a7af9-f2c9-465d-abe0-03b645d9b331', 'WRITTEN', 'SPA', '2020-11-10 00:00:00', null, CURRENT_TIMESTAMP(), CURRENT_TIMESTAMP());

INSERT INTO member_identifier(member_identifier_sk, member_identifier_code, member_sk, identifier_type_code, identifier_value, is_active, created_date, updated_date) VALUES ('4205f1bf-babd-426d-8921-d281f2dce28d', 'MNWZK43YM0Y7BG7', 'd44a7af9-f2c9-465d-abe0-03b645d9b331', 'SSN', '347-63-2737', true, CURRENT_TIMESTAMP(), CURRENT_TIMESTAMP());

/** Enrollment and Premium spans associated with the Miller account **/


INSERT INTO enrollment_span(enrlmnt_span_sk, enrollment_span_code, account_sk, state_type_code, marketplace_type_code, business_unit_type_code, coverage_type_code, start_date, end_date, exchange_subscriber_id, plan_id, group_policy_id, product_type_code, effectuation_date, status_type_code, ztcn, delinq_ind, created_date, updated_date) VALUES ('99ca8481-cb3b-4b8e-a802-94647310f082', 'FZPEQJ67EHHJ7BP', '7c820beb-c01e-4332-9abf-926d61674dad', 'GA', 'FFM', 'MP_GA', 'FAM', '2022-01-01 00:00:00', '2022-12-31 00:00:00', '26345734', '23562GA8923523', '36346346','HMO','2021-12-01 00:00:00','ENROLLED','ZLUD6R2Q3F0M42G', false, CURRENT_TIMESTAMP(),CURRENT_TIMESTAMP());
INSERT INTO enrollment_span(enrlmnt_span_sk, enrollment_span_code, account_sk, state_type_code, marketplace_type_code, business_unit_type_code, coverage_type_code, start_date, end_date, exchange_subscriber_id, plan_id, group_policy_id, product_type_code, effectuation_date, status_type_code, ztcn, delinq_ind, created_date, updated_date) VALUES ('d63b2860-7371-4ad7-939c-5cc5e0af2fe1', '6NLTEJ2883NDLJ7', '7c820beb-c01e-4332-9abf-926d61674dad', 'GA', 'FFM', 'MP_GA', 'FAM', '2023-01-01 00:00:00', '2023-07-31 00:00:00', '26345734', '23562GA6023564', '63235635','HMO','2023-05-01 00:00:00','ENROLLED','BM4KY8ROZIMWU43', false, CURRENT_TIMESTAMP(),CURRENT_TIMESTAMP());

INSERT INTO enrollment_span(enrlmnt_span_sk, enrollment_span_code, account_sk, state_type_code, marketplace_type_code, business_unit_type_code, coverage_type_code, start_date, end_date, exchange_subscriber_id, plan_id, group_policy_id, product_type_code, effectuation_date, status_type_code, ztcn, delinq_ind, created_date, updated_date) VALUES ('72eadf5d-1cb7-4d65-ac74-234a5be427b3', 'W61JB0CHTGHIHCS', '7c820beb-c01e-4332-9abf-926d61674dad', 'GA', 'FFM', 'MP_GA', 'FAM', '2023-08-01 00:00:00', '2023-09-30 00:00:00', '26345734', '23562GA6023564', '63235635','HMO','2023-06-01 00:00:00','ENROLLED','0ANV998W939QOF4', false, CURRENT_TIMESTAMP(),CURRENT_TIMESTAMP());
INSERT INTO enrollment_span(enrlmnt_span_sk, enrollment_span_code, account_sk, state_type_code, marketplace_type_code, business_unit_type_code, coverage_type_code, start_date, end_date, exchange_subscriber_id, plan_id, group_policy_id, product_type_code, effectuation_date, status_type_code, ztcn, delinq_ind, created_date, updated_date) VALUES ('4ad8f5a5-4de8-4cd8-a1e0-bbe651a2f067', 'MULHIZU1YJMNVZM', '7c820beb-c01e-4332-9abf-926d61674dad', 'GA', 'FFM', 'MP_GA', 'FAM', '2023-10-01 00:00:00', '2023-12-31 00:00:00', '26345734', '23562GA6023564', '63235635','HMO','2023-09-01 00:00:00','ENROLLED','7TEAU7SSWL45ZXV', false, CURRENT_TIMESTAMP(),CURRENT_TIMESTAMP());

INSERT INTO premium_span(premium_span_sk, premium_span_code, ztcn, enrollment_span_sk, start_date, end_date, status_type_code, csr_variant, total_prem_amt, total_resp_amt, aptc_amt, other_pay_amt, csr_amt, created_Date, updated_date) VALUES ('dad77e1e-bfb3-4367-940f-0201857bd69c', 'HEJB5XUAP7F9XNE', 'ZLUD6R2Q3F0M42G', '99ca8481-cb3b-4b8e-a802-94647310f082', '2022-01-01 00:00:00', '2021-02-28 00:00:00', 'ACTIVE', '03', 400, 300, 100, 0, 10, CURRENT_TIMESTAMP(),CURRENT_TIMESTAMP());
INSERT INTO premium_span(premium_span_sk, premium_span_code, ztcn, enrollment_span_sk, start_date, end_date, status_type_code, csr_variant, total_prem_amt, total_resp_amt, aptc_amt, other_pay_amt, csr_amt, created_Date, updated_date) VALUES ('59d17885-4a18-4ca2-b270-3bef4ed55f4f', '7NCPT9ZFIU5T2X6', 'YLT0EDSE9Z5XEI7', '99ca8481-cb3b-4b8e-a802-94647310f082', '2022-03-01 00:00:00', '2021-08-31 00:00:00', 'ACTIVE', '03', 400, 275, 125, 0, 20, CURRENT_TIMESTAMP(),CURRENT_TIMESTAMP());
INSERT INTO premium_span(premium_span_sk, premium_span_code, ztcn, enrollment_span_sk, start_date, end_date, status_type_code, csr_variant, total_prem_amt, total_resp_amt, aptc_amt, other_pay_amt, csr_amt, created_Date, updated_date) VALUES ('c3f9d414-b47b-4639-a34f-5b5e48e34973', '6ENOJEGDD3TMWLR', 'IG1MFNL7AGLMNR4', '99ca8481-cb3b-4b8e-a802-94647310f082', '2022-09-01 00:00:00', '2021-12-31 00:00:00', 'ACTIVE', '03', 400, 325, 75, 0, 30, CURRENT_TIMESTAMP(),CURRENT_TIMESTAMP());
INSERT INTO premium_span(premium_span_sk, premium_span_code, ztcn, enrollment_span_sk, start_date, end_date, status_type_code, csr_variant, total_prem_amt, total_resp_amt, aptc_amt, other_pay_amt, csr_amt, created_Date, updated_date) VALUES ('e2f0a63d-d74b-4642-a09e-9aeeb50d3843', 'FZMVI4RHM1QFBZY', 'BM4KY8ROZIMWU43', 'd63b2860-7371-4ad7-939c-5cc5e0af2fe1', '2023-01-01 00:00:00', '2023-01-31 00:00:00', 'ACTIVE', '03', 500, 300, 200, 0, 10, CURRENT_TIMESTAMP(),CURRENT_TIMESTAMP());
INSERT INTO premium_span(premium_span_sk, premium_span_code, ztcn, enrollment_span_sk, start_date, end_date, status_type_code, csr_variant, total_prem_amt, total_resp_amt, aptc_amt, other_pay_amt, csr_amt, created_Date, updated_date) VALUES ('40b2dc62-25e9-4981-bfde-ddf2a8380962', 'BJGBEG6SFTS57NS', '4VRP1D5WMEM5V75', 'd63b2860-7371-4ad7-939c-5cc5e0af2fe1', '2023-02-01 00:00:00', '2023-04-30 00:00:00', 'ACTIVE', '03', 500, 350, 150, 0, 20, CURRENT_TIMESTAMP(),CURRENT_TIMESTAMP());
INSERT INTO premium_span(premium_span_sk, premium_span_code, ztcn, enrollment_span_sk, start_date, end_date, status_type_code, csr_variant, total_prem_amt, total_resp_amt, aptc_amt, other_pay_amt, csr_amt, created_Date, updated_date) VALUES ('a41a0d91-a643-4101-b1e2-21c0b291a529', 'EJEMQXQ97PS3OY0', 'TUP2WP74OXM5TF2', 'd63b2860-7371-4ad7-939c-5cc5e0af2fe1', '2023-05-01 00:00:00', '2023-05-31 00:00:00', 'ACTIVE', '03', 500, 325, 175, 0, 20, CURRENT_TIMESTAMP(),CURRENT_TIMESTAMP());
INSERT INTO premium_span(premium_span_sk, premium_span_code, ztcn, enrollment_span_sk, start_date, end_date, status_type_code, csr_variant, total_prem_amt, total_resp_amt, aptc_amt, other_pay_amt, csr_amt, created_Date, updated_date) VALUES ('4fce1156-457b-4003-be25-99d00561523f', '4YVH77GZW6R602U', 'R3NJVJTVRE41K8N', 'd63b2860-7371-4ad7-939c-5cc5e0af2fe1', '2023-06-01 00:00:00', '2023-07-31 00:00:00', 'ACTIVE', '03', 500, 375, 125, 0, 20, CURRENT_TIMESTAMP(),CURRENT_TIMESTAMP());

INSERT INTO premium_span(premium_span_sk, premium_span_code, ztcn, enrollment_span_sk, start_date, end_date, status_type_code, csr_variant, total_prem_amt, total_resp_amt, aptc_amt, other_pay_amt, csr_amt, created_Date, updated_date) VALUES ('264785fe-0af8-472b-83fe-2c3777c2beb5', '9RGN2ZVKE91IHXP', '0ANV998W939QOF4', '72eadf5d-1cb7-4d65-ac74-234a5be427b3', '2022-08-01 00:00:00', '2022-09-30 00:00:00', 'ACTIVE', '03', 500, 325, 175, 0, 20, CURRENT_TIMESTAMP(),CURRENT_TIMESTAMP());
INSERT INTO premium_span(premium_span_sk, premium_span_code, ztcn, enrollment_span_sk, start_date, end_date, status_type_code, csr_variant, total_prem_amt, total_resp_amt, aptc_amt, other_pay_amt, csr_amt, created_Date, updated_date) VALUES ('42d44bf6-8613-43b0-a1a7-5d2810f913f0', 'TY6ZU8BORPPY5WT', '7TEAU7SSWL45ZXV', '4ad8f5a5-4de8-4cd8-a1e0-bbe651a2f067', '2022-10-01 00:00:00', '2022-12-31 00:00:00', 'ACTIVE', '03', 500, 375, 125, 0, 20, CURRENT_TIMESTAMP(),CURRENT_TIMESTAMP());

INSERT INTO member_premiums(member_premium_sk, premium_span_sk, member_sk, exchange_member_id, individual_premium_amount, created_date, updated_date) VALUES ('fed5ad64-a9f1-4df6-ba8d-fdb8e5726a27', 'dad77e1e-bfb3-4367-940f-0201857bd69c', '37d7b2a8-4dec-46bf-a6ce-298fdc4e5766', '2634573401', 200, CURRENT_TIMESTAMP(), CURRENT_TIMESTAMP());
INSERT INTO member_premiums(member_premium_sk, premium_span_sk, member_sk, exchange_member_id, individual_premium_amount, created_date, updated_date) VALUES ('c8180090-43a7-4c67-9beb-0c0aa36f1992', 'dad77e1e-bfb3-4367-940f-0201857bd69c', '14416c14-9c25-4bf3-bdb2-dcd73314a070', '2634573402', 100, CURRENT_TIMESTAMP(), CURRENT_TIMESTAMP());
INSERT INTO member_premiums(member_premium_sk, premium_span_sk, member_sk, exchange_member_id, individual_premium_amount, created_date, updated_date) VALUES ('9ee3922e-e22a-4c2d-8b13-4efefe784083', 'dad77e1e-bfb3-4367-940f-0201857bd69c', '4f63af0d-7e47-414a-bd73-e73bd87641d6', '2634573403', 50,CURRENT_TIMESTAMP(), CURRENT_TIMESTAMP());
INSERT INTO member_premiums(member_premium_sk, premium_span_sk, member_sk, exchange_member_id, individual_premium_amount, created_date, updated_date) VALUES ('fa48c7b5-6b71-41c9-aea6-acd87a754104', 'dad77e1e-bfb3-4367-940f-0201857bd69c', 'd44a7af9-f2c9-465d-abe0-03b645d9b331', '2634573404', 50,CURRENT_TIMESTAMP(), CURRENT_TIMESTAMP());

INSERT INTO member_premiums(member_premium_sk, premium_span_sk, member_sk, exchange_member_id, individual_premium_amount, created_date, updated_date) VALUES ('bda250b2-2d41-4b73-b822-1baae6371d88', '59d17885-4a18-4ca2-b270-3bef4ed55f4f', '37d7b2a8-4dec-46bf-a6ce-298fdc4e5766', '2634573401', 200, CURRENT_TIMESTAMP(), CURRENT_TIMESTAMP());
INSERT INTO member_premiums(member_premium_sk, premium_span_sk, member_sk, exchange_member_id, individual_premium_amount, created_date, updated_date) VALUES ('ac53ac85-defe-438e-ae1b-e2939d813d61', '59d17885-4a18-4ca2-b270-3bef4ed55f4f', '14416c14-9c25-4bf3-bdb2-dcd73314a070', '2634573402', 100, CURRENT_TIMESTAMP(), CURRENT_TIMESTAMP());
INSERT INTO member_premiums(member_premium_sk, premium_span_sk, member_sk, exchange_member_id, individual_premium_amount, created_date, updated_date) VALUES ('04027eaa-8004-4ed6-83ba-fdf347fa1c18', '59d17885-4a18-4ca2-b270-3bef4ed55f4f', '4f63af0d-7e47-414a-bd73-e73bd87641d6', '2634573403', 50,CURRENT_TIMESTAMP(), CURRENT_TIMESTAMP());
INSERT INTO member_premiums(member_premium_sk, premium_span_sk, member_sk, exchange_member_id, individual_premium_amount, created_date, updated_date) VALUES ('243d7ddc-abde-4f62-81ab-b0d05646ffae', '59d17885-4a18-4ca2-b270-3bef4ed55f4f', 'd44a7af9-f2c9-465d-abe0-03b645d9b331', '2634573404', 50,CURRENT_TIMESTAMP(), CURRENT_TIMESTAMP());

INSERT INTO member_premiums(member_premium_sk, premium_span_sk, member_sk, exchange_member_id, individual_premium_amount, created_date, updated_date) VALUES ('1dbb133e-9068-4a72-9dcb-ab02eb3b6541', 'c3f9d414-b47b-4639-a34f-5b5e48e34973', '37d7b2a8-4dec-46bf-a6ce-298fdc4e5766', '2634573401', 200, CURRENT_TIMESTAMP(), CURRENT_TIMESTAMP());
INSERT INTO member_premiums(member_premium_sk, premium_span_sk, member_sk, exchange_member_id, individual_premium_amount, created_date, updated_date) VALUES ('9c1b49de-49a1-4f79-a959-81f5c803bd07', 'c3f9d414-b47b-4639-a34f-5b5e48e34973', '14416c14-9c25-4bf3-bdb2-dcd73314a070', '2634573402', 100, CURRENT_TIMESTAMP(), CURRENT_TIMESTAMP());
INSERT INTO member_premiums(member_premium_sk, premium_span_sk, member_sk, exchange_member_id, individual_premium_amount, created_date, updated_date) VALUES ('cd88f3a3-090d-4094-bd29-e143c0f5c096', 'c3f9d414-b47b-4639-a34f-5b5e48e34973', '4f63af0d-7e47-414a-bd73-e73bd87641d6', '2634573403', 50,CURRENT_TIMESTAMP(), CURRENT_TIMESTAMP());
INSERT INTO member_premiums(member_premium_sk, premium_span_sk, member_sk, exchange_member_id, individual_premium_amount, created_date, updated_date) VALUES ('84b2f15d-a546-4bae-aa95-7e47fd66fd1a', 'c3f9d414-b47b-4639-a34f-5b5e48e34973', 'd44a7af9-f2c9-465d-abe0-03b645d9b331', '2634573404', 50,CURRENT_TIMESTAMP(), CURRENT_TIMESTAMP());

INSERT INTO member_premiums(member_premium_sk, premium_span_sk, member_sk, exchange_member_id, individual_premium_amount, created_date, updated_date) VALUES ('692efe5a-52ba-4a04-9728-813f4d799422', 'e2f0a63d-d74b-4642-a09e-9aeeb50d3843', '37d7b2a8-4dec-46bf-a6ce-298fdc4e5766', '2634573401', 200, CURRENT_TIMESTAMP(), CURRENT_TIMESTAMP());
INSERT INTO member_premiums(member_premium_sk, premium_span_sk, member_sk, exchange_member_id, individual_premium_amount, created_date, updated_date) VALUES ('9370abc0-2421-4598-a13a-cdb366c9f84a', 'e2f0a63d-d74b-4642-a09e-9aeeb50d3843', '14416c14-9c25-4bf3-bdb2-dcd73314a070', '2634573402', 100, CURRENT_TIMESTAMP(), CURRENT_TIMESTAMP());
INSERT INTO member_premiums(member_premium_sk, premium_span_sk, member_sk, exchange_member_id, individual_premium_amount, created_date, updated_date) VALUES ('696787c8-edc5-456d-bd42-2ae3530ba7bd', 'e2f0a63d-d74b-4642-a09e-9aeeb50d3843', '4f63af0d-7e47-414a-bd73-e73bd87641d6', '2634573403', 100,CURRENT_TIMESTAMP(), CURRENT_TIMESTAMP());
INSERT INTO member_premiums(member_premium_sk, premium_span_sk, member_sk, exchange_member_id, individual_premium_amount, created_date, updated_date) VALUES ('9d184da9-f971-4e35-9d5f-195e85b88adc', 'e2f0a63d-d74b-4642-a09e-9aeeb50d3843', 'd44a7af9-f2c9-465d-abe0-03b645d9b331', '2634573404', 100,CURRENT_TIMESTAMP(), CURRENT_TIMESTAMP());

INSERT INTO member_premiums(member_premium_sk, premium_span_sk, member_sk, exchange_member_id, individual_premium_amount, created_date, updated_date) VALUES ('0a8558b4-c3ce-4366-bc76-39bad19c16cf', '40b2dc62-25e9-4981-bfde-ddf2a8380962', '37d7b2a8-4dec-46bf-a6ce-298fdc4e5766', '2634573401', 200, CURRENT_TIMESTAMP(), CURRENT_TIMESTAMP());
INSERT INTO member_premiums(member_premium_sk, premium_span_sk, member_sk, exchange_member_id, individual_premium_amount, created_date, updated_date) VALUES ('c3054552-5066-40b6-93b3-4b548381c519', '40b2dc62-25e9-4981-bfde-ddf2a8380962', '14416c14-9c25-4bf3-bdb2-dcd73314a070', '2634573402', 100, CURRENT_TIMESTAMP(), CURRENT_TIMESTAMP());
INSERT INTO member_premiums(member_premium_sk, premium_span_sk, member_sk, exchange_member_id, individual_premium_amount, created_date, updated_date) VALUES ('23b7e08b-dd48-41c2-9290-c1303c673a82', '40b2dc62-25e9-4981-bfde-ddf2a8380962', '4f63af0d-7e47-414a-bd73-e73bd87641d6', '2634573403', 100,CURRENT_TIMESTAMP(), CURRENT_TIMESTAMP());
INSERT INTO member_premiums(member_premium_sk, premium_span_sk, member_sk, exchange_member_id, individual_premium_amount, created_date, updated_date) VALUES ('c5d827f0-9e7a-42ca-ae99-88ab7094cc1f', '40b2dc62-25e9-4981-bfde-ddf2a8380962', 'd44a7af9-f2c9-465d-abe0-03b645d9b331', '2634573404', 100,CURRENT_TIMESTAMP(), CURRENT_TIMESTAMP());

INSERT INTO member_premiums(member_premium_sk, premium_span_sk, member_sk, exchange_member_id, individual_premium_amount, created_date, updated_date) VALUES ('46659d0e-576e-4913-b7e6-f2058f9ca7aa', 'a41a0d91-a643-4101-b1e2-21c0b291a529', '37d7b2a8-4dec-46bf-a6ce-298fdc4e5766', '2634573401', 200, CURRENT_TIMESTAMP(), CURRENT_TIMESTAMP());
INSERT INTO member_premiums(member_premium_sk, premium_span_sk, member_sk, exchange_member_id, individual_premium_amount, created_date, updated_date) VALUES ('fa0d39dd-4198-432e-83e6-f2f47f2a6233', 'a41a0d91-a643-4101-b1e2-21c0b291a529', '14416c14-9c25-4bf3-bdb2-dcd73314a070', '2634573402', 100, CURRENT_TIMESTAMP(), CURRENT_TIMESTAMP());
INSERT INTO member_premiums(member_premium_sk, premium_span_sk, member_sk, exchange_member_id, individual_premium_amount, created_date, updated_date) VALUES ('f9b1e634-8835-4dae-95d4-6ea8f957d244', 'a41a0d91-a643-4101-b1e2-21c0b291a529', '4f63af0d-7e47-414a-bd73-e73bd87641d6', '2634573403', 100,CURRENT_TIMESTAMP(), CURRENT_TIMESTAMP());
INSERT INTO member_premiums(member_premium_sk, premium_span_sk, member_sk, exchange_member_id, individual_premium_amount, created_date, updated_date) VALUES ('ffd68823-c131-4970-b59c-ae925a9a248d', 'a41a0d91-a643-4101-b1e2-21c0b291a529', 'd44a7af9-f2c9-465d-abe0-03b645d9b331', '2634573404', 100,CURRENT_TIMESTAMP(), CURRENT_TIMESTAMP());

INSERT INTO member_premiums(member_premium_sk, premium_span_sk, member_sk, exchange_member_id, individual_premium_amount, created_date, updated_date) VALUES ('688a90c4-e7aa-409f-8741-85fe36bc0045', '4fce1156-457b-4003-be25-99d00561523f', '37d7b2a8-4dec-46bf-a6ce-298fdc4e5766', '2634573401', 200, CURRENT_TIMESTAMP(), CURRENT_TIMESTAMP());
INSERT INTO member_premiums(member_premium_sk, premium_span_sk, member_sk, exchange_member_id, individual_premium_amount, created_date, updated_date) VALUES ('8ee71ef6-2fdd-4153-b3d5-e3ed3fbe04d1', '4fce1156-457b-4003-be25-99d00561523f', '14416c14-9c25-4bf3-bdb2-dcd73314a070', '2634573402', 100, CURRENT_TIMESTAMP(), CURRENT_TIMESTAMP());
INSERT INTO member_premiums(member_premium_sk, premium_span_sk, member_sk, exchange_member_id, individual_premium_amount, created_date, updated_date) VALUES ('a5c5689c-1c7b-4c8a-8571-3fbe44c191bf', '4fce1156-457b-4003-be25-99d00561523f', '4f63af0d-7e47-414a-bd73-e73bd87641d6', '2634573403', 100,CURRENT_TIMESTAMP(), CURRENT_TIMESTAMP());
INSERT INTO member_premiums(member_premium_sk, premium_span_sk, member_sk, exchange_member_id, individual_premium_amount, created_date, updated_date) VALUES ('9935dd9f-6256-4245-82f6-c08066fda042', '4fce1156-457b-4003-be25-99d00561523f', 'd44a7af9-f2c9-465d-abe0-03b645d9b331', '2634573404', 100,CURRENT_TIMESTAMP(), CURRENT_TIMESTAMP());

INSERT INTO member_premiums(member_premium_sk, premium_span_sk, member_sk, exchange_member_id, individual_premium_amount, created_date, updated_date) VALUES ('94c48a8f-ccd5-41d7-9c97-388efb801f60', '264785fe-0af8-472b-83fe-2c3777c2beb5', '37d7b2a8-4dec-46bf-a6ce-298fdc4e5766', '2634573401', 200, CURRENT_TIMESTAMP(), CURRENT_TIMESTAMP());
INSERT INTO member_premiums(member_premium_sk, premium_span_sk, member_sk, exchange_member_id, individual_premium_amount, created_date, updated_date) VALUES ('d4b26e06-456e-4291-ae6c-f88d370c3e55', '264785fe-0af8-472b-83fe-2c3777c2beb5', '14416c14-9c25-4bf3-bdb2-dcd73314a070', '2634573402', 100, CURRENT_TIMESTAMP(), CURRENT_TIMESTAMP());
INSERT INTO member_premiums(member_premium_sk, premium_span_sk, member_sk, exchange_member_id, individual_premium_amount, created_date, updated_date) VALUES ('4f167075-7362-4df9-b59f-4b0993cb28f3', '264785fe-0af8-472b-83fe-2c3777c2beb5', '4f63af0d-7e47-414a-bd73-e73bd87641d6', '2634573403', 100,CURRENT_TIMESTAMP(), CURRENT_TIMESTAMP());
INSERT INTO member_premiums(member_premium_sk, premium_span_sk, member_sk, exchange_member_id, individual_premium_amount, created_date, updated_date) VALUES ('5be6fad7-b576-4480-9d0a-cba10fe331f1', '264785fe-0af8-472b-83fe-2c3777c2beb5', 'd44a7af9-f2c9-465d-abe0-03b645d9b331', '2634573404', 100,CURRENT_TIMESTAMP(), CURRENT_TIMESTAMP());

INSERT INTO member_premiums(member_premium_sk, premium_span_sk, member_sk, exchange_member_id, individual_premium_amount, created_date, updated_date) VALUES ('f1db529c-455e-4542-8845-487718b4e0a7', '42d44bf6-8613-43b0-a1a7-5d2810f913f0', '37d7b2a8-4dec-46bf-a6ce-298fdc4e5766', '2634573401', 200, CURRENT_TIMESTAMP(), CURRENT_TIMESTAMP());
INSERT INTO member_premiums(member_premium_sk, premium_span_sk, member_sk, exchange_member_id, individual_premium_amount, created_date, updated_date) VALUES ('f87c78d6-20c3-4653-b6f0-b70f7bed99d7', '42d44bf6-8613-43b0-a1a7-5d2810f913f0', '14416c14-9c25-4bf3-bdb2-dcd73314a070', '2634573402', 100, CURRENT_TIMESTAMP(), CURRENT_TIMESTAMP());
INSERT INTO member_premiums(member_premium_sk, premium_span_sk, member_sk, exchange_member_id, individual_premium_amount, created_date, updated_date) VALUES ('0bbcac3b-ef8a-4c74-b675-5570c8cdc0fc', '42d44bf6-8613-43b0-a1a7-5d2810f913f0', '4f63af0d-7e47-414a-bd73-e73bd87641d6', '2634573403', 100,CURRENT_TIMESTAMP(), CURRENT_TIMESTAMP());
INSERT INTO member_premiums(member_premium_sk, premium_span_sk, member_sk, exchange_member_id, individual_premium_amount, created_date, updated_date) VALUES ('527b9fe8-c675-4c00-9b86-b8649f12a059', '42d44bf6-8613-43b0-a1a7-5d2810f913f0', 'd44a7af9-f2c9-465d-abe0-03b645d9b331', '2634573404', 100,CURRENT_TIMESTAMP(), CURRENT_TIMESTAMP());


/** Perry Family Account - Contains four members, Graham, Ashley, Elyse and Karen **/

/** Test Case Id: ZEUS-MMS-ACCT-Update-07 **/
/** Test Case Description: More than one member in the family. New Enrollment span created, one enrollment span termed and multiple enrollment spans canceled **/

INSERT INTO account(account_sk, acct_number, line_of_business_type_code, created_date, updated_date) VALUES ('c451ba68-3bf8-439c-a46c-25faaf2a9454','JXI7LIIMQT32TUT','HIX',CURRENT_TIMESTAMP(), CURRENT_TIMESTAMP());

/** Graham Perry Details **/
INSERT INTO member(member_sk, account_sk, member_code, first_name, middle_name, last_name, relationship_type_code, date_of_birth, gender_type_code, height, weight, created_date, updated_date) VALUES ('53a11d4d-a497-430c-b6cb-81eed088cf2b','c451ba68-3bf8-439c-a46c-25faaf2a9454','9PIX99B2W4QH9T6','Graham', 'T', 'Perry','HOH', '1963-04-10 00:00:00','MALE',5.9,150.87,CURRENT_TIMESTAMP(), CURRENT_TIMESTAMP());

INSERT INTO member_address(member_address_sk, member_address_code, member_sk, address_type_code, address_line_1, address_line_2, city, state_type_code, zip_code, start_date, end_date, created_date, updated_date) VALUES ('a1b2ee18-51c4-4f19-aeee-20ceb64f5ba3', 'M5796CL7K96ES2Q', '53a11d4d-a497-430c-b6cb-81eed088cf2b', 'RES', '5235 Heart Pine Ave', null, 'Odessa', 'FL', '33556', '2020-11-10 00:00:00', null, CURRENT_TIMESTAMP(), CURRENT_TIMESTAMP());
INSERT INTO member_address(member_address_sk, member_address_code, member_sk, address_type_code, address_line_1, address_line_2, city, state_type_code, zip_code, start_date, end_date, created_date, updated_date) VALUES ('e505a392-7707-4ca6-9b2d-a73ae822f23a', '3F9X7P4QVGI1A1H', '53a11d4d-a497-430c-b6cb-81eed088cf2b', 'MAIL', 'P.O Box 63464', null, 'Odessa', 'FL', '33556', '2020-11-10 00:00:00', null, CURRENT_TIMESTAMP(), CURRENT_TIMESTAMP());

INSERT INTO member_phone(member_phone_sk, member_phone_code, member_sk, phone_type_code, phone_number, start_date, end_date, created_date, updated_date) VALUES ('03bd1424-1326-46ae-8924-dd51a7bb9072','6NSNK0EQIIM3LTJ', '53a11d4d-a497-430c-b6cb-81eed088cf2b','MOBILE', '567-345-7348', '2020-11-10 00:00:00', null, CURRENT_TIMESTAMP(), CURRENT_TIMESTAMP());

INSERT INTO member_email(member_email_sk, member_email_code, member_sk, email_type_code, email, is_primary, start_date, end_date, created_date, updated_date) VALUES ('10072ba0-76d3-42fc-95f4-a58c71c855d8', 'FYJ1GC10EMERL5C', '53a11d4d-a497-430c-b6cb-81eed088cf2b', 'PERSONAL', 'gperry@gmail.com', true, '2020-11-10 00:00:00', null, CURRENT_TIMESTAMP(), CURRENT_TIMESTAMP());
INSERT INTO member_email(member_email_sk, member_email_code, member_sk, email_type_code, email, is_primary, start_date, end_date, created_date, updated_date) VALUES ('2203d33a-963d-4e8d-9350-653742a9c683', '635ZKNQK8GJRZJ3', '53a11d4d-a497-430c-b6cb-81eed088cf2b', 'WORK', 'graham.perry@wellcare.com', false, '2020-11-10 00:00:00', null, CURRENT_TIMESTAMP(), CURRENT_TIMESTAMP());

INSERT INTO member_language(member_language_sk, member_language_code, member_sk, language_type_code, language_code, start_date, end_date, created_date, updated_date) VALUES ('a54195a0-9964-43df-b120-1dfe595d2a26', '27EZFIM1P9LJ9GI', '53a11d4d-a497-430c-b6cb-81eed088cf2b', 'SPOKEN', 'ENG', '2020-11-10 00:00:00', null, CURRENT_TIMESTAMP(), CURRENT_TIMESTAMP());
INSERT INTO member_language(member_language_sk, member_language_code, member_sk, language_type_code, language_code, start_date, end_date, created_date, updated_date) VALUES ('eed1f34c-4eaf-4e1d-a4d1-f9315d8955ad', 'J9TJMZEJNAI2J9K', '53a11d4d-a497-430c-b6cb-81eed088cf2b', 'WRITTEN', 'SPA', '2020-11-10 00:00:00', null, CURRENT_TIMESTAMP(), CURRENT_TIMESTAMP());

INSERT INTO member_identifier(member_identifier_sk, member_identifier_code, member_sk, identifier_type_code, identifier_value, is_active, created_date, updated_date) VALUES ('8bd80002-f3b9-4665-9ef7-69e5eb945be9', 'ZT07GGMFT9JC7Q6', '53a11d4d-a497-430c-b6cb-81eed088cf2b', 'SSN', '934-52-6235', true, CURRENT_TIMESTAMP(), CURRENT_TIMESTAMP());


/** Ashley Perry Details **/

INSERT INTO member(member_sk, account_sk, member_code, first_name, middle_name, last_name, relationship_type_code, date_of_birth, gender_type_code, height, weight, created_date, updated_date) VALUES ('d3dcffcb-b894-47f9-b02d-b85b5f4a44c0','c451ba68-3bf8-439c-a46c-25faaf2a9454','BPY5SUQVMVCRRWF','Ashley', 'S', 'Perry', 'SPE', '1968-07-23 00:00:00','FEMALE',5.4,120.56,CURRENT_TIMESTAMP(), CURRENT_TIMESTAMP());

INSERT INTO member_address(member_address_sk, member_address_code, member_sk, address_type_code, address_line_1, address_line_2, city, state_type_code, zip_code, start_date, end_date, created_date, updated_date) VALUES ('241a01c0-3084-4096-923b-cec824751587', 'IN9SMZ593Y7TP6P', 'd3dcffcb-b894-47f9-b02d-b85b5f4a44c0', 'RES', '5235 Heart Pine Ave', null, 'Odessa', 'FL', '33556', '2020-11-10 00:00:00', null, CURRENT_TIMESTAMP(), CURRENT_TIMESTAMP());
INSERT INTO member_address(member_address_sk, member_address_code, member_sk, address_type_code, address_line_1, address_line_2, city, state_type_code, zip_code, start_date, end_date, created_date, updated_date) VALUES ('3ea8016e-afbf-4fb3-ae11-98acba1c3f7e', 'GPY1DO22ODTQDLU', 'd3dcffcb-b894-47f9-b02d-b85b5f4a44c0', 'MAIL', 'P.O Box 63464', null, 'Odessa', 'FL', '33556', '2020-11-10 00:00:00', null, CURRENT_TIMESTAMP(), CURRENT_TIMESTAMP());

INSERT INTO member_phone(member_phone_sk, member_phone_code, member_sk, phone_type_code, phone_number, start_date, end_date, created_date, updated_date) VALUES ('082cf4e3-7416-4853-9326-11275e72b720','M7Q2D8LX2R2WN5F', 'd3dcffcb-b894-47f9-b02d-b85b5f4a44c0','MOBILE', '567-236-8458', '2020-11-10 00:00:00', null, CURRENT_TIMESTAMP(), CURRENT_TIMESTAMP());

INSERT INTO member_email(member_email_sk, member_email_code, member_sk, email_type_code, email, is_primary, start_date, end_date, created_date, updated_date) VALUES ('c0e50ff6-5a31-4f1a-9553-95ceca52b360', '3T4TP02LGMH82V6', 'd3dcffcb-b894-47f9-b02d-b85b5f4a44c0', 'PERSONAL', 'ashleyperry@gmail.com', true, '2020-11-10 00:00:00', null, CURRENT_TIMESTAMP(), CURRENT_TIMESTAMP());
INSERT INTO member_email(member_email_sk, member_email_code, member_sk, email_type_code, email, is_primary, start_date, end_date, created_date, updated_date) VALUES ('b1d4261a-2c0a-4bc3-bcbb-e182acb4642b', 'VF22ADP3KTBDJRW', 'd3dcffcb-b894-47f9-b02d-b85b5f4a44c0', 'WORK', 'ashely.perry@wellcare.com', false, '2020-11-10 00:00:00', null, CURRENT_TIMESTAMP(), CURRENT_TIMESTAMP());

INSERT INTO member_language(member_language_sk, member_language_code, member_sk, language_type_code, language_code, start_date, end_date, created_date, updated_date) VALUES ('181ecf77-1f99-4831-ba0e-ce0a49b3ab66', '3K7QCMNG1SBV61T', 'd3dcffcb-b894-47f9-b02d-b85b5f4a44c0', 'SPOKEN', 'ENG', '2020-11-10 00:00:00', null, CURRENT_TIMESTAMP(), CURRENT_TIMESTAMP());
INSERT INTO member_language(member_language_sk, member_language_code, member_sk, language_type_code, language_code, start_date, end_date, created_date, updated_date) VALUES ('55d2a3d7-4548-448e-b1c4-318f01441701', 'ODGVBPBV1N66XM8', 'd3dcffcb-b894-47f9-b02d-b85b5f4a44c0', 'WRITTEN', 'SPA', '2020-11-10 00:00:00', null, CURRENT_TIMESTAMP(), CURRENT_TIMESTAMP());

INSERT INTO member_identifier(member_identifier_sk, member_identifier_code, member_sk, identifier_type_code, identifier_value, is_active, created_date, updated_date) VALUES ('1a1982c9-f99d-492f-81ee-3c72ebae69b2', 'S83WVXCAHC32LPU', 'd3dcffcb-b894-47f9-b02d-b85b5f4a44c0', 'SSN', '934-23-2345', true, CURRENT_TIMESTAMP(), CURRENT_TIMESTAMP());


/** Elyse Perry Details **/
INSERT INTO member(member_sk, account_sk, member_code, first_name, middle_name, last_name, relationship_type_code, date_of_birth, gender_type_code, height, weight, created_date, updated_date) VALUES ('42ccf868-3d7d-4194-a7b1-09f4f8a92b31','c451ba68-3bf8-439c-a46c-25faaf2a9454','BS09KXVY5WFGV5I','Elyse', 'A', 'Perry', 'CHD', '2000-06-15 00:00:00','FEMALE',5.1,105.43,CURRENT_TIMESTAMP(), CURRENT_TIMESTAMP());

INSERT INTO member_address(member_address_sk, member_address_code,  member_sk, address_type_code, address_line_1, address_line_2, city, state_type_code, zip_code, start_date, end_date, created_date, updated_date) VALUES ('ea1ecbb3-dd65-43af-bd83-ee69d15fe6e3', 'FAM4S2LWLB3ZNO2', '42ccf868-3d7d-4194-a7b1-09f4f8a92b31', 'RES', '5235 Heart Pine Ave', null, 'Odessa', 'FL', '33556', '2020-11-10 00:00:00', null, CURRENT_TIMESTAMP(), CURRENT_TIMESTAMP());
INSERT INTO member_address(member_address_sk, member_address_code, member_sk, address_type_code, address_line_1, address_line_2, city, state_type_code, zip_code, start_date, end_date, created_date, updated_date) VALUES ('4fd91fe4-aa51-4fd4-98dd-e789839c1316', '29736RII6HI0ELF', '42ccf868-3d7d-4194-a7b1-09f4f8a92b31', 'MAIL', 'P.O Box 63464', null, 'Odessa', 'FL', '33556', '2020-11-10 00:00:00', null, CURRENT_TIMESTAMP(), CURRENT_TIMESTAMP());

INSERT INTO member_phone(member_phone_sk, member_phone_code, member_sk, phone_type_code, phone_number, start_date, end_date, created_date, updated_date) VALUES ('f3f44e3e-3eea-4cf9-a5d0-d8011bbc0232', 'X7L6INJA0TS25EM', '42ccf868-3d7d-4194-a7b1-09f4f8a92b31','MOBILE', '577-246-8358', '2020-11-08 00:00:00', null, CURRENT_TIMESTAMP(), CURRENT_TIMESTAMP());

INSERT INTO member_email(member_email_sk, member_email_code, member_sk, email_type_code, email, is_primary, start_date, end_date, created_date, updated_date) VALUES ('23fd39cf-be42-44a0-a980-54a313fa2412', 'FTSUKQD3EYMFK15', '42ccf868-3d7d-4194-a7b1-09f4f8a92b31', 'PERSONAL', 'elyseperry@gmail.com', true, '2020-11-10 00:00:00', null, CURRENT_TIMESTAMP(), CURRENT_TIMESTAMP());
INSERT INTO member_email(member_email_sk, member_email_code, member_sk, email_type_code, email, is_primary, start_date, end_date, created_date, updated_date) VALUES ('b03dd533-37ff-41ba-bd92-f814405fbbd2', 'MFJ8UY4DSJY4Q0N', '42ccf868-3d7d-4194-a7b1-09f4f8a92b31', 'WORK', 'elyse.perry@wellcare.com', false, '2020-11-10 00:00:00', null, CURRENT_TIMESTAMP(), CURRENT_TIMESTAMP());

INSERT INTO member_language(member_language_sk, member_language_code, member_sk, language_type_code, language_code, start_date, end_date, created_date, updated_date) VALUES ('3cbbcc99-9c53-435c-9f35-bcc2cb67ab64', '1LAX03QUGS3WARH', '42ccf868-3d7d-4194-a7b1-09f4f8a92b31', 'SPOKEN', 'ENG', '2020-11-10 00:00:00', null, CURRENT_TIMESTAMP(), CURRENT_TIMESTAMP());
INSERT INTO member_language(member_language_sk, member_language_code, member_sk, language_type_code, language_code, start_date, end_date, created_date, updated_date) VALUES ('2f0a6354-a819-4f49-86de-0b3c2179b582', 'I777EO7EH6C74CV', '42ccf868-3d7d-4194-a7b1-09f4f8a92b31', 'WRITTEN', 'SPA', '2020-11-10 00:00:00', null, CURRENT_TIMESTAMP(), CURRENT_TIMESTAMP());

INSERT INTO member_identifier(member_identifier_sk, member_identifier_code, member_sk, identifier_type_code, identifier_value, is_active, created_date, updated_date) VALUES ('b27edd53-b82a-4f9a-8db5-fbdad73a679f', 'LB13WB4WUQ5B52U', '42ccf868-3d7d-4194-a7b1-09f4f8a92b31', 'SSN', '634-64-2356', true, CURRENT_TIMESTAMP(), CURRENT_TIMESTAMP());

/** Karen Perry Details **/
INSERT INTO member(member_sk, account_sk, member_code, first_name, middle_name, last_name, relationship_type_code, date_of_birth, gender_type_code, height, weight, created_date, updated_date) VALUES ('58752ecf-185b-4f08-9518-656f0269e878','c451ba68-3bf8-439c-a46c-25faaf2a9454','E2LK4BYBHI1AT2Y','Karen', 'E', 'Perry', 'CHD', '1998-07-12 00:00:00','FEMALE',5.4,111.76,CURRENT_TIMESTAMP(), CURRENT_TIMESTAMP());

INSERT INTO member_address(member_address_sk, member_address_code, member_sk, address_type_code, address_line_1, address_line_2, city, state_type_code, zip_code, start_date, end_date, created_date, updated_date) VALUES ('9250e3fb-98d8-4e1a-9a1e-8dc93923ee6a', 'JX0GSG3T5AT7FVA', '58752ecf-185b-4f08-9518-656f0269e878', 'RES', '5235 Heart Pine Ave', null, 'Odessa', 'FL', '33556', '2020-11-10 00:00:00', null, CURRENT_TIMESTAMP(), CURRENT_TIMESTAMP());
INSERT INTO member_address(member_address_sk, member_address_code, member_sk, address_type_code, address_line_1, address_line_2, city, state_type_code, zip_code, start_date, end_date, created_date, updated_date) VALUES ('9684e867-bfdb-42eb-ac0f-33f6892c4fad', 'MMNX2ZYEYVKMNQ7', '58752ecf-185b-4f08-9518-656f0269e878', 'MAIL', 'P.O Box 63464', null, 'Odessa', 'FL', '33556', '2020-11-10 00:00:00', null, CURRENT_TIMESTAMP(), CURRENT_TIMESTAMP());

INSERT INTO member_phone(member_phone_sk, member_phone_code, member_sk, phone_type_code, phone_number, start_date, end_date, created_date, updated_date) VALUES ('a6d674e8-2574-47c9-93de-4bea27b51aad', 'PJ4I2XCZZNK17VJ', '58752ecf-185b-4f08-9518-656f0269e878','MOBILE', '545-736-2464', '2020-11-08 00:00:00', null, CURRENT_TIMESTAMP(), CURRENT_TIMESTAMP());

INSERT INTO member_email(member_email_sk, member_email_code, member_sk, email_type_code, email, is_primary, start_date, end_date, created_date, updated_date) VALUES ('df1593bb-cc66-43c3-94f4-0cf193f8a073', 'FH8U8OSZYD2L1VH', '58752ecf-185b-4f08-9518-656f0269e878', 'PERSONAL', 'karenperry@gmail.com', true, '2020-11-10 00:00:00', null, CURRENT_TIMESTAMP(), CURRENT_TIMESTAMP());
INSERT INTO member_email(member_email_sk, member_email_code, member_sk, email_type_code, email, is_primary, start_date, end_date, created_date, updated_date) VALUES ('08d25b72-eba7-436b-b06a-0cf081803aa0', 'GSUMQ0A37K4SC3I', '58752ecf-185b-4f08-9518-656f0269e878', 'WORK', 'karen.perry@wellcare.com', false, '2020-11-10 00:00:00', null, CURRENT_TIMESTAMP(), CURRENT_TIMESTAMP());

INSERT INTO member_language(member_language_sk, member_language_code, member_sk, language_type_code, language_code, start_date, end_date, created_date, updated_date) VALUES ('505dafc0-604c-4311-8bcb-49ff3e6566bb', 'NAL045IW9JAX6RK', '58752ecf-185b-4f08-9518-656f0269e878', 'SPOKEN', 'ENG', '2020-11-10 00:00:00', null, CURRENT_TIMESTAMP(), CURRENT_TIMESTAMP());
INSERT INTO member_language(member_language_sk, member_language_code, member_sk, language_type_code, language_code, start_date, end_date, created_date, updated_date) VALUES ('5c06f13c-c1de-4f3d-8005-d14ad762f4c9', 'NJ9MZMFN7YN91JE', '58752ecf-185b-4f08-9518-656f0269e878', 'WRITTEN', 'SPA', '2020-11-10 00:00:00', null, CURRENT_TIMESTAMP(), CURRENT_TIMESTAMP());

INSERT INTO member_identifier(member_identifier_sk, member_identifier_code, member_sk, identifier_type_code, identifier_value, is_active, created_date, updated_date) VALUES ('bc5cf225-29d9-4d2a-8556-81506c28b7a5', 'ID4WV5QTXGRJUVB', '58752ecf-185b-4f08-9518-656f0269e878', 'SSN', '523-44-6234', true, CURRENT_TIMESTAMP(), CURRENT_TIMESTAMP());


/** Enrollment and Premium spans associated with the Perry account **/


INSERT INTO enrollment_span(enrlmnt_span_sk, enrollment_span_code, account_sk, state_type_code, marketplace_type_code, business_unit_type_code, coverage_type_code, start_date, end_date, exchange_subscriber_id, plan_id, group_policy_id, product_type_code, effectuation_date, status_type_code, ztcn, delinq_ind, created_date, updated_date) VALUES ('67f650c8-f4bb-41bd-9dec-7a7059de4cde', 'ME2VPAJZ1RH9NF8', 'c451ba68-3bf8-439c-a46c-25faaf2a9454', 'FL', 'FFM', 'MP_FL', 'FAM', '2022-01-01 00:00:00', '2022-12-31 00:00:00', '52356466', '89355FL0234597', '36346346','HMO','2021-12-15 00:00:00','ENROLLED','BD36OSMPT45PASK', false, CURRENT_TIMESTAMP(),CURRENT_TIMESTAMP());
INSERT INTO enrollment_span(enrlmnt_span_sk, enrollment_span_code, account_sk, state_type_code, marketplace_type_code, business_unit_type_code, coverage_type_code, start_date, end_date, exchange_subscriber_id, plan_id, group_policy_id, product_type_code, effectuation_date, status_type_code, ztcn, delinq_ind, created_date, updated_date) VALUES ('71943ea0-e12f-40b6-bcb4-17bc06427c4b', 'C6OMUHSV9FNCR67', 'c451ba68-3bf8-439c-a46c-25faaf2a9454', 'FL', 'FFM', 'MP_FL', 'FAM', '2023-01-01 00:00:00', '2023-06-30 00:00:00', '52356466', '89355FL0234598', '63235635','HMO','2022-12-25 00:00:00','ENROLLED','MEI95AG749ANRLM', false, CURRENT_TIMESTAMP(),CURRENT_TIMESTAMP());

INSERT INTO enrollment_span(enrlmnt_span_sk, enrollment_span_code, account_sk, state_type_code, marketplace_type_code, business_unit_type_code, coverage_type_code, start_date, end_date, exchange_subscriber_id, plan_id, group_policy_id, product_type_code, effectuation_date, status_type_code, ztcn, delinq_ind, created_date, updated_date) VALUES ('740e6713-16f7-467b-bd51-6ea2223be731', 'U963DL575P58WRH', 'c451ba68-3bf8-439c-a46c-25faaf2a9454', 'FL', 'FFM', 'MP_FL', 'FAM', '2023-07-01 00:00:00', '2023-08-31 00:00:00', '52356466', '89355FL0234599', '73456575','HMO','2023-06-10 00:00:00','ENROLLED','HSU0ER8HAXP5YUP', false, CURRENT_TIMESTAMP(),CURRENT_TIMESTAMP());
INSERT INTO enrollment_span(enrlmnt_span_sk, enrollment_span_code, account_sk, state_type_code, marketplace_type_code, business_unit_type_code, coverage_type_code, start_date, end_date, exchange_subscriber_id, plan_id, group_policy_id, product_type_code, effectuation_date, status_type_code, ztcn, delinq_ind, created_date, updated_date) VALUES ('fafce075-eb32-4598-b4d9-094ad3c740c6', '68RIYMEO9RGTYJ9', 'c451ba68-3bf8-439c-a46c-25faaf2a9454', 'FL', 'FFM', 'MP_FL', 'FAM', '2023-09-01 00:00:00', '2023-12-31 00:00:00', '52356466', '89355FL0234600', '35757367','HMO','2023-08-13 00:00:00','ENROLLED','Q5A7WR38X0O0Q09', false, CURRENT_TIMESTAMP(),CURRENT_TIMESTAMP());

INSERT INTO premium_span(premium_span_sk, premium_span_code, ztcn, enrollment_span_sk, start_date, end_date, status_type_code, csr_variant, total_prem_amt, total_resp_amt, aptc_amt, other_pay_amt, csr_amt, created_Date, updated_date) VALUES ('d3c740d4-066a-4b33-9c22-3019c927df53', 'LJ4D6QCRM5QB6GI', 'BD36OSMPT45PASK', '67f650c8-f4bb-41bd-9dec-7a7059de4cde', '2022-01-01 00:00:00', '2022-02-28 00:00:00', 'ACTIVE', '03', 400, 300, 100, 0, 10, CURRENT_TIMESTAMP(),CURRENT_TIMESTAMP());
INSERT INTO premium_span(premium_span_sk, premium_span_code, ztcn, enrollment_span_sk, start_date, end_date, status_type_code, csr_variant, total_prem_amt, total_resp_amt, aptc_amt, other_pay_amt, csr_amt, created_Date, updated_date) VALUES ('e69eb8a0-7291-4a9c-9c11-a35cd0c4741a', '051GGYK0TOYNDUR', 'U5SMXI2FOVGR3SD', '67f650c8-f4bb-41bd-9dec-7a7059de4cde', '2022-03-01 00:00:00', '2022-08-31 00:00:00', 'ACTIVE', '03', 400, 275, 125, 0, 20, CURRENT_TIMESTAMP(),CURRENT_TIMESTAMP());
INSERT INTO premium_span(premium_span_sk, premium_span_code, ztcn, enrollment_span_sk, start_date, end_date, status_type_code, csr_variant, total_prem_amt, total_resp_amt, aptc_amt, other_pay_amt, csr_amt, created_Date, updated_date) VALUES ('f26f73f2-3a46-486e-9f2f-6e92944948d5', '1LU5QY15T669OKF', '6KTR1D7NNSG4SX1', '67f650c8-f4bb-41bd-9dec-7a7059de4cde', '2022-09-01 00:00:00', '2022-12-31 00:00:00', 'ACTIVE', '03', 400, 325, 75, 0, 30, CURRENT_TIMESTAMP(),CURRENT_TIMESTAMP());

INSERT INTO premium_span(premium_span_sk, premium_span_code, ztcn, enrollment_span_sk, start_date, end_date, status_type_code, csr_variant, total_prem_amt, total_resp_amt, aptc_amt, other_pay_amt, csr_amt, created_Date, updated_date) VALUES ('3a6a1ec2-f88a-44b8-8f48-82610e4db7b8', '4JP7APVCAURTVFR', 'MEI95AG749ANRLM', '71943ea0-e12f-40b6-bcb4-17bc06427c4b', '2023-01-01 00:00:00', '2023-02-28 00:00:00', 'ACTIVE', '03', 500, 300, 200, 0, 10, CURRENT_TIMESTAMP(),CURRENT_TIMESTAMP());
INSERT INTO premium_span(premium_span_sk, premium_span_code, ztcn, enrollment_span_sk, start_date, end_date, status_type_code, csr_variant, total_prem_amt, total_resp_amt, aptc_amt, other_pay_amt, csr_amt, created_Date, updated_date) VALUES ('e6cd8a4a-7af0-45de-a84e-fbe9adb3887a', '514S2TH4ARM549Y', 'O5QZAONDATBX9B6', '71943ea0-e12f-40b6-bcb4-17bc06427c4b', '2023-03-01 00:00:00', '2023-03-31 00:00:00', 'ACTIVE', '03', 500, 350, 150, 0, 20, CURRENT_TIMESTAMP(),CURRENT_TIMESTAMP());
INSERT INTO premium_span(premium_span_sk, premium_span_code, ztcn, enrollment_span_sk, start_date, end_date, status_type_code, csr_variant, total_prem_amt, total_resp_amt, aptc_amt, other_pay_amt, csr_amt, created_Date, updated_date) VALUES ('b0ecef1a-f98c-450d-9d86-adce05f1de8d', 'QS3EVH60CFVI49Z', 'VD8GJUU5BL8V3ZF', '71943ea0-e12f-40b6-bcb4-17bc06427c4b', '2023-04-01 00:00:00', '2023-05-31 00:00:00', 'ACTIVE', '03', 500, 325, 175, 0, 20, CURRENT_TIMESTAMP(),CURRENT_TIMESTAMP());
INSERT INTO premium_span(premium_span_sk, premium_span_code, ztcn, enrollment_span_sk, start_date, end_date, status_type_code, csr_variant, total_prem_amt, total_resp_amt, aptc_amt, other_pay_amt, csr_amt, created_Date, updated_date) VALUES ('8a8934ab-c2a1-4cd1-a4d4-d48929e05096', 'JH2DZNP9JQZTGY9', 'M2UNEH4S5DWEE9R', '71943ea0-e12f-40b6-bcb4-17bc06427c4b', '2023-06-01 00:00:00', '2023-06-30 00:00:00', 'ACTIVE', '03', 500, 375, 125, 0, 20, CURRENT_TIMESTAMP(),CURRENT_TIMESTAMP());

INSERT INTO premium_span(premium_span_sk, premium_span_code, ztcn, enrollment_span_sk, start_date, end_date, status_type_code, csr_variant, total_prem_amt, total_resp_amt, aptc_amt, other_pay_amt, csr_amt, created_Date, updated_date) VALUES ('4bc0c667-718b-4142-a5f3-969cccc861b0', 'FX9PKLKZVY9EMFT', 'HSU0ER8HAXP5YUP', '740e6713-16f7-467b-bd51-6ea2223be731', '2023-07-01 00:00:00', '2023-08-31 00:00:00', 'ACTIVE', '03', 500, 325, 175, 0, 20, CURRENT_TIMESTAMP(),CURRENT_TIMESTAMP());
INSERT INTO premium_span(premium_span_sk, premium_span_code, ztcn, enrollment_span_sk, start_date, end_date, status_type_code, csr_variant, total_prem_amt, total_resp_amt, aptc_amt, other_pay_amt, csr_amt, created_Date, updated_date) VALUES ('30dbcb8e-a502-4e6f-aaab-9ca1d87d277d', '9Z0JZO8Y26XOFHX', 'Q5A7WR38X0O0Q09', 'fafce075-eb32-4598-b4d9-094ad3c740c6', '2023-09-01 00:00:00', '2023-12-31 00:00:00', 'ACTIVE', '03', 500, 375, 125, 0, 20, CURRENT_TIMESTAMP(),CURRENT_TIMESTAMP());

INSERT INTO member_premiums(member_premium_sk, premium_span_sk, member_sk, exchange_member_id, individual_premium_amount, created_date, updated_date) VALUES ('d8260ab9-5024-4213-a8b0-0e695cc8b027', 'd3c740d4-066a-4b33-9c22-3019c927df53', '53a11d4d-a497-430c-b6cb-81eed088cf2b', '5235646601', 200, CURRENT_TIMESTAMP(), CURRENT_TIMESTAMP());
INSERT INTO member_premiums(member_premium_sk, premium_span_sk, member_sk, exchange_member_id, individual_premium_amount, created_date, updated_date) VALUES ('c5d14ddd-5769-45e2-a5c8-38de2c977b42', 'd3c740d4-066a-4b33-9c22-3019c927df53', 'd3dcffcb-b894-47f9-b02d-b85b5f4a44c0', '5235646602', 100, CURRENT_TIMESTAMP(), CURRENT_TIMESTAMP());
INSERT INTO member_premiums(member_premium_sk, premium_span_sk, member_sk, exchange_member_id, individual_premium_amount, created_date, updated_date) VALUES ('efbd560f-9c11-4122-83c6-6a04767a13c1', 'd3c740d4-066a-4b33-9c22-3019c927df53', '42ccf868-3d7d-4194-a7b1-09f4f8a92b31', '5235646603', 50,CURRENT_TIMESTAMP(), CURRENT_TIMESTAMP());
INSERT INTO member_premiums(member_premium_sk, premium_span_sk, member_sk, exchange_member_id, individual_premium_amount, created_date, updated_date) VALUES ('5b01fb1f-0b91-4eb9-8214-e97dcdc3f7a2', 'd3c740d4-066a-4b33-9c22-3019c927df53', '58752ecf-185b-4f08-9518-656f0269e878', '5235646604', 50,CURRENT_TIMESTAMP(), CURRENT_TIMESTAMP());

INSERT INTO member_premiums(member_premium_sk, premium_span_sk, member_sk, exchange_member_id, individual_premium_amount, created_date, updated_date) VALUES ('d9b21e2f-c5a8-474f-a358-96f146853388', 'e69eb8a0-7291-4a9c-9c11-a35cd0c4741a', '53a11d4d-a497-430c-b6cb-81eed088cf2b', '5235646601', 200, CURRENT_TIMESTAMP(), CURRENT_TIMESTAMP());
INSERT INTO member_premiums(member_premium_sk, premium_span_sk, member_sk, exchange_member_id, individual_premium_amount, created_date, updated_date) VALUES ('3f7909e4-e7db-4962-ae0f-6dc241fb2f02', 'e69eb8a0-7291-4a9c-9c11-a35cd0c4741a', 'd3dcffcb-b894-47f9-b02d-b85b5f4a44c0', '5235646602', 100, CURRENT_TIMESTAMP(), CURRENT_TIMESTAMP());
INSERT INTO member_premiums(member_premium_sk, premium_span_sk, member_sk, exchange_member_id, individual_premium_amount, created_date, updated_date) VALUES ('7dad7c94-ca37-4dde-8aa9-d24f1aa45c79', 'e69eb8a0-7291-4a9c-9c11-a35cd0c4741a', '42ccf868-3d7d-4194-a7b1-09f4f8a92b31', '5235646603', 50,CURRENT_TIMESTAMP(), CURRENT_TIMESTAMP());
INSERT INTO member_premiums(member_premium_sk, premium_span_sk, member_sk, exchange_member_id, individual_premium_amount, created_date, updated_date) VALUES ('e348ecae-5fb4-4aff-a279-2c27dc5ed1c8', 'e69eb8a0-7291-4a9c-9c11-a35cd0c4741a', '58752ecf-185b-4f08-9518-656f0269e878', '5235646604', 50,CURRENT_TIMESTAMP(), CURRENT_TIMESTAMP());

INSERT INTO member_premiums(member_premium_sk, premium_span_sk, member_sk, exchange_member_id, individual_premium_amount, created_date, updated_date) VALUES ('059eaa31-b2ac-4aa7-a329-8c974ddc44b0', 'f26f73f2-3a46-486e-9f2f-6e92944948d5', '53a11d4d-a497-430c-b6cb-81eed088cf2b', '5235646601', 200, CURRENT_TIMESTAMP(), CURRENT_TIMESTAMP());
INSERT INTO member_premiums(member_premium_sk, premium_span_sk, member_sk, exchange_member_id, individual_premium_amount, created_date, updated_date) VALUES ('bc4a22f0-fb71-40e8-a87f-b8517c9941d7', 'f26f73f2-3a46-486e-9f2f-6e92944948d5', 'd3dcffcb-b894-47f9-b02d-b85b5f4a44c0', '5235646602', 100, CURRENT_TIMESTAMP(), CURRENT_TIMESTAMP());
INSERT INTO member_premiums(member_premium_sk, premium_span_sk, member_sk, exchange_member_id, individual_premium_amount, created_date, updated_date) VALUES ('6303628e-33ac-495f-8138-14d9196dbbe2', 'f26f73f2-3a46-486e-9f2f-6e92944948d5', '42ccf868-3d7d-4194-a7b1-09f4f8a92b31', '5235646603', 50,CURRENT_TIMESTAMP(), CURRENT_TIMESTAMP());
INSERT INTO member_premiums(member_premium_sk, premium_span_sk, member_sk, exchange_member_id, individual_premium_amount, created_date, updated_date) VALUES ('61cc513e-ce99-407e-bcbf-e3a32d57cedc', 'f26f73f2-3a46-486e-9f2f-6e92944948d5', '58752ecf-185b-4f08-9518-656f0269e878', '5235646604', 50,CURRENT_TIMESTAMP(), CURRENT_TIMESTAMP());

INSERT INTO member_premiums(member_premium_sk, premium_span_sk, member_sk, exchange_member_id, individual_premium_amount, created_date, updated_date) VALUES ('42f00714-397a-4d04-86c3-8045130a5bc8', '3a6a1ec2-f88a-44b8-8f48-82610e4db7b8', '53a11d4d-a497-430c-b6cb-81eed088cf2b', '5235646601', 200, CURRENT_TIMESTAMP(), CURRENT_TIMESTAMP());
INSERT INTO member_premiums(member_premium_sk, premium_span_sk, member_sk, exchange_member_id, individual_premium_amount, created_date, updated_date) VALUES ('032013be-a6f2-47d0-b2df-4bb09b452e4f', '3a6a1ec2-f88a-44b8-8f48-82610e4db7b8', 'd3dcffcb-b894-47f9-b02d-b85b5f4a44c0', '5235646602', 100, CURRENT_TIMESTAMP(), CURRENT_TIMESTAMP());
INSERT INTO member_premiums(member_premium_sk, premium_span_sk, member_sk, exchange_member_id, individual_premium_amount, created_date, updated_date) VALUES ('668121bc-b609-4f7d-acf5-6740ca998a60', '3a6a1ec2-f88a-44b8-8f48-82610e4db7b8', '42ccf868-3d7d-4194-a7b1-09f4f8a92b31', '5235646603', 100,CURRENT_TIMESTAMP(), CURRENT_TIMESTAMP());
INSERT INTO member_premiums(member_premium_sk, premium_span_sk, member_sk, exchange_member_id, individual_premium_amount, created_date, updated_date) VALUES ('ac1de9da-7eab-45d3-91d1-003c61c72ef4', '3a6a1ec2-f88a-44b8-8f48-82610e4db7b8', '58752ecf-185b-4f08-9518-656f0269e878', '5235646604', 100,CURRENT_TIMESTAMP(), CURRENT_TIMESTAMP());

INSERT INTO member_premiums(member_premium_sk, premium_span_sk, member_sk, exchange_member_id, individual_premium_amount, created_date, updated_date) VALUES ('3d098c01-194e-4da5-baa0-f2df4bb48b44', 'e6cd8a4a-7af0-45de-a84e-fbe9adb3887a', '53a11d4d-a497-430c-b6cb-81eed088cf2b', '5235646601', 200, CURRENT_TIMESTAMP(), CURRENT_TIMESTAMP());
INSERT INTO member_premiums(member_premium_sk, premium_span_sk, member_sk, exchange_member_id, individual_premium_amount, created_date, updated_date) VALUES ('2cc01eba-e59d-49d5-8db3-440ef726ef60', 'e6cd8a4a-7af0-45de-a84e-fbe9adb3887a', 'd3dcffcb-b894-47f9-b02d-b85b5f4a44c0', '5235646602', 100, CURRENT_TIMESTAMP(), CURRENT_TIMESTAMP());
INSERT INTO member_premiums(member_premium_sk, premium_span_sk, member_sk, exchange_member_id, individual_premium_amount, created_date, updated_date) VALUES ('c141133a-f97e-4466-bd70-8c968cee9fb6', 'e6cd8a4a-7af0-45de-a84e-fbe9adb3887a', '42ccf868-3d7d-4194-a7b1-09f4f8a92b31', '5235646603', 100,CURRENT_TIMESTAMP(), CURRENT_TIMESTAMP());
INSERT INTO member_premiums(member_premium_sk, premium_span_sk, member_sk, exchange_member_id, individual_premium_amount, created_date, updated_date) VALUES ('fcb7cbe6-b46d-47dc-8d15-9cfd18b87beb', 'e6cd8a4a-7af0-45de-a84e-fbe9adb3887a', '58752ecf-185b-4f08-9518-656f0269e878', '5235646604', 100,CURRENT_TIMESTAMP(), CURRENT_TIMESTAMP());

INSERT INTO member_premiums(member_premium_sk, premium_span_sk, member_sk, exchange_member_id, individual_premium_amount, created_date, updated_date) VALUES ('55e7ba45-d71d-4cba-bca4-8a9cec4e389e', 'b0ecef1a-f98c-450d-9d86-adce05f1de8d', '53a11d4d-a497-430c-b6cb-81eed088cf2b', '5235646601', 200, CURRENT_TIMESTAMP(), CURRENT_TIMESTAMP());
INSERT INTO member_premiums(member_premium_sk, premium_span_sk, member_sk, exchange_member_id, individual_premium_amount, created_date, updated_date) VALUES ('c83d2ad8-589c-4437-8b96-cb1bc5548113', 'b0ecef1a-f98c-450d-9d86-adce05f1de8d', 'd3dcffcb-b894-47f9-b02d-b85b5f4a44c0', '5235646602', 100, CURRENT_TIMESTAMP(), CURRENT_TIMESTAMP());
INSERT INTO member_premiums(member_premium_sk, premium_span_sk, member_sk, exchange_member_id, individual_premium_amount, created_date, updated_date) VALUES ('2e1db4a0-0e67-4924-9e62-0364a8ee2bc8', 'b0ecef1a-f98c-450d-9d86-adce05f1de8d', '42ccf868-3d7d-4194-a7b1-09f4f8a92b31', '5235646603', 100,CURRENT_TIMESTAMP(), CURRENT_TIMESTAMP());
INSERT INTO member_premiums(member_premium_sk, premium_span_sk, member_sk, exchange_member_id, individual_premium_amount, created_date, updated_date) VALUES ('e9999327-a04f-42b7-9cb6-9d7ee3a689a2', 'b0ecef1a-f98c-450d-9d86-adce05f1de8d', '58752ecf-185b-4f08-9518-656f0269e878', '5235646604', 100,CURRENT_TIMESTAMP(), CURRENT_TIMESTAMP());

INSERT INTO member_premiums(member_premium_sk, premium_span_sk, member_sk, exchange_member_id, individual_premium_amount, created_date, updated_date) VALUES ('ed066a9e-ff03-4d6f-a2d8-44e217adf5c3', '8a8934ab-c2a1-4cd1-a4d4-d48929e05096', '53a11d4d-a497-430c-b6cb-81eed088cf2b', '5235646601', 200, CURRENT_TIMESTAMP(), CURRENT_TIMESTAMP());
INSERT INTO member_premiums(member_premium_sk, premium_span_sk, member_sk, exchange_member_id, individual_premium_amount, created_date, updated_date) VALUES ('8b9f7eaf-16a5-4b0f-ac6b-cde1ef3e7274', '8a8934ab-c2a1-4cd1-a4d4-d48929e05096', 'd3dcffcb-b894-47f9-b02d-b85b5f4a44c0', '5235646602', 100, CURRENT_TIMESTAMP(), CURRENT_TIMESTAMP());
INSERT INTO member_premiums(member_premium_sk, premium_span_sk, member_sk, exchange_member_id, individual_premium_amount, created_date, updated_date) VALUES ('5fa4fbdd-62e9-4f05-bb2e-3688e9dd0d7c', '8a8934ab-c2a1-4cd1-a4d4-d48929e05096', '42ccf868-3d7d-4194-a7b1-09f4f8a92b31', '5235646603', 100,CURRENT_TIMESTAMP(), CURRENT_TIMESTAMP());
INSERT INTO member_premiums(member_premium_sk, premium_span_sk, member_sk, exchange_member_id, individual_premium_amount, created_date, updated_date) VALUES ('92c92641-872c-4cd7-b54d-fd56215462bb', '8a8934ab-c2a1-4cd1-a4d4-d48929e05096', '58752ecf-185b-4f08-9518-656f0269e878', '5235646604', 100,CURRENT_TIMESTAMP(), CURRENT_TIMESTAMP());

INSERT INTO member_premiums(member_premium_sk, premium_span_sk, member_sk, exchange_member_id, individual_premium_amount, created_date, updated_date) VALUES ('4c5afda6-662a-4064-818b-af61b2539f32', '4bc0c667-718b-4142-a5f3-969cccc861b0', '53a11d4d-a497-430c-b6cb-81eed088cf2b', '5235646601', 200, CURRENT_TIMESTAMP(), CURRENT_TIMESTAMP());
INSERT INTO member_premiums(member_premium_sk, premium_span_sk, member_sk, exchange_member_id, individual_premium_amount, created_date, updated_date) VALUES ('8b797c55-ec7e-4fa6-99fc-498d0c9caa77', '4bc0c667-718b-4142-a5f3-969cccc861b0', 'd3dcffcb-b894-47f9-b02d-b85b5f4a44c0', '5235646602', 100, CURRENT_TIMESTAMP(), CURRENT_TIMESTAMP());
INSERT INTO member_premiums(member_premium_sk, premium_span_sk, member_sk, exchange_member_id, individual_premium_amount, created_date, updated_date) VALUES ('614e96fe-7f9a-4205-8f7f-2124ed1e949d', '4bc0c667-718b-4142-a5f3-969cccc861b0', '42ccf868-3d7d-4194-a7b1-09f4f8a92b31', '5235646603', 100,CURRENT_TIMESTAMP(), CURRENT_TIMESTAMP());
INSERT INTO member_premiums(member_premium_sk, premium_span_sk, member_sk, exchange_member_id, individual_premium_amount, created_date, updated_date) VALUES ('c20c54cc-5ed2-40da-bddc-9ee2c3ecfd47', '4bc0c667-718b-4142-a5f3-969cccc861b0', '58752ecf-185b-4f08-9518-656f0269e878', '5235646604', 100,CURRENT_TIMESTAMP(), CURRENT_TIMESTAMP());

INSERT INTO member_premiums(member_premium_sk, premium_span_sk, member_sk, exchange_member_id, individual_premium_amount, created_date, updated_date) VALUES ('a3961140-b38c-476e-9892-639996c41a8e', '30dbcb8e-a502-4e6f-aaab-9ca1d87d277d', '53a11d4d-a497-430c-b6cb-81eed088cf2b', '5235646601', 200, CURRENT_TIMESTAMP(), CURRENT_TIMESTAMP());
INSERT INTO member_premiums(member_premium_sk, premium_span_sk, member_sk, exchange_member_id, individual_premium_amount, created_date, updated_date) VALUES ('2864c7ca-4894-43d8-96b4-ac9c5595b67e', '30dbcb8e-a502-4e6f-aaab-9ca1d87d277d', 'd3dcffcb-b894-47f9-b02d-b85b5f4a44c0', '5235646602', 100, CURRENT_TIMESTAMP(), CURRENT_TIMESTAMP());
INSERT INTO member_premiums(member_premium_sk, premium_span_sk, member_sk, exchange_member_id, individual_premium_amount, created_date, updated_date) VALUES ('148d863c-bd3e-4578-a100-f66e248e300d', '30dbcb8e-a502-4e6f-aaab-9ca1d87d277d', '42ccf868-3d7d-4194-a7b1-09f4f8a92b31', '5235646603', 100,CURRENT_TIMESTAMP(), CURRENT_TIMESTAMP());
INSERT INTO member_premiums(member_premium_sk, premium_span_sk, member_sk, exchange_member_id, individual_premium_amount, created_date, updated_date) VALUES ('d1f56ace-29b6-4a34-84ea-dcd383146877', '30dbcb8e-a502-4e6f-aaab-9ca1d87d277d', '58752ecf-185b-4f08-9518-656f0269e878', '5235646604', 100,CURRENT_TIMESTAMP(), CURRENT_TIMESTAMP());


/***************************************************************************************************************************************************************************************************************************************/

/************************************************* ACCOUNT MATCH TEST DATA **********************************************************/

/***************************************************************************************************************************************************************************************************************************************/

/** Tim David Account details **/
/** Test Case Id: ZEUS-MMS-ACCT-MATCH-01 **/
INSERT INTO account(account_sk, acct_number, line_of_business_type_code, created_date, updated_date) VALUES ('f20e80fd-cb99-4f95-a51d-154e092237cf','XTL6NWIUL837V3M','HIX',CURRENT_TIMESTAMP(), CURRENT_TIMESTAMP());

INSERT INTO member(member_sk, account_sk, member_code, first_name, middle_name, last_name, relationship_type_code, date_of_birth, gender_type_code, height, weight, created_date, updated_date) VALUES ('d6a2919f-01e3-4d34-9e40-9805bff8f7dd','f20e80fd-cb99-4f95-a51d-154e092237cf','OKK5PBS99F4RDWQ','Tim', 'B', 'David','HOH','1993-03-16 00:00:00','MALE',5.8,155.6,CURRENT_TIMESTAMP(), CURRENT_TIMESTAMP());

INSERT INTO member_address(member_address_sk, member_address_code, member_sk, address_type_code, address_line_1, address_line_2, city, state_type_code, zip_code, start_date, end_date, created_date, updated_date) VALUES ('d74aaa1b-5c98-417f-9fbd-33b71551d6c0', 'TTYKA4J1X1ZC7Z9', 'd6a2919f-01e3-4d34-9e40-9805bff8f7dd', 'RES', '14532 Rangeland Blvd', null, 'Odessa', 'FL', '33556', '2021-12-15 00:00:00', null, CURRENT_TIMESTAMP(), CURRENT_TIMESTAMP());
INSERT INTO member_address(member_address_sk, member_address_code, member_sk, address_type_code, address_line_1, address_line_2, city, state_type_code, zip_code, start_date, end_date, created_date, updated_date) VALUES ('747890e7-ecc3-40a7-b924-8881d3e45b3a', '8RGL0DL1RP55F1J', 'd6a2919f-01e3-4d34-9e40-9805bff8f7dd', 'MAIL', 'P.O Box 53235', null, 'Odessa', 'FL', '33556', '2021-12-15 00:00:00', null, CURRENT_TIMESTAMP(), CURRENT_TIMESTAMP());

INSERT INTO member_phone(member_phone_sk, member_phone_code, member_sk, phone_type_code, phone_number, start_date, end_date, created_date, updated_date) VALUES ('74851c17-e557-4b69-81c2-330ff87da4e5', 'D7J8826IDMDQWUH', 'd6a2919f-01e3-4d34-9e40-9805bff8f7dd','MOBILE', '813-357-9154', '2021-12-15 00:00:00', null, CURRENT_TIMESTAMP(), CURRENT_TIMESTAMP());

INSERT INTO member_email(member_email_sk, member_email_code, member_sk, email_type_code, email, is_primary, start_date, end_date, created_date, updated_date) VALUES ('adad436a-b690-4385-a6b4-a78d176a3788', 'R33VCP7PX1S3178', 'd6a2919f-01e3-4d34-9e40-9805bff8f7dd', 'PERSONAL', 'david316@gmail.com', true, '2021-12-15 00:00:00', null, CURRENT_TIMESTAMP(), CURRENT_TIMESTAMP());
INSERT INTO member_email(member_email_sk, member_email_code, member_sk, email_type_code, email, is_primary, start_date, end_date, created_date, updated_date) VALUES ('8daf9854-0ab2-4f0d-8c60-4f01830fea53', 'EU4XS3ZR275NM9E', 'd6a2919f-01e3-4d34-9e40-9805bff8f7dd', 'WORK', 'tim.david@wellcare.com', false, '2021-12-15 00:00:00', null, CURRENT_TIMESTAMP(), CURRENT_TIMESTAMP());

INSERT INTO member_language(member_language_sk, member_language_code, member_sk, language_type_code, language_code, start_date, end_date, created_date, updated_date) VALUES ('79630251-ad88-462b-874f-a20fac8924df', 'QH94L277N7ZC9H0', 'd6a2919f-01e3-4d34-9e40-9805bff8f7dd', 'SPOKEN', 'ENG', '2021-12-15 00:00:00', null, CURRENT_TIMESTAMP(), CURRENT_TIMESTAMP());
INSERT INTO member_language(member_language_sk, member_language_code, member_sk, language_type_code, language_code, start_date, end_date, created_date, updated_date) VALUES ('3f76d314-c3f2-4c54-b7f4-1c3d24d93c10', 'RIJ3L2GVQQOWXEB', 'd6a2919f-01e3-4d34-9e40-9805bff8f7dd', 'WRITTEN', 'SPA', '2021-12-15 00:00:00', null, CURRENT_TIMESTAMP(), CURRENT_TIMESTAMP());

INSERT INTO member_identifier(member_identifier_sk, member_identifier_code, member_sk, identifier_type_code, identifier_value, is_active, created_date, updated_date) VALUES ('58049e43-2569-48a4-b3d9-2fefcc3b3bcf', 'R5J9YXJWBB6FKMC', 'd6a2919f-01e3-4d34-9e40-9805bff8f7dd', 'SSN', '875-34-7537', true, CURRENT_TIMESTAMP(), CURRENT_TIMESTAMP());

INSERT INTO enrollment_span(enrlmnt_span_sk, enrollment_span_code, account_sk, state_type_code, marketplace_type_code, business_unit_type_code, coverage_type_code, start_date, end_date, exchange_subscriber_id, plan_id, group_policy_id, product_type_code, effectuation_date, status_type_code, ztcn, delinq_ind, created_date, updated_date) VALUES ('0fa5f397-ea69-4ee5-a7aa-8d1a51f1aa08', '6EOU5OI7JJDDDUH', 'f20e80fd-cb99-4f95-a51d-154e092237cf', 'FL', 'FFM', 'MP_FL', 'FAM', '2023-01-01 00:00:00', '2023-12-31 00:00:00','245247393','89355FL0234597', '63456387','HMO','2022-10-01 00:00:00','ENROLLED','CS4RLQWPD7SYWV4', false, CURRENT_TIMESTAMP(),CURRENT_TIMESTAMP());

INSERT INTO premium_span(premium_span_sk, premium_span_code, ztcn, enrollment_span_sk, start_date, end_date, status_type_code, csr_variant, total_prem_amt, total_resp_amt, aptc_amt, other_pay_amt, csr_amt, created_Date, updated_date) VALUES ('a199e7c1-341e-4263-a3cf-795c9ae9cbc8', 'UXEA723XJT35095', 'CS4RLQWPD7SYWV4', '0fa5f397-ea69-4ee5-a7aa-8d1a51f1aa08', '2023-01-01 00:00:00', '2023-06-30 00:00:00', 'ACTIVE', '03', 150, 100, 50, 0, 10, CURRENT_TIMESTAMP(),CURRENT_TIMESTAMP());
INSERT INTO premium_span(premium_span_sk, premium_span_code, ztcn, enrollment_span_sk, start_date, end_date, status_type_code, csr_variant, total_prem_amt, total_resp_amt, aptc_amt, other_pay_amt, csr_amt, created_Date, updated_date) VALUES ('bda4a6ec-b702-48b9-95d1-56f0eaf1ee39', '484YGW20QYN2LZO', '6KZACZ1ZCNTH0IC', '0fa5f397-ea69-4ee5-a7aa-8d1a51f1aa08', '2023-07-01 00:00:00', '2023-12-31 00:00:00', 'ACTIVE', '03', 150, 150, 0, 0, 20, CURRENT_TIMESTAMP(),CURRENT_TIMESTAMP());

INSERT INTO member_premiums(member_premium_sk, premium_span_sk, member_sk, exchange_member_id, individual_premium_amount, created_date, updated_date) VALUES ('8e499dfa-20fa-4ec1-aaf3-aeaa873be81b', 'a199e7c1-341e-4263-a3cf-795c9ae9cbc8', '1817da35-c65d-469d-a7ce-d6eb1569ffe9', '24524739301', 150, CURRENT_TIMESTAMP(), CURRENT_TIMESTAMP());
INSERT INTO member_premiums(member_premium_sk, premium_span_sk, member_sk, exchange_member_id, individual_premium_amount, created_date, updated_date) VALUES ('5456b986-75ab-4ac2-9db2-5d25f3509648', 'bda4a6ec-b702-48b9-95d1-56f0eaf1ee39', '1817da35-c65d-469d-a7ce-d6eb1569ffe9', '24524739301', 150, CURRENT_TIMESTAMP(), CURRENT_TIMESTAMP());

/** Mark Wood Account details **/
/** Test Case Id: ZEUS-MMS-ACCT-MATCH-02 **/
INSERT INTO account(account_sk, acct_number, line_of_business_type_code, created_date, updated_date) VALUES ('1bd4c559-b463-4b13-a9b7-9cdbd52d5cba','SW0M8ZIB6F95U06','HIX',CURRENT_TIMESTAMP(), CURRENT_TIMESTAMP());

INSERT INTO member(member_sk, account_sk, member_code, first_name, middle_name, last_name, relationship_type_code, date_of_birth, gender_type_code, height, weight, created_date, updated_date) VALUES ('aeee653b-1edf-41ca-9ce8-364e4143fc42','1bd4c559-b463-4b13-a9b7-9cdbd52d5cba','CH9LC40W5X76PJ7','Mark', 'T', 'Wood','HOH','1991-04-23 00:00:00','MALE',5.5,200.3,CURRENT_TIMESTAMP(), CURRENT_TIMESTAMP());

INSERT INTO member_address(member_address_sk, member_address_code, member_sk, address_type_code, address_line_1, address_line_2, city, state_type_code, zip_code, start_date, end_date, created_date, updated_date) VALUES ('ca708cce-c342-49a1-9a93-5c79ebf19e4a', '8XNNZPU1Y2PCLTH', 'aeee653b-1edf-41ca-9ce8-364e4143fc42', 'RES', '42353 Courtney Street', null, 'Salem', 'MA', '01915', '2021-12-15 00:00:00', null, CURRENT_TIMESTAMP(), CURRENT_TIMESTAMP());
INSERT INTO member_address(member_address_sk, member_address_code, member_sk, address_type_code, address_line_1, address_line_2, city, state_type_code, zip_code, start_date, end_date, created_date, updated_date) VALUES ('8599e655-65fc-44e0-8361-44984c67241a', 'B04DCB2KSSYHGU2', 'aeee653b-1edf-41ca-9ce8-364e4143fc42', 'MAIL', 'P.O Box 73453', null, 'Salem', 'MA', '01915', '2021-12-15 00:00:00', null, CURRENT_TIMESTAMP(), CURRENT_TIMESTAMP());

INSERT INTO member_phone(member_phone_sk, member_phone_code, member_sk, phone_type_code, phone_number, start_date, end_date, created_date, updated_date) VALUES ('fdf379f8-ef9c-4f44-ac6e-c52d24816717', '5GME4N2HMJCK9T0', 'aeee653b-1edf-41ca-9ce8-364e4143fc42','MOBILE', '813-357-9155', '2021-12-15 00:00:00', null, CURRENT_TIMESTAMP(), CURRENT_TIMESTAMP());

INSERT INTO member_email(member_email_sk, member_email_code, member_sk, email_type_code, email, is_primary, start_date, end_date, created_date, updated_date) VALUES ('143afed7-4d05-4eba-a110-ccc34b7e793e', 'OP7PNA02GXD6RLL', 'aeee653b-1edf-41ca-9ce8-364e4143fc42', 'PERSONAL', 'wood423@gmail.com', true, '2021-12-15 00:00:00', null, CURRENT_TIMESTAMP(), CURRENT_TIMESTAMP());
INSERT INTO member_email(member_email_sk, member_email_code, member_sk, email_type_code, email, is_primary, start_date, end_date, created_date, updated_date) VALUES ('96be5883-eccb-4d1c-aa31-1d40955bd3a9', 'L23N0598RLCNE4T', 'aeee653b-1edf-41ca-9ce8-364e4143fc42', 'WORK', 'mark.wood@wellcare.com', false, '2021-12-15 00:00:00', null, CURRENT_TIMESTAMP(), CURRENT_TIMESTAMP());

INSERT INTO member_language(member_language_sk, member_language_code, member_sk, language_type_code, language_code, start_date, end_date, created_date, updated_date) VALUES ('22e0581f-8e7d-4e04-ab59-ada42c2585d5', 'L96GBMZ6NNU11OP', 'aeee653b-1edf-41ca-9ce8-364e4143fc42', 'SPOKEN', 'ENG', '2021-12-15 00:00:00', null, CURRENT_TIMESTAMP(), CURRENT_TIMESTAMP());
INSERT INTO member_language(member_language_sk, member_language_code, member_sk, language_type_code, language_code, start_date, end_date, created_date, updated_date) VALUES ('76943201-d0c8-407b-9188-cbd19bf3f406', '22UQZSZAEQEM63C', 'aeee653b-1edf-41ca-9ce8-364e4143fc42', 'WRITTEN', 'SPA', '2021-12-15 00:00:00', null, CURRENT_TIMESTAMP(), CURRENT_TIMESTAMP());

INSERT INTO member_identifier(member_identifier_sk, member_identifier_code, member_sk, identifier_type_code, identifier_value, is_active, created_date, updated_date) VALUES ('f6566f01-de50-4fdc-936b-3572a6a44918', 'ZPXSJQ62XQ57983', 'aeee653b-1edf-41ca-9ce8-364e4143fc42', 'SSN', '956-49-9375', true, CURRENT_TIMESTAMP(), CURRENT_TIMESTAMP());

INSERT INTO enrollment_span(enrlmnt_span_sk, enrollment_span_code, account_sk, state_type_code, marketplace_type_code, business_unit_type_code, coverage_type_code, start_date, end_date, exchange_subscriber_id, plan_id, group_policy_id, product_type_code, effectuation_date, status_type_code, ztcn, delinq_ind, created_date, updated_date) VALUES ('3883ffe2-de9c-41a9-9d88-da96b13ac0fb', 'K1WD1ASYJ8R2V9H', '1bd4c559-b463-4b13-a9b7-9cdbd52d5cba', 'MA', 'SBE', 'MP_MA', 'FAM', '2023-01-01 00:00:00', '2023-12-31 00:00:00','427434667','98323MA753636', '83345235','HMO','2022-10-01 00:00:00','ENROLLED','3OTWU8VCIN9OPPW', false, CURRENT_TIMESTAMP(),CURRENT_TIMESTAMP());

INSERT INTO premium_span(premium_span_sk, premium_span_code, ztcn, enrollment_span_sk, start_date, end_date, status_type_code, csr_variant, total_prem_amt, total_resp_amt, aptc_amt, other_pay_amt, csr_amt, created_Date, updated_date) VALUES ('494abda5-dc60-4440-8122-9fedd8480fa5', 'Q8REET6URORJXHZ', '3OTWU8VCIN9OPPW', '3883ffe2-de9c-41a9-9d88-da96b13ac0fb', '2023-01-01 00:00:00', '2023-07-31 00:00:00', 'ACTIVE', '03', 200, 150, 50, 0, 10, CURRENT_TIMESTAMP(),CURRENT_TIMESTAMP());
INSERT INTO premium_span(premium_span_sk, premium_span_code, ztcn, enrollment_span_sk, start_date, end_date, status_type_code, csr_variant, total_prem_amt, total_resp_amt, aptc_amt, other_pay_amt, csr_amt, created_Date, updated_date) VALUES ('462d3dcc-3d92-47e1-b098-626ecbb21df3', 'IW52JIALWDFCUS5', 'YUAKS9A5ALCIJQP', '3883ffe2-de9c-41a9-9d88-da96b13ac0fb', '2023-08-01 00:00:00', '2023-12-31 00:00:00', 'ACTIVE', '03', 200, 125, 75, 0, 20, CURRENT_TIMESTAMP(),CURRENT_TIMESTAMP());

INSERT INTO member_premiums(member_premium_sk, premium_span_sk, member_sk, exchange_member_id, individual_premium_amount, created_date, updated_date) VALUES ('617074ab-ae7d-4b15-8556-3654b998cb55', '494abda5-dc60-4440-8122-9fedd8480fa5', 'aeee653b-1edf-41ca-9ce8-364e4143fc42', '42743466701', 200, CURRENT_TIMESTAMP(), CURRENT_TIMESTAMP());
INSERT INTO member_premiums(member_premium_sk, premium_span_sk, member_sk, exchange_member_id, individual_premium_amount, created_date, updated_date) VALUES ('b036046e-3bb5-4b93-a9cd-04cb4ff47942', '462d3dcc-3d92-47e1-b098-626ecbb21df3', 'aeee653b-1edf-41ca-9ce8-364e4143fc42', '42743466701', 200,CURRENT_TIMESTAMP(), CURRENT_TIMESTAMP());

