/** Balaji Varadharajan Account details **/

/** Test Case Id: ZEUS-MMS-ACCT-Update-01 **/
/** Test Case Description: New Enrollment span created on an existing account **/

INSERT INTO account(account_sk, acct_number, line_of_business_type_code, ztcn, source, created_date, updated_date) VALUES ('e29f6d8d-51c8-4259-b789-1aac0e5fcfe7','5LOQKYBP1NQX17E','HIX','MC6L56Z5GRGHEK2', 'MARKETPLACE', CURRENT_TIMESTAMP(), CURRENT_TIMESTAMP());

INSERT INTO member(member_sk, account_sk, member_code, first_name, middle_name, last_name, relationship_type_code, date_of_birth, gender_type_code, height, weight, ztcn, source, created_date, updated_date) VALUES ('1817da35-c65d-469d-a7ce-d6eb1569ffe9','e29f6d8d-51c8-4259-b789-1aac0e5fcfe7','G8RKJY77IYPBYXU','Balaji', 'M', 'Varadharajan','HOH','1983-05-21 00:00:00','MALE',5.8,155.6,'MC6L56Z5GRGHEK2', 'MARKETPLACE',CURRENT_TIMESTAMP(), CURRENT_TIMESTAMP());

INSERT INTO member_address(member_address_sk, member_address_code, member_sk, address_type_code, address_line_1, address_line_2, city, state_type_code, fips_code, zip_code, ztcn, source, start_date, end_date, created_date, updated_date) VALUES ('4c5c3b7c-0950-49e8-b483-72fca0f428f2', 'HP86QL1UWE0UAKZ', '1817da35-c65d-469d-a7ce-d6eb1569ffe9', 'RESIDENCE', '13377 Batten Lane', null, 'Odessa', 'FL', '12101', '33556','MC6L56Z5GRGHEK2', 'MARKETPLACE', '2021-12-15 00:00:00', null, CURRENT_TIMESTAMP(), CURRENT_TIMESTAMP());
INSERT INTO member_address(member_address_sk, member_address_code, member_sk, address_type_code, address_line_1, address_line_2, city, state_type_code, fips_code, zip_code, ztcn, source, start_date, end_date, created_date, updated_date) VALUES ('a0e9af18-f109-4a9c-bba3-e7824cf99616', 'L89ZMCJ50PM36TW', '1817da35-c65d-469d-a7ce-d6eb1569ffe9', 'MAIL', 'P.O Box 23646', null, 'Odessa', 'FL', '12101', '33556','MC6L56Z5GRGHEK2', 'MARKETPLACE', '2021-12-15 00:00:00', null, CURRENT_TIMESTAMP(), CURRENT_TIMESTAMP());

INSERT INTO member_phone(member_phone_sk, member_phone_code, member_sk, phone_type_code, phone_number, ztcn, source, start_date, end_date, created_date, updated_date) VALUES ('24629daf-e0c7-4dd9-9f8b-64360a50793b', 'KI0QVIJKYERYY9G', '1817da35-c65d-469d-a7ce-d6eb1569ffe9','MOBILE', '813-357-9150','MC6L56Z5GRGHEK2', 'MARKETPLACE', '2021-12-15 00:00:00', null, CURRENT_TIMESTAMP(), CURRENT_TIMESTAMP());

INSERT INTO member_email(member_email_sk, member_email_code, member_sk, email_type_code, email, is_primary, ztcn, source, start_date, end_date, created_date, updated_date) VALUES ('a018f0ce-f269-4353-ac97-0c88df8477df', '50QGOOCJ3K2IMZC', '1817da35-c65d-469d-a7ce-d6eb1569ffe9', 'PERSONAL', 'vbalaji215@gmail.com', true, 'MC6L56Z5GRGHEK2', 'MARKETPLACE', '2021-12-15 00:00:00', null, CURRENT_TIMESTAMP(), CURRENT_TIMESTAMP());
INSERT INTO member_email(member_email_sk, member_email_code, member_sk, email_type_code, email, is_primary, ztcn, source, start_date, end_date, created_date, updated_date) VALUES ('f60459a2-dc26-44ec-88d2-027c541cda7c', 'TBVHIU74HUHFMZP', '1817da35-c65d-469d-a7ce-d6eb1569ffe9', 'WORK', 'balaji.varadharajan@wellcare.com', false, null, 'ZEUS-UI', '2021-12-15 00:00:00', null, CURRENT_TIMESTAMP(), CURRENT_TIMESTAMP());

INSERT INTO member_language(member_language_sk, member_language_code, member_sk, language_type_code, language_code, ztcn, source, start_date, end_date, created_date, updated_date) VALUES ('266b2753-220f-45d8-928c-a4e8fb2e42eb', 'CZ8TRC5GYH6UGTH', '1817da35-c65d-469d-a7ce-d6eb1569ffe9', 'SPOKEN', 'ENG','MC6L56Z5GRGHEK2', 'MARKETPLACE', '2021-12-15 00:00:00', null, CURRENT_TIMESTAMP(), CURRENT_TIMESTAMP());
INSERT INTO member_language(member_language_sk, member_language_code, member_sk, language_type_code, language_code, ztcn, source, start_date, end_date, created_date, updated_date) VALUES ('56c65d79-6556-42d5-89fa-3eeef4a993fa', '224QAUBU304JVPK', '1817da35-c65d-469d-a7ce-d6eb1569ffe9', 'WRITTEN', 'SPA','MC6L56Z5GRGHEK2', 'MARKETPLACE', '2021-12-15 00:00:00', null, CURRENT_TIMESTAMP(), CURRENT_TIMESTAMP());

INSERT INTO member_identifier(member_identifier_sk, member_identifier_code, member_sk, identifier_type_code, identifier_value, ztcn, source, is_active, created_date, updated_date) VALUES ('b0d97992-bc5b-4d53-8e68-68176914b8bb', 'Y2BF30P04IH1IOR', '1817da35-c65d-469d-a7ce-d6eb1569ffe9', 'SSN', '023-53-5234','MC6L56Z5GRGHEK2', 'MARKETPLACE', true, CURRENT_TIMESTAMP(), CURRENT_TIMESTAMP());

INSERT INTO enrollment_span(enrlmnt_span_sk, enrollment_span_code, account_sk, state_type_code, marketplace_type_code, business_unit_type_code, enrollment_type, coverage_type_code, start_date, end_date, exchange_subscriber_id, plan_id, group_policy_id, product_type_code, effectuation_date, status_type_code, effective_reason, term_reason, ztcn, source, delinq_ind, created_date, updated_date) VALUES ('1f4684b7-834d-41ad-a150-658da294c54c', 'I5LXC5ELIEO0G2O', 'e29f6d8d-51c8-4259-b789-1aac0e5fcfe7', 'FL', 'FFM', 'MP_FL', 'ACTIVE', 'FAM', '2022-01-01 00:00:00', '2022-12-31 00:00:00','245247345','89355FL0234597', '63456345','HMO','2022-10-01 00:00:00','ENROLLED','MBS',null,'MC6L56Z5GRGHEK2', 'MARKETPLACE', false, CURRENT_TIMESTAMP(),CURRENT_TIMESTAMP());

INSERT INTO premium_span(premium_span_sk, premium_span_code, ztcn, source, enrollment_span_sk, start_date, end_date, status_type_code, sequence, csr_variant, total_prem_amt, total_resp_amt, aptc_amt, other_pay_amt, csr_amt, created_Date, updated_date) VALUES ('12573e17-7244-4e49-a152-38d59b03e2f6', 'CNH182BAIO3321D', 'MC6L56Z5GRGHEK2', 'MARKETPLACE', '1f4684b7-834d-41ad-a150-658da294c54c', '2022-01-01 00:00:00', '2022-06-30 00:00:00', 'ACTIVE', 1, '03', 150, 150, 0, 0, 10, CURRENT_TIMESTAMP(),CURRENT_TIMESTAMP());
INSERT INTO premium_span(premium_span_sk, premium_span_code, ztcn, source, enrollment_span_sk, start_date, end_date, status_type_code, sequence, csr_variant, total_prem_amt, total_resp_amt, aptc_amt, other_pay_amt, csr_amt, created_Date, updated_date) VALUES ('96aedae2-95b1-4181-bd2b-cfc26179e044', 'GT5PSZ6FBWEOH69', '55UCZGSHBH98VKM', 'MARKETPLACE', '1f4684b7-834d-41ad-a150-658da294c54c', '2022-07-01 00:00:00', '2022-12-31 00:00:00', 'ACTIVE', 2, '03', 150, 150, 0, 0, 20, CURRENT_TIMESTAMP(),CURRENT_TIMESTAMP());

INSERT INTO member_premiums(member_premium_sk, premium_span_sk, member_sk, exchange_member_id, individual_premium_amount, created_date, updated_date) VALUES ('6dfe06fb-05e8-4f2e-88c0-7441bd0b5e43', '12573e17-7244-4e49-a152-38d59b03e2f6', '1817da35-c65d-469d-a7ce-d6eb1569ffe9', '24524734501', 150, CURRENT_TIMESTAMP(), CURRENT_TIMESTAMP());
INSERT INTO member_premiums(member_premium_sk, premium_span_sk, member_sk, exchange_member_id, individual_premium_amount, created_date, updated_date) VALUES ('d421d90b-74a9-4df9-add9-a1f84ef9908f', '96aedae2-95b1-4181-bd2b-cfc26179e044', '1817da35-c65d-469d-a7ce-d6eb1569ffe9', '24524734501', 150,CURRENT_TIMESTAMP(), CURRENT_TIMESTAMP());

/** Pooja Mohanakrishnan Account **/

/** Test Case Id: ZEUS-MMS-ACCT-Update-02 **/
/** Test Case Description: Existing enrollment span termed and new Enrollment span created on an existing account **/

INSERT INTO account(account_sk, acct_number, line_of_business_type_code, ztcn, source, created_date, updated_date) VALUES ('c601259a-6b0f-4a18-882f-d645e934d092','652C183K1DEBCNC','HIX','0ZSDCU8DSL7G6AO', 'MARKETPLACE', CURRENT_TIMESTAMP(), CURRENT_TIMESTAMP());


INSERT INTO member(member_sk, account_sk, member_code, first_name, middle_name, last_name, relationship_type_code, date_of_birth, gender_type_code, height, weight, ztcn, source, created_date, updated_date) VALUES ('2fca4989-037a-496f-9b59-cffd3990a5dd','c601259a-6b0f-4a18-882f-d645e934d092','KMOO76CXLXGGSB4','Pooja', 'D', 'Mohanakrishnan','HOH','1985-12-10 00:00:00','FEMALE',5.3,113.2,'0ZSDCU8DSL7G6AO', 'MARKETPLACE',CURRENT_TIMESTAMP(), CURRENT_TIMESTAMP());

INSERT INTO member_address(member_address_sk, member_address_code, member_sk, address_type_code, address_line_1, address_line_2, city, state_type_code, fips_code, zip_code, ztcn, source, start_date, end_date, created_date, updated_date) VALUES ('912817ff-e351-4aa8-b727-89292fe00fc7', 'J3BZ172D3ISJDPO', '2fca4989-037a-496f-9b59-cffd3990a5dd', 'RESIDENCE', '9737 Lake View Lane', 'Apt 303', 'Tampa', 'FL', '12057', '33626','0ZSDCU8DSL7G6AO', 'MARKETPLACE', '2020-12-10 00:00:00', null, CURRENT_TIMESTAMP(), CURRENT_TIMESTAMP());
INSERT INTO member_address(member_address_sk, member_address_code, member_sk, address_type_code, address_line_1, address_line_2, city, state_type_code, fips_code, zip_code, ztcn, source, start_date, end_date, created_date, updated_date) VALUES ('503d5c9c-f8a9-47a3-95ee-12c03f9dbcfd', 'AKTTBZ6DNJURU73' ,'2fca4989-037a-496f-9b59-cffd3990a5dd', 'MAIL', 'P.O Box 74567', null, 'Tampa', 'FL', '12057', '33626','0ZSDCU8DSL7G6AO', 'MARKETPLACE', '2020-12-10 00:00:00', null, CURRENT_TIMESTAMP(), CURRENT_TIMESTAMP());

INSERT INTO member_phone(member_phone_sk, member_phone_code, member_sk, phone_type_code, phone_number, ztcn, source, start_date, end_date, created_date, updated_date) VALUES ('90f0e60d-05af-4fe2-ad2e-9696cacfd1ad','8AMLJ42HALDDBGD','2fca4989-037a-496f-9b59-cffd3990a5dd','MOBILE', '813-357-9151','0ZSDCU8DSL7G6AO', 'MARKETPLACE', '2020-12-10 00:00:00', null, CURRENT_TIMESTAMP(), CURRENT_TIMESTAMP());

INSERT INTO member_email(member_email_sk, member_email_code, member_sk, email_type_code, email, is_primary, ztcn, source, start_date, end_date, created_date, updated_date) VALUES ('89c37c07-4fe9-4e77-a2aa-1ee3c34af9a7', 'TCNRRBB7Y7IWNTM','2fca4989-037a-496f-9b59-cffd3990a5dd', 'PERSONAL', 'poojadec10@gmail.com', true, '0ZSDCU8DSL7G6AO', 'MARKETPLACE', '2020-12-10 00:00:00', null, CURRENT_TIMESTAMP(), CURRENT_TIMESTAMP());
INSERT INTO member_email(member_email_sk, member_email_code, member_sk, email_type_code, email, is_primary, ztcn, source, start_date, end_date, created_date, updated_date) VALUES ('3f562524-d5f2-4ae6-8f43-59b6b7910ae8', '42ZMZ0WY3IZPLLY','2fca4989-037a-496f-9b59-cffd3990a5dd', 'WORK', 'pooja.mohanakrishnan@wellcare.com', false, null, 'ZEUS-UI', '2020-12-10 00:00:00', null, CURRENT_TIMESTAMP(), CURRENT_TIMESTAMP());

INSERT INTO member_language(member_language_sk, member_language_code, member_sk, language_type_code, language_code, ztcn, source, start_date, end_date, created_date, updated_date) VALUES ('edee8c04-8e39-4bc2-a736-8c3c937ba07f', 'WD5W7OAFW4GH5LC', '2fca4989-037a-496f-9b59-cffd3990a5dd', 'SPOKEN', 'ENG','0ZSDCU8DSL7G6AO', 'MARKETPLACE', '2020-12-10 00:00:00', null, CURRENT_TIMESTAMP(), CURRENT_TIMESTAMP());
INSERT INTO member_language(member_language_sk, member_language_code, member_sk, language_type_code, language_code, ztcn, source, start_date, end_date, created_date, updated_date) VALUES ('3e12bff3-c69f-4f34-b7ad-ed453036fb7e', 'X3TY01S9ZZL4HJQ', '2fca4989-037a-496f-9b59-cffd3990a5dd', 'WRITTEN', 'SPA','0ZSDCU8DSL7G6AO', 'MARKETPLACE', '2020-12-10 00:00:00', null, CURRENT_TIMESTAMP(), CURRENT_TIMESTAMP());

INSERT INTO member_identifier(member_identifier_sk, member_identifier_code, member_sk, identifier_type_code, identifier_value, is_active, ztcn, source, created_date, updated_date) VALUES ('da66a1f6-e5c5-481a-93a3-58e15bf41d1f', '1WISWCYI2B1XFDD', '2fca4989-037a-496f-9b59-cffd3990a5dd', 'SSN', '856-34-9568', true, '0ZSDCU8DSL7G6AO', 'MARKETPLACE', CURRENT_TIMESTAMP(), CURRENT_TIMESTAMP());

INSERT INTO enrollment_span(enrlmnt_span_sk, enrollment_span_code, account_sk, state_type_code, marketplace_type_code, business_unit_type_code, enrollment_type, coverage_type_code, start_date, end_date, exchange_subscriber_id, plan_id, group_policy_id, product_type_code, effectuation_date, status_type_code, effective_reason, term_reason, ztcn, source, delinq_ind, created_date, updated_date) VALUES ('ba557400-0afa-4475-bbe9-59503233716a', 'XYFHOHJFGH5CC6V', 'c601259a-6b0f-4a18-882f-d645e934d092', 'FL', 'FFM', 'MP_FL', 'ACTIVE', 'FAM', '2021-01-01 00:00:00', '2021-12-31 00:00:00','64574573', '09643FL0234597', '74845784','HMO','2021-05-01 00:00:00','ENROLLED','MBS',null,'0ZSDCU8DSL7G6AO', 'MARKETPLACE', false, CURRENT_TIMESTAMP(),CURRENT_TIMESTAMP());
INSERT INTO enrollment_span(enrlmnt_span_sk, enrollment_span_code, account_sk, state_type_code, marketplace_type_code, business_unit_type_code, enrollment_type, coverage_type_code, start_date, end_date, exchange_subscriber_id, plan_id, group_policy_id, product_type_code, effectuation_date, status_type_code, effective_reason, term_reason, ztcn, source, delinq_ind, created_date, updated_date) VALUES ('be2a834b-8718-48c7-a3fa-a2aeef9162db', 'WU5ZTKX5XHMTLWG', 'c601259a-6b0f-4a18-882f-d645e934d092', 'FL', 'FFM', 'MP_FL', 'ACTIVE', 'FAM', '2022-01-01 00:00:00', '2022-12-31 00:00:00','64574573', '34526FL0234597', '84584578','HMO','2022-05-01 00:00:00','ENROLLED','MBS',null,'DXB424JH4JXTZWT', 'MARKETPLACE', false, CURRENT_TIMESTAMP(),CURRENT_TIMESTAMP());

INSERT INTO premium_span(premium_span_sk, premium_span_code, ztcn, source, enrollment_span_sk, start_date, end_date, status_type_code, sequence, csr_variant, total_prem_amt, total_resp_amt, aptc_amt, other_pay_amt, csr_amt, created_Date, updated_date) VALUES ('f203d69f-ac11-4efb-9f2e-3bb91ad4e0b5', 'B0AXB3PL5GBCRYA', '0ZSDCU8DSL7G6AO', 'MARKETPLACE', 'ba557400-0afa-4475-bbe9-59503233716a', '2021-01-01 00:00:00', '2021-12-31 00:00:00', 'ACTIVE', 1, '03', 150, 150, 0, 0, 10, CURRENT_TIMESTAMP(),CURRENT_TIMESTAMP());
INSERT INTO premium_span(premium_span_sk, premium_span_code, ztcn, source, enrollment_span_sk, start_date, end_date, status_type_code, sequence, csr_variant, total_prem_amt, total_resp_amt, aptc_amt, other_pay_amt, csr_amt, created_Date, updated_date) VALUES ('088d7dc1-beee-4fb6-987e-4b4447942de3', '174GMP35EQZLOE0', 'DXB424JH4JXTZWT', 'MARKETPLACE', 'be2a834b-8718-48c7-a3fa-a2aeef9162db', '2022-01-01 00:00:00', '2022-06-30 00:00:00', 'ACTIVE', 1, '03', 150, 100, 50, 0, 10, CURRENT_TIMESTAMP(),CURRENT_TIMESTAMP());
INSERT INTO premium_span(premium_span_sk, premium_span_code, ztcn, source, enrollment_span_sk, start_date, end_date, status_type_code, sequence, csr_variant, total_prem_amt, total_resp_amt, aptc_amt, other_pay_amt, csr_amt, created_Date, updated_date) VALUES ('0ef78434-95cc-4063-add0-41fda59c2ead', '9T2QLZYA302OHB0', '00LS0O6YGQPMC5G', 'MARKETPLACE', 'be2a834b-8718-48c7-a3fa-a2aeef9162db', '2022-07-01 00:00:00', '2022-12-31 00:00:00', 'ACTIVE', 2, '03', 150, 125, 25, 0, 20, CURRENT_TIMESTAMP(),CURRENT_TIMESTAMP());

INSERT INTO member_premiums(member_premium_sk, premium_span_sk, member_sk, exchange_member_id, individual_premium_amount, created_date, updated_date) VALUES ('11f766dc-9fe1-4a29-8dd1-4f1c07d1cf43', 'f203d69f-ac11-4efb-9f2e-3bb91ad4e0b5', '2fca4989-037a-496f-9b59-cffd3990a5dd', '6457457301', 150, CURRENT_TIMESTAMP(), CURRENT_TIMESTAMP());
INSERT INTO member_premiums(member_premium_sk, premium_span_sk, member_sk, exchange_member_id, individual_premium_amount, created_date, updated_date) VALUES ('4f14aa2e-f850-4a8c-9200-5419a4cb890a', '088d7dc1-beee-4fb6-987e-4b4447942de3', '2fca4989-037a-496f-9b59-cffd3990a5dd', '6457457301', 150, CURRENT_TIMESTAMP(), CURRENT_TIMESTAMP());
INSERT INTO member_premiums(member_premium_sk, premium_span_sk, member_sk, exchange_member_id, individual_premium_amount, created_date, updated_date) VALUES ('d30feb25-9c0e-4190-88d3-f7a65d370448', '0ef78434-95cc-4063-add0-41fda59c2ead', '2fca4989-037a-496f-9b59-cffd3990a5dd', '6457457301', 150,CURRENT_TIMESTAMP(), CURRENT_TIMESTAMP());


/** Doe Family Account - Contains three members, John, Mary and Christy **/
/** Test Case Id: ZEUS-MMS-ACCT-Update-03 **/
/** Test Case Description: Cancellation of an enrollment span. Family has multiple members **/
INSERT INTO account(account_sk, acct_number, line_of_business_type_code, ztcn, source, created_date, updated_date) VALUES ('66097166-c971-4d99-83b1-0086b8ec6f4e','O70RIWIWR7GSXAJ','HIX','4HSM54WFZKETCFS', 'MARKETPLACE', CURRENT_TIMESTAMP(), CURRENT_TIMESTAMP());

/** John Doe Details **/
INSERT INTO member(member_sk, account_sk, member_code, first_name, middle_name, last_name, relationship_type_code, date_of_birth, gender_type_code, height, weight, ztcn, source, created_date, updated_date) VALUES ('8de41197-dfb3-4f1a-93ed-2fb034b8ce87','66097166-c971-4d99-83b1-0086b8ec6f4e','J11WCUSYKYV5B7S','John', 'P', 'Doe','HOH', '1978-07-13 00:00:00','MALE',5.5,173.56,'4HSM54WFZKETCFS', 'MARKETPLACE',CURRENT_TIMESTAMP(), CURRENT_TIMESTAMP());

INSERT INTO member_address(member_address_sk, member_address_code, member_sk, address_type_code, address_line_1, address_line_2, city, state_type_code, fips_code, zip_code, ztcn, source, start_date, end_date, created_date, updated_date) VALUES ('21961677-878c-4848-8c93-99fc4c964ddd', 'BMUJ8565C9W9450', '8de41197-dfb3-4f1a-93ed-2fb034b8ce87', 'RESIDENCE', '8945 Main Street', 'Apt 303', 'Salem', 'MA', '25009', '78453','4HSM54WFZKETCFS', 'MARKETPLACE', '2020-11-08 00:00:00', null, CURRENT_TIMESTAMP(), CURRENT_TIMESTAMP());
INSERT INTO member_address(member_address_sk, member_address_code, member_sk, address_type_code, address_line_1, address_line_2, city, state_type_code, fips_code, zip_code, ztcn, source, start_date, end_date, created_date, updated_date) VALUES ('9140cb63-7f30-49ea-9f54-4b32fe14ca29', 'DSND8Y2NMMZZUQD', '8de41197-dfb3-4f1a-93ed-2fb034b8ce87', 'MAIL', 'P.O Box 92345', null, 'Salem', 'MA', '25009', '79456','4HSM54WFZKETCFS', 'MARKETPLACE', '2020-11-08 00:00:00', null, CURRENT_TIMESTAMP(), CURRENT_TIMESTAMP());

INSERT INTO member_phone(member_phone_sk, member_phone_code, member_sk, phone_type_code, phone_number, ztcn, source, start_date, end_date, created_date, updated_date) VALUES ('201e451e-0c19-4caf-9d2a-9a5b9a3c8a4f', 'FJOYKKXB7LMDJK5', '8de41197-dfb3-4f1a-93ed-2fb034b8ce87','MOBILE', '973-456-7835','4HSM54WFZKETCFS', 'MARKETPLACE', '2020-11-08 00:00:00', null, CURRENT_TIMESTAMP(), CURRENT_TIMESTAMP());

INSERT INTO member_email(member_email_sk, member_email_code, member_sk, email_type_code, email, is_primary, ztcn, source, start_date, end_date, created_date, updated_date) VALUES ('1a9aaec0-f584-49f3-af26-6e803c7e392b', '3DIFIOAHI9LAG99', '8de41197-dfb3-4f1a-93ed-2fb034b8ce87', 'PERSONAL', 'johndoe@gmail.com', true,'4HSM54WFZKETCFS', 'MARKETPLACE', '2020-11-08 00:00:00', null, CURRENT_TIMESTAMP(), CURRENT_TIMESTAMP());
INSERT INTO member_email(member_email_sk, member_email_code, member_sk, email_type_code, email, is_primary, ztcn, source, start_date, end_date, created_date, updated_date) VALUES ('9e94ecfd-48ac-47f0-bde4-b9ad75d8f884', 'XEHXIQT58LUGFFJ', '8de41197-dfb3-4f1a-93ed-2fb034b8ce87', 'WORK', 'john.doe@wellcare.com', false,null, 'ZEUS-UI', '2020-11-08 00:00:00', null, CURRENT_TIMESTAMP(), CURRENT_TIMESTAMP());

INSERT INTO member_language(member_language_sk, member_language_code, member_sk, language_type_code, language_code, ztcn, source, start_date, end_date, created_date, updated_date) VALUES ('982acf04-e508-4416-8faa-330fe0ec89f9', '6JPHAKLHQCKSMTJ', '8de41197-dfb3-4f1a-93ed-2fb034b8ce87', 'SPOKEN', 'ENG','4HSM54WFZKETCFS', 'MARKETPLACE', '2020-11-08 00:00:00', null, CURRENT_TIMESTAMP(), CURRENT_TIMESTAMP());
INSERT INTO member_language(member_language_sk, member_language_code, member_sk, language_type_code, language_code, ztcn, source, start_date, end_date, created_date, updated_date) VALUES ('0af84ee8-5a07-43f0-9792-a0e3241d1ec9', 'QH3LAAI0FIH4HAJ', '8de41197-dfb3-4f1a-93ed-2fb034b8ce87', 'WRITTEN', 'SPA','4HSM54WFZKETCFS', 'MARKETPLACE', '2020-11-08 00:00:00', null, CURRENT_TIMESTAMP(), CURRENT_TIMESTAMP());

INSERT INTO member_identifier(member_identifier_sk, member_identifier_code, member_sk, identifier_type_code, identifier_value, is_active, ztcn, source, created_date, updated_date) VALUES ('d9a8cfcc-d1aa-492c-9b3c-38a406927b6e', '6AJFHK7N348BSHB', '8de41197-dfb3-4f1a-93ed-2fb034b8ce87', 'SSN', '345-74-3463', true,'4HSM54WFZKETCFS', 'MARKETPLACE', CURRENT_TIMESTAMP(), CURRENT_TIMESTAMP());

/** Mary Doe Details **/

INSERT INTO member(member_sk, account_sk, member_code, first_name, middle_name, last_name, relationship_type_code, date_of_birth, gender_type_code, height, weight, ztcn, source, created_date, updated_date) VALUES ('02fe5093-5581-4e6d-8bfe-48055add707c','66097166-c971-4d99-83b1-0086b8ec6f4e','IK6S1UU7F2WZJYP','Mary', 'J', 'Doe', 'SPE', '1979-05-25 00:00:00','FEMALE',5.2,110.34,'4HSM54WFZKETCFS', 'MARKETPLACE',CURRENT_TIMESTAMP(), CURRENT_TIMESTAMP());

INSERT INTO member_address(member_address_sk, member_address_code, member_sk, address_type_code, address_line_1, address_line_2, city, state_type_code, fips_code, zip_code, ztcn, source, start_date, end_date, created_date, updated_date) VALUES ('b230b042-1c86-4eae-8bb7-03ff42381f80', '10PNJMDMOWNAP6Q', '02fe5093-5581-4e6d-8bfe-48055add707c', 'RESIDENCE', '8945 Main Street', 'Apt 303', 'Salem', 'MA', '25009', '78453','4HSM54WFZKETCFS', 'MARKETPLACE', '2020-11-08 00:00:00', null, CURRENT_TIMESTAMP(), CURRENT_TIMESTAMP());
INSERT INTO member_address(member_address_sk, member_address_code, member_sk, address_type_code, address_line_1, address_line_2, city, state_type_code, fips_code, zip_code, ztcn, source, start_date, end_date, created_date, updated_date) VALUES ('40dae692-8239-4a70-877f-cb0a832cc54e', 'JEDSKBCMZ2HH5EJ', '02fe5093-5581-4e6d-8bfe-48055add707c', 'MAIL', 'P.O Box 92345', null, 'Salem', 'MA', '25009', '79456','4HSM54WFZKETCFS', 'MARKETPLACE', '2020-11-08 00:00:00', null, CURRENT_TIMESTAMP(), CURRENT_TIMESTAMP());

INSERT INTO member_phone(member_phone_sk, member_phone_code, member_sk, phone_type_code, phone_number, ztcn, source, start_date, end_date, created_date, updated_date) VALUES ('68fbd8b5-597b-46d3-9f19-53c42739efc7','GIW3F4641DSG7N5', '02fe5093-5581-4e6d-8bfe-48055add707c','MOBILE', '973-456-7836','4HSM54WFZKETCFS', 'MARKETPLACE', '2020-11-08 00:00:00', null, CURRENT_TIMESTAMP(), CURRENT_TIMESTAMP());

INSERT INTO member_email(member_email_sk, member_email_code, member_sk, email_type_code, email, is_primary, ztcn, source, start_date, end_date, created_date, updated_date) VALUES ('ad5de35c-7fc3-4e58-821f-08e028cccad3', 'OLKWX144DH0E9BU', '02fe5093-5581-4e6d-8bfe-48055add707c', 'PERSONAL', 'marydoe@gmail.com', true,'4HSM54WFZKETCFS', 'MARKETPLACE', '2020-11-08 00:00:00', null, CURRENT_TIMESTAMP(), CURRENT_TIMESTAMP());
INSERT INTO member_email(member_email_sk, member_email_code, member_sk, email_type_code, email, is_primary, ztcn, source, start_date, end_date, created_date, updated_date) VALUES ('7dd38503-8e01-4090-89fa-beb74f7f2696', 'EUA0MU7CV3OPYTG', '02fe5093-5581-4e6d-8bfe-48055add707c', 'WORK', 'mary.doe@wellcare.com', false,null, 'ZEUS-UI', '2020-11-08 00:00:00', null, CURRENT_TIMESTAMP(), CURRENT_TIMESTAMP());

INSERT INTO member_language(member_language_sk, member_language_code, member_sk, language_type_code, language_code, ztcn, source, start_date, end_date, created_date, updated_date) VALUES ('b0b9e5ae-6b96-4acd-9964-faf38de025ed', '5YEQY0Q6NV291K3', '02fe5093-5581-4e6d-8bfe-48055add707c', 'SPOKEN', 'ENG','4HSM54WFZKETCFS', 'MARKETPLACE', '2020-11-08 00:00:00', null, CURRENT_TIMESTAMP(), CURRENT_TIMESTAMP());
INSERT INTO member_language(member_language_sk, member_language_code, member_sk, language_type_code, language_code, ztcn, source, start_date, end_date, created_date, updated_date) VALUES ('4d00932a-e494-4fa5-bad6-5038814217b8', 'XZXRYN2U2SKFGYF', '02fe5093-5581-4e6d-8bfe-48055add707c', 'WRITTEN', 'SPA','4HSM54WFZKETCFS', 'MARKETPLACE', '2020-11-08 00:00:00', null, CURRENT_TIMESTAMP(), CURRENT_TIMESTAMP());

INSERT INTO member_identifier(member_identifier_sk, member_identifier_code, member_sk, identifier_type_code, identifier_value, is_active, ztcn, source, created_date, updated_date) VALUES ('2cd489bb-2e5c-48f7-ac27-1563b8f118ca', '8WOZ40J1WNPMAY4', '02fe5093-5581-4e6d-8bfe-48055add707c', 'SSN', '567-23-7457', true,'4HSM54WFZKETCFS', 'MARKETPLACE', CURRENT_TIMESTAMP(), CURRENT_TIMESTAMP());

/** Christy Doe Details **/
INSERT INTO member(member_sk, account_sk, member_code, first_name, middle_name, last_name, relationship_type_code, date_of_birth, gender_type_code, height, weight, ztcn, source, created_date, updated_date) VALUES ('0b21b364-b21c-4d06-914a-13089e063424','66097166-c971-4d99-83b1-0086b8ec6f4e','L2U3HF42S0YA9E8','Christy', 'D', 'Doe', 'CHD', '2002-05-10 00:00:00','FEMALE',5.3,109.78,'4HSM54WFZKETCFS', 'MARKETPLACE',CURRENT_TIMESTAMP(), CURRENT_TIMESTAMP());

INSERT INTO member_address(member_address_sk, member_address_code, member_sk, address_type_code, address_line_1, address_line_2, city, state_type_code, fips_code, zip_code, ztcn, source, start_date, end_date, created_date, updated_date) VALUES ('723c819c-8d5f-4a01-aa63-303db9dc1a8b', 'MGDSPC4F4RD86SS', '0b21b364-b21c-4d06-914a-13089e063424', 'RESIDENCE', '8945 Main Street', 'Apt 303', 'Salem', 'MA', '25009', '78453','4HSM54WFZKETCFS', 'MARKETPLACE', '2020-11-08 00:00:00', null, CURRENT_TIMESTAMP(), CURRENT_TIMESTAMP());
INSERT INTO member_address(member_address_sk, member_address_code, member_sk, address_type_code, address_line_1, address_line_2, city, state_type_code, fips_code, zip_code, ztcn, source, start_date, end_date, created_date, updated_date) VALUES ('ce57121a-81db-4635-834a-bc1dc8a4a827', 'EMD5W05GK7Q51SJ', '0b21b364-b21c-4d06-914a-13089e063424', 'MAIL', 'P.O Box 92345', null, 'Salem', 'MA', '25009', '79456','4HSM54WFZKETCFS', 'MARKETPLACE', '2020-11-08 00:00:00', null, CURRENT_TIMESTAMP(), CURRENT_TIMESTAMP());

INSERT INTO member_phone(member_phone_sk, member_phone_code, member_sk, phone_type_code, phone_number, ztcn, source, start_date, end_date, created_date, updated_date) VALUES ('bb2b8f4d-2389-48d3-b86e-f1e32bc1d8b6','UQV29XT8JJ4R0NM', '0b21b364-b21c-4d06-914a-13089e063424','MOBILE', '973-456-7835','4HSM54WFZKETCFS', 'MARKETPLACE', '2020-11-08 00:00:00', null, CURRENT_TIMESTAMP(), CURRENT_TIMESTAMP());

INSERT INTO member_email(member_email_sk, member_email_code, member_sk, email_type_code, email, is_primary, ztcn, source, start_date, end_date, created_date, updated_date) VALUES ('45ad19b4-16c6-4399-9a16-cba62e439bee', '8QWGL8HHTV0UH2T', '0b21b364-b21c-4d06-914a-13089e063424', 'PERSONAL', 'christydoe@gmail.com', true,'4HSM54WFZKETCFS', 'MARKETPLACE', '2020-11-08 00:00:00', null, CURRENT_TIMESTAMP(), CURRENT_TIMESTAMP());
INSERT INTO member_email(member_email_sk, member_email_code, member_sk, email_type_code, email, is_primary, ztcn, source, start_date, end_date, created_date, updated_date) VALUES ('7e4403ad-9a61-4c3c-adf7-2085cd39841d', '7F98OCB9NTMZZM4', '0b21b364-b21c-4d06-914a-13089e063424', 'WORK', 'christy.doe@wellcare.com', false,null, 'ZEUS-UI', '2020-11-08 00:00:00', null, CURRENT_TIMESTAMP(), CURRENT_TIMESTAMP());

INSERT INTO member_language(member_language_sk, member_language_code, member_sk, language_type_code, language_code, ztcn, source, start_date, end_date, created_date, updated_date) VALUES ('bea69ee6-a66d-40c3-a033-accd0efd1d11', 'IQ70021O4D0RIP4', '0b21b364-b21c-4d06-914a-13089e063424', 'SPOKEN', 'ENG','4HSM54WFZKETCFS', 'MARKETPLACE', '2020-11-08 00:00:00', null, CURRENT_TIMESTAMP(), CURRENT_TIMESTAMP());
INSERT INTO member_language(member_language_sk, member_language_code, member_sk, language_type_code, language_code, ztcn, source, start_date, end_date, created_date, updated_date) VALUES ('67161d0d-b79a-4c86-95c8-ef29af87bbad', 'EYNUYX84JCPRJYE', '0b21b364-b21c-4d06-914a-13089e063424', 'WRITTEN', 'SPA','4HSM54WFZKETCFS', 'MARKETPLACE', '2020-11-08 00:00:00', null, CURRENT_TIMESTAMP(), CURRENT_TIMESTAMP());

INSERT INTO member_identifier(member_identifier_sk, member_identifier_code, member_sk, identifier_type_code, identifier_value, is_active, ztcn, source, created_date, updated_date) VALUES ('c3d1f17b-90e8-4547-8052-542be9d661d6', 'R2MM8Z6LNP4ROHF', '0b21b364-b21c-4d06-914a-13089e063424', 'SSN', '845-85-6457', true,'4HSM54WFZKETCFS', 'MARKETPLACE', CURRENT_TIMESTAMP(), CURRENT_TIMESTAMP());

/** Enrollment and Premium spans associated with Doe family account **/
INSERT INTO enrollment_span(enrlmnt_span_sk, enrollment_span_code, account_sk, state_type_code, marketplace_type_code, business_unit_type_code, enrollment_type, coverage_type_code, start_date, end_date, exchange_subscriber_id, plan_id, group_policy_id, product_type_code, effectuation_date, status_type_code, effective_reason, term_reason, ztcn, source, delinq_ind, created_date, updated_date) VALUES ('db427035-8db3-40ca-8843-d9b5db7a7b45', 'KHEBBHBIZIFZWBK', '66097166-c971-4d99-83b1-0086b8ec6f4e', 'MA', 'FFM', 'MP_MA', 'ACTIVE', 'FAM', '2021-01-01 00:00:00', '2021-12-31 00:00:00', '53456345', '74567MA9523646', '47457757','HMO','2021-05-01 00:00:00','ENROLLED','MBS',null,'4HSM54WFZKETCFS', 'MARKETPLACE', false, CURRENT_TIMESTAMP(),CURRENT_TIMESTAMP());
INSERT INTO enrollment_span(enrlmnt_span_sk, enrollment_span_code, account_sk, state_type_code, marketplace_type_code, business_unit_type_code, enrollment_type, coverage_type_code, start_date, end_date, exchange_subscriber_id, plan_id, group_policy_id, product_type_code, effectuation_date, status_type_code, effective_reason, term_reason, ztcn, source, delinq_ind, created_date, updated_date) VALUES ('5d28dbe4-8c14-484f-9a2a-90c1d88c49b6', 'A31V1DTQB6CXFEQ', '66097166-c971-4d99-83b1-0086b8ec6f4e', 'MA', 'FFM', 'MP_MA', 'ACTIVE', 'FAM', '2022-01-01 00:00:00', '2022-12-31 00:00:00', '53456345', '74567MA6346634', '74567744','HMO','2022-05-01 00:00:00','ENROLLED','MBS',null,'3WO51CQC965V574', 'MARKETPLACE', false, CURRENT_TIMESTAMP(),CURRENT_TIMESTAMP());

INSERT INTO premium_span(premium_span_sk, premium_span_code, ztcn, source, enrollment_span_sk, start_date, end_date, status_type_code, sequence, csr_variant, total_prem_amt, total_resp_amt, aptc_amt, other_pay_amt, csr_amt, created_Date, updated_date) VALUES ('75d161c4-8bed-4bfd-a67e-65c613cfc4d7', '3SKS1M2QI5AA7GV', '4HSM54WFZKETCFS', 'MARKETPLACE', 'db427035-8db3-40ca-8843-d9b5db7a7b45', '2021-01-01 00:00:00', '2021-04-30 00:00:00', 'ACTIVE', 1, '03', 350, 250, 100, 0, 10, CURRENT_TIMESTAMP(),CURRENT_TIMESTAMP());
INSERT INTO premium_span(premium_span_sk, premium_span_code, ztcn, source, enrollment_span_sk, start_date, end_date, status_type_code, sequence, csr_variant, total_prem_amt, total_resp_amt, aptc_amt, other_pay_amt, csr_amt, created_Date, updated_date) VALUES ('d575815a-f873-4b40-95e1-62bdf96d0e0f', 'FW2WTMWR733EZ2W', 'PBYFQ99L63V2VWI', 'MARKETPLACE', 'db427035-8db3-40ca-8843-d9b5db7a7b45', '2021-05-01 00:00:00', '2021-07-31 00:00:00', 'ACTIVE', 2, '03', 350, 225, 125, 0, 20, CURRENT_TIMESTAMP(),CURRENT_TIMESTAMP());
INSERT INTO premium_span(premium_span_sk, premium_span_code, ztcn, source, enrollment_span_sk, start_date, end_date, status_type_code, sequence, csr_variant, total_prem_amt, total_resp_amt, aptc_amt, other_pay_amt, csr_amt, created_Date, updated_date) VALUES ('a0f609d1-3c68-48dc-afed-7ce98ef67c8c', 'QTU1UOVAVVY0VFY', 'J3152B0N17FQ1TO', 'MARKETPLACE', 'db427035-8db3-40ca-8843-d9b5db7a7b45', '2021-08-01 00:00:00', '2021-12-31 00:00:00', 'ACTIVE', 3, '03', 350, 275, 75, 0, 30, CURRENT_TIMESTAMP(),CURRENT_TIMESTAMP());
INSERT INTO premium_span(premium_span_sk, premium_span_code, ztcn, source, enrollment_span_sk, start_date, end_date, status_type_code, sequence, csr_variant, total_prem_amt, total_resp_amt, aptc_amt, other_pay_amt, csr_amt, created_Date, updated_date) VALUES ('f591721f-5274-4f00-a7fa-eec760708dcd', '9MZLHX7MCQKAYBY', '4HSM54WFZKETCFS', 'MARKETPLACE', '5d28dbe4-8c14-484f-9a2a-90c1d88c49b6', '2022-01-01 00:00:00', '2022-06-30 00:00:00', 'ACTIVE', 1, '03', 400, 250, 150, 0, 10, CURRENT_TIMESTAMP(),CURRENT_TIMESTAMP());
INSERT INTO premium_span(premium_span_sk, premium_span_code, ztcn, source, enrollment_span_sk, start_date, end_date, status_type_code, sequence, csr_variant, total_prem_amt, total_resp_amt, aptc_amt, other_pay_amt, csr_amt, created_Date, updated_date) VALUES ('29cab3e7-b919-4e76-9427-1abed999d214', '5K66CDQH3WGZW82', 'VCKSWETIS0F56R3', 'MARKETPLACE', '5d28dbe4-8c14-484f-9a2a-90c1d88c49b6', '2022-07-01 00:00:00', '2022-12-31 00:00:00', 'ACTIVE', 2, '03', 400, 300, 100, 0, 20, CURRENT_TIMESTAMP(),CURRENT_TIMESTAMP());

INSERT INTO member_premiums(member_premium_sk, premium_span_sk, member_sk, exchange_member_id, individual_premium_amount, created_date, updated_date) VALUES ('da8c9a66-4c12-4ad5-9edd-76db68c07b32', '75d161c4-8bed-4bfd-a67e-65c613cfc4d7', '8de41197-dfb3-4f1a-93ed-2fb034b8ce87', '5345634501', 200, CURRENT_TIMESTAMP(), CURRENT_TIMESTAMP());
INSERT INTO member_premiums(member_premium_sk, premium_span_sk, member_sk, exchange_member_id, individual_premium_amount, created_date, updated_date) VALUES ('927c0a2d-f0fc-4b1f-8f41-b5848d1558f2', '75d161c4-8bed-4bfd-a67e-65c613cfc4d7', '02fe5093-5581-4e6d-8bfe-48055add707c', '5345634502', 100, CURRENT_TIMESTAMP(), CURRENT_TIMESTAMP());
INSERT INTO member_premiums(member_premium_sk, premium_span_sk, member_sk, exchange_member_id, individual_premium_amount, created_date, updated_date) VALUES ('e405fdc5-6fbb-4865-8134-17c3d7658bb7', '75d161c4-8bed-4bfd-a67e-65c613cfc4d7', '0b21b364-b21c-4d06-914a-13089e063424', '5345634503', 50,CURRENT_TIMESTAMP(), CURRENT_TIMESTAMP());

INSERT INTO member_premiums(member_premium_sk, premium_span_sk, member_sk, exchange_member_id, individual_premium_amount, created_date, updated_date) VALUES ('c77687f7-00db-4c4f-9d95-723cd2de1e43', 'd575815a-f873-4b40-95e1-62bdf96d0e0f', '8de41197-dfb3-4f1a-93ed-2fb034b8ce87', '5345634501', 200, CURRENT_TIMESTAMP(), CURRENT_TIMESTAMP());
INSERT INTO member_premiums(member_premium_sk, premium_span_sk, member_sk, exchange_member_id, individual_premium_amount, created_date, updated_date) VALUES ('9c6570cc-5723-47cc-bdb7-1f6c4348a263', 'd575815a-f873-4b40-95e1-62bdf96d0e0f', '02fe5093-5581-4e6d-8bfe-48055add707c', '5345634502', 100, CURRENT_TIMESTAMP(), CURRENT_TIMESTAMP());
INSERT INTO member_premiums(member_premium_sk, premium_span_sk, member_sk, exchange_member_id, individual_premium_amount, created_date, updated_date) VALUES ('90319a0f-b1e8-441f-badf-29da29dc6585', 'd575815a-f873-4b40-95e1-62bdf96d0e0f', '0b21b364-b21c-4d06-914a-13089e063424', '5345634503', 50,CURRENT_TIMESTAMP(), CURRENT_TIMESTAMP());

INSERT INTO member_premiums(member_premium_sk, premium_span_sk, member_sk, exchange_member_id, individual_premium_amount, created_date, updated_date) VALUES ('0dd25209-6f3b-4286-8dc7-5779e6a62581', 'a0f609d1-3c68-48dc-afed-7ce98ef67c8c', '8de41197-dfb3-4f1a-93ed-2fb034b8ce87', '5345634501', 200, CURRENT_TIMESTAMP(), CURRENT_TIMESTAMP());
INSERT INTO member_premiums(member_premium_sk, premium_span_sk, member_sk, exchange_member_id, individual_premium_amount, created_date, updated_date) VALUES ('d06d7ce8-0555-4a0b-84d2-666af4b8cc0d', 'a0f609d1-3c68-48dc-afed-7ce98ef67c8c', '02fe5093-5581-4e6d-8bfe-48055add707c', '5345634502', 100, CURRENT_TIMESTAMP(), CURRENT_TIMESTAMP());
INSERT INTO member_premiums(member_premium_sk, premium_span_sk, member_sk, exchange_member_id, individual_premium_amount, created_date, updated_date) VALUES ('e2281bca-aee6-4b6f-8213-f770e2e15b24', 'a0f609d1-3c68-48dc-afed-7ce98ef67c8c', '0b21b364-b21c-4d06-914a-13089e063424', '5345634503', 50,CURRENT_TIMESTAMP(), CURRENT_TIMESTAMP());

INSERT INTO member_premiums(member_premium_sk, premium_span_sk, member_sk, exchange_member_id, individual_premium_amount, created_date, updated_date) VALUES ('adfe37e4-74b4-42dc-a885-1c636333a5ca', 'f591721f-5274-4f00-a7fa-eec760708dcd', '8de41197-dfb3-4f1a-93ed-2fb034b8ce87', '5345634501', 200, CURRENT_TIMESTAMP(), CURRENT_TIMESTAMP());
INSERT INTO member_premiums(member_premium_sk, premium_span_sk, member_sk, exchange_member_id, individual_premium_amount, created_date, updated_date) VALUES ('71b3eb05-d2c9-4c2b-9035-e5bcd659c982', 'f591721f-5274-4f00-a7fa-eec760708dcd', '02fe5093-5581-4e6d-8bfe-48055add707c', '5345634502', 100, CURRENT_TIMESTAMP(), CURRENT_TIMESTAMP());
INSERT INTO member_premiums(member_premium_sk, premium_span_sk, member_sk, exchange_member_id, individual_premium_amount, created_date, updated_date) VALUES ('424e9579-26eb-4ede-9267-d158d206c02d', 'f591721f-5274-4f00-a7fa-eec760708dcd', '0b21b364-b21c-4d06-914a-13089e063424', '5345634503', 100,CURRENT_TIMESTAMP(), CURRENT_TIMESTAMP());

INSERT INTO member_premiums(member_premium_sk, premium_span_sk, member_sk, exchange_member_id, individual_premium_amount, created_date, updated_date) VALUES ('273db9b7-ef42-46c2-900a-abd08dd88bb0', '29cab3e7-b919-4e76-9427-1abed999d214', '8de41197-dfb3-4f1a-93ed-2fb034b8ce87', '5345634501', 250, CURRENT_TIMESTAMP(), CURRENT_TIMESTAMP());
INSERT INTO member_premiums(member_premium_sk, premium_span_sk, member_sk, exchange_member_id, individual_premium_amount, created_date, updated_date) VALUES ('a62ade61-6f42-4766-b585-2d0d2b86618d', '29cab3e7-b919-4e76-9427-1abed999d214', '02fe5093-5581-4e6d-8bfe-48055add707c', '5345634502', 100, CURRENT_TIMESTAMP(), CURRENT_TIMESTAMP());
INSERT INTO member_premiums(member_premium_sk, premium_span_sk, member_sk, exchange_member_id, individual_premium_amount, created_date, updated_date) VALUES ('4e2bcf49-80c4-4aed-8602-f9288ad22193', '29cab3e7-b919-4e76-9427-1abed999d214', '0b21b364-b21c-4d06-914a-13089e063424', '5345634503', 100,CURRENT_TIMESTAMP(), CURRENT_TIMESTAMP());

/** Andre Russell Account details **/

/** Test Case Id: ZEUS-MMS-ACCT-Update-04 **/
/** Test Case Description: New Enrollment span created and multiple enrollment spans canceled **/

INSERT INTO account(account_sk, acct_number, line_of_business_type_code, ztcn, source, created_date, updated_date) VALUES ('43ad5ec8-9cc4-41f4-b0ff-3289081465ec','3R3L5X29OJD0QB4','HIX','WS34QILDDBEUG3W', 'MARKETPLACE', CURRENT_TIMESTAMP(), CURRENT_TIMESTAMP());

INSERT INTO member(member_sk, account_sk, member_code, first_name, middle_name, last_name, relationship_type_code, date_of_birth, gender_type_code, height, weight, ztcn, source, created_date, updated_date) VALUES ('ae4ff9f6-67f3-42e7-b362-aaf5b58a96e0','43ad5ec8-9cc4-41f4-b0ff-3289081465ec','TFKPENQGJY61YWG','Andre', 'B', 'Russell','HOH','1989-03-26 00:00:00','MALE',6.3,215.6,'WS34QILDDBEUG3W', 'MARKETPLACE',CURRENT_TIMESTAMP(), CURRENT_TIMESTAMP());

INSERT INTO member_address(member_address_sk, member_address_code, member_sk, address_type_code, address_line_1, address_line_2, city, state_type_code, fips_code, zip_code, ztcn, source, start_date, end_date, created_date, updated_date) VALUES ('57a54b0e-c6b9-4cb5-87f4-b9a169a2d417', '2ZQMO1PHRQW7CWY', 'ae4ff9f6-67f3-42e7-b362-aaf5b58a96e0', 'RESIDENCE', '124 Vandyke Road', null, 'Tampa', 'FL', '12057', '33457','WS34QILDDBEUG3W', 'MARKETPLACE', '2021-12-15 00:00:00', null, CURRENT_TIMESTAMP(), CURRENT_TIMESTAMP());
INSERT INTO member_address(member_address_sk, member_address_code, member_sk, address_type_code, address_line_1, address_line_2, city, state_type_code, fips_code, zip_code, ztcn, source, start_date, end_date, created_date, updated_date) VALUES ('7c60f71f-df26-42b6-bc67-ea05a79817e0', 'Z7XD7KEJ1G1AJ4U', 'ae4ff9f6-67f3-42e7-b362-aaf5b58a96e0', 'MAIL', 'P.O Box 63463', null, 'Odessa', 'FL', '12057', '33556','WS34QILDDBEUG3W', 'MARKETPLACE', '2021-12-15 00:00:00', null, CURRENT_TIMESTAMP(), CURRENT_TIMESTAMP());

INSERT INTO member_phone(member_phone_sk, member_phone_code, member_sk, phone_type_code, phone_number, ztcn, source, start_date, end_date, created_date, updated_date) VALUES ('ad940221-4744-4890-9e34-395431276c36', '4HXKLEDRRGGPGJC', 'ae4ff9f6-67f3-42e7-b362-aaf5b58a96e0','MOBILE', '813-357-9158','WS34QILDDBEUG3W', 'MARKETPLACE', '2021-12-15 00:00:00', null, CURRENT_TIMESTAMP(), CURRENT_TIMESTAMP());

INSERT INTO member_email(member_email_sk, member_email_code, member_sk, email_type_code, email, is_primary, ztcn, source, start_date, end_date, created_date, updated_date) VALUES ('810eec5b-359d-40f3-818f-b1eaa0816a7e', '0WI3RVPBBZ35RTT', 'ae4ff9f6-67f3-42e7-b362-aaf5b58a96e0', 'PERSONAL', 'arussell326@gmail.com', true,'WS34QILDDBEUG3W', 'MARKETPLACE', '2021-12-15 00:00:00', null, CURRENT_TIMESTAMP(), CURRENT_TIMESTAMP());
INSERT INTO member_email(member_email_sk, member_email_code, member_sk, email_type_code, email, is_primary, ztcn, source, start_date, end_date, created_date, updated_date) VALUES ('8a9b9bba-e5d1-4aed-91ae-d199224049a9', '8BEY70YVCJPBX2K', 'ae4ff9f6-67f3-42e7-b362-aaf5b58a96e0', 'WORK', 'andre.russell@wellcare.com', false,null, 'ZEUS-UI', '2021-12-15 00:00:00', null, CURRENT_TIMESTAMP(), CURRENT_TIMESTAMP());

INSERT INTO member_language(member_language_sk, member_language_code, member_sk, language_type_code, language_code, ztcn, source, start_date, end_date, created_date, updated_date) VALUES ('3d39c424-dbb1-48d4-9712-6d4a5d9afe29', 'CLDP3NW131TS9NZ', 'ae4ff9f6-67f3-42e7-b362-aaf5b58a96e0', 'SPOKEN', 'ENG','WS34QILDDBEUG3W', 'MARKETPLACE', '2021-12-15 00:00:00', null, CURRENT_TIMESTAMP(), CURRENT_TIMESTAMP());
INSERT INTO member_language(member_language_sk, member_language_code, member_sk, language_type_code, language_code, ztcn, source, start_date, end_date, created_date, updated_date) VALUES ('e1cef79a-8c09-4a25-b68e-1ed104bfad30', 'SIX3Q7WT1H1LEL5', 'ae4ff9f6-67f3-42e7-b362-aaf5b58a96e0', 'WRITTEN', 'SPA','WS34QILDDBEUG3W', 'MARKETPLACE', '2021-12-15 00:00:00', null, CURRENT_TIMESTAMP(), CURRENT_TIMESTAMP());

INSERT INTO member_identifier(member_identifier_sk, member_identifier_code, member_sk, identifier_type_code, identifier_value, is_active, ztcn, source, created_date, updated_date) VALUES ('4fba56bf-c73f-4d8d-b5ed-400c02868bb7', '3829T0FUCVJ400J', 'ae4ff9f6-67f3-42e7-b362-aaf5b58a96e0', 'SSN', '934-64-6236', true,'WS34QILDDBEUG3W', 'MARKETPLACE', CURRENT_TIMESTAMP(), CURRENT_TIMESTAMP());

INSERT INTO enrollment_span(enrlmnt_span_sk, enrollment_span_code, account_sk, state_type_code, marketplace_type_code, business_unit_type_code, enrollment_type, coverage_type_code, start_date, end_date, exchange_subscriber_id, plan_id, group_policy_id, product_type_code, effectuation_date, status_type_code, effective_reason, term_reason, ztcn, source, delinq_ind, created_date, updated_date) VALUES ('b8b4654b-474a-4c6c-a91f-0c0a727b2cd4', '78UQZOVCK67AAPY', '43ad5ec8-9cc4-41f4-b0ff-3289081465ec', 'FL', 'FFM', 'MP_FL', 'ACTIVE', 'FAM', '2022-01-01 00:00:00', '2022-12-31 00:00:00','962852092','89355FL0234597', '63456345','HMO','2021-10-01 00:00:00','ENROLLED','MBS',null,'WS34QILDDBEUG3W', 'MARKETPLACE', false, CURRENT_TIMESTAMP(),CURRENT_TIMESTAMP());
INSERT INTO enrollment_span(enrlmnt_span_sk, enrollment_span_code, account_sk, state_type_code, marketplace_type_code, business_unit_type_code, enrollment_type, coverage_type_code, start_date, end_date, exchange_subscriber_id, plan_id, group_policy_id, product_type_code, effectuation_date, status_type_code, effective_reason, term_reason, ztcn, source, delinq_ind, created_date, updated_date) VALUES ('46c6e862-896f-4f29-877c-49472b5e5636', 'T41EE4DZ8Z2I7ML', '43ad5ec8-9cc4-41f4-b0ff-3289081465ec', 'FL', 'FFM', 'MP_FL', 'ACTIVE', 'FAM', '2023-01-01 00:00:00', '2023-03-31 00:00:00','962852092','89355FL0234598', '52353535','HMO','2023-01-15 00:00:00','ENROLLED','MBS','VOLWITH','6OVIKA7V2BSL1W1', 'MARKETPLACE', false, CURRENT_TIMESTAMP(),CURRENT_TIMESTAMP());
INSERT INTO enrollment_span(enrlmnt_span_sk, enrollment_span_code, account_sk, state_type_code, marketplace_type_code, business_unit_type_code, enrollment_type, coverage_type_code, start_date, end_date, exchange_subscriber_id, plan_id, group_policy_id, product_type_code, effectuation_date, status_type_code, effective_reason, term_reason, ztcn, source, delinq_ind, created_date, updated_date) VALUES ('37f2d774-f4b1-4bd8-a766-94bc1c32e29c', 'SR8JQCTS45G3QBS', '43ad5ec8-9cc4-41f4-b0ff-3289081465ec', 'FL', 'FFM', 'MP_FL', 'ACTIVE', 'FAM', '2023-04-01 00:00:00', '2023-07-31 00:00:00','962852092','89355FL0234599', '63456645','HMO','2023-02-21 00:00:00','ENROLLED','MBS','VOLWITH','S4QSBKKN5PXY9O1', 'MARKETPLACE', false, CURRENT_TIMESTAMP(),CURRENT_TIMESTAMP());
INSERT INTO enrollment_span(enrlmnt_span_sk, enrollment_span_code, account_sk, state_type_code, marketplace_type_code, business_unit_type_code, enrollment_type, coverage_type_code, start_date, end_date, exchange_subscriber_id, plan_id, group_policy_id, product_type_code, effectuation_date, status_type_code, effective_reason, term_reason, ztcn, source, delinq_ind, created_date, updated_date) VALUES ('f591c843-cc2a-4e4c-af7d-ce9204642369', 'Y8ZNZ0DPA3X69AO', '43ad5ec8-9cc4-41f4-b0ff-3289081465ec', 'FL', 'FFM', 'MP_FL', 'ACTIVE', 'FAM', '2023-08-01 00:00:00', '2023-12-31 00:00:00','962852092','89355FL0234600', '33465345','HMO','2023-04-12 00:00:00','ENROLLED','MBS',null,'2H0TMVV085KSBUP', 'MARKETPLACE', false, CURRENT_TIMESTAMP(),CURRENT_TIMESTAMP());

INSERT INTO premium_span(premium_span_sk, premium_span_code, ztcn, source, enrollment_span_sk, start_date, end_date, status_type_code, sequence, csr_variant, total_prem_amt, total_resp_amt, aptc_amt, other_pay_amt, csr_amt, created_Date, updated_date) VALUES ('306309b0-a812-4a51-9683-a53a09650dd4', 'I9F87Q6CW42SMKK', 'WS34QILDDBEUG3W', 'MARKETPLACE', 'b8b4654b-474a-4c6c-a91f-0c0a727b2cd4', '2022-01-01 00:00:00', '2022-06-30 00:00:00', 'ACTIVE', 1, '03', 150, 150, 0, 0, 10, CURRENT_TIMESTAMP(),CURRENT_TIMESTAMP());
INSERT INTO premium_span(premium_span_sk, premium_span_code, ztcn, source, enrollment_span_sk, start_date, end_date, status_type_code, sequence, csr_variant, total_prem_amt, total_resp_amt, aptc_amt, other_pay_amt, csr_amt, created_Date, updated_date) VALUES ('ea843005-e936-45ca-8e22-970cfe577315', '2F9CBXH2L7J7H8X', 'CK09QEKXAJ0U6R1', 'MARKETPLACE', 'b8b4654b-474a-4c6c-a91f-0c0a727b2cd4', '2022-07-01 00:00:00', '2022-12-31 00:00:00', 'ACTIVE', 2, '03', 150, 150, 0, 0, 20, CURRENT_TIMESTAMP(),CURRENT_TIMESTAMP());
INSERT INTO premium_span(premium_span_sk, premium_span_code, ztcn, source, enrollment_span_sk, start_date, end_date, status_type_code, sequence, csr_variant, total_prem_amt, total_resp_amt, aptc_amt, other_pay_amt, csr_amt, created_Date, updated_date) VALUES ('d460c7c3-2829-4363-8dc4-2ccf65a46c18', 'EYN689DA5XCWSV8', '6OVIKA7V2BSL1W1', 'MARKETPLACE', '46c6e862-896f-4f29-877c-49472b5e5636', '2023-01-01 00:00:00', '2023-01-31 00:00:00', 'ACTIVE', 1, '03', 150, 150, 0, 0, 30, CURRENT_TIMESTAMP(),CURRENT_TIMESTAMP());
INSERT INTO premium_span(premium_span_sk, premium_span_code, ztcn, source, enrollment_span_sk, start_date, end_date, status_type_code, sequence, csr_variant, total_prem_amt, total_resp_amt, aptc_amt, other_pay_amt, csr_amt, created_Date, updated_date) VALUES ('8e13d496-649c-4592-aae2-e5c8167c9162', 'U8HGS1068W54W9S', '6MIHTSCMSKMUXWM', 'MARKETPLACE', '46c6e862-896f-4f29-877c-49472b5e5636', '2023-02-01 00:00:00', '2023-03-31 00:00:00', 'ACTIVE', 2, '03', 150, 150, 0, 0, 40, CURRENT_TIMESTAMP(),CURRENT_TIMESTAMP());

INSERT INTO premium_span(premium_span_sk, premium_span_code, ztcn, source, enrollment_span_sk, start_date, end_date, status_type_code, sequence, csr_variant, total_prem_amt, total_resp_amt, aptc_amt, other_pay_amt, csr_amt, created_Date, updated_date) VALUES ('e5af787f-2ee2-408d-9f7a-24b264b31a5d', 'U8J8BIHI8G3FXA3', 'S4QSBKKN5PXY9O1', 'MARKETPLACE', '37f2d774-f4b1-4bd8-a766-94bc1c32e29c', '2023-04-01 00:00:00', '2023-05-31 00:00:00', 'ACTIVE', 3, '03', 150, 150, 0, 0, 50, CURRENT_TIMESTAMP(),CURRENT_TIMESTAMP());
INSERT INTO premium_span(premium_span_sk, premium_span_code, ztcn, source, enrollment_span_sk, start_date, end_date, status_type_code, sequence, csr_variant, total_prem_amt, total_resp_amt, aptc_amt, other_pay_amt, csr_amt, created_Date, updated_date) VALUES ('aa6bfc09-d031-4e28-80fd-65fd028c5b2c', 'S8BH9O2NA7VTDMU', 'AGHJ0JAN4VAJ10V', 'MARKETPLACE', '37f2d774-f4b1-4bd8-a766-94bc1c32e29c', '2023-06-01 00:00:00', '2023-06-30 00:00:00', 'ACTIVE', 4, '03', 150, 150, 0, 0, 60, CURRENT_TIMESTAMP(),CURRENT_TIMESTAMP());
INSERT INTO premium_span(premium_span_sk, premium_span_code, ztcn, source, enrollment_span_sk, start_date, end_date, status_type_code, sequence, csr_variant, total_prem_amt, total_resp_amt, aptc_amt, other_pay_amt, csr_amt, created_Date, updated_date) VALUES ('47573ea7-2f4a-45f3-a066-9d0124346a05', 'K5E7MBMD5D3E3NZ', 'YRN0HGWCBNA13JQ', 'MARKETPLACE', '37f2d774-f4b1-4bd8-a766-94bc1c32e29c', '2023-07-01 00:00:00', '2023-07-31 00:00:00', 'ACTIVE', 5, '03', 150, 150, 0, 0, 70, CURRENT_TIMESTAMP(),CURRENT_TIMESTAMP());

INSERT INTO premium_span(premium_span_sk, premium_span_code, ztcn, source, enrollment_span_sk, start_date, end_date, status_type_code, sequence, csr_variant, total_prem_amt, total_resp_amt, aptc_amt, other_pay_amt, csr_amt, created_Date, updated_date) VALUES ('76327529-309c-404a-9e4e-70113fdd5069', 'X3J9OA485O44W66', '2H0TMVV085KSBUP', 'MARKETPLACE', 'f591c843-cc2a-4e4c-af7d-ce9204642369', '2023-08-01 00:00:00', '2023-12-31 00:00:00', 'ACTIVE', 6, '03', 150, 150, 0, 0, 80, CURRENT_TIMESTAMP(),CURRENT_TIMESTAMP());

INSERT INTO member_premiums(member_premium_sk, premium_span_sk, member_sk, exchange_member_id, individual_premium_amount, created_date, updated_date) VALUES ('c38a9a39-97c6-4c49-aa9c-bd37e23cf643', '306309b0-a812-4a51-9683-a53a09650dd4', 'ae4ff9f6-67f3-42e7-b362-aaf5b58a96e0', '96285209201', 150, CURRENT_TIMESTAMP(), CURRENT_TIMESTAMP());
INSERT INTO member_premiums(member_premium_sk, premium_span_sk, member_sk, exchange_member_id, individual_premium_amount, created_date, updated_date) VALUES ('320f22ca-52a7-4647-9713-2ddaae68145a', 'ea843005-e936-45ca-8e22-970cfe577315', 'ae4ff9f6-67f3-42e7-b362-aaf5b58a96e0', '96285209201', 150,CURRENT_TIMESTAMP(), CURRENT_TIMESTAMP());
INSERT INTO member_premiums(member_premium_sk, premium_span_sk, member_sk, exchange_member_id, individual_premium_amount, created_date, updated_date) VALUES ('af7e5ab3-a56e-408f-8c0a-1aacc783e399', 'd460c7c3-2829-4363-8dc4-2ccf65a46c18', 'ae4ff9f6-67f3-42e7-b362-aaf5b58a96e0', '96285209201', 150,CURRENT_TIMESTAMP(), CURRENT_TIMESTAMP());
INSERT INTO member_premiums(member_premium_sk, premium_span_sk, member_sk, exchange_member_id, individual_premium_amount, created_date, updated_date) VALUES ('68696d39-0c67-467f-8697-9152b1f44a0c', '8e13d496-649c-4592-aae2-e5c8167c9162', 'ae4ff9f6-67f3-42e7-b362-aaf5b58a96e0', '96285209201', 150,CURRENT_TIMESTAMP(), CURRENT_TIMESTAMP());
INSERT INTO member_premiums(member_premium_sk, premium_span_sk, member_sk, exchange_member_id, individual_premium_amount, created_date, updated_date) VALUES ('c03c90f9-ea2b-4e6d-ba86-af584ef457d1', 'e5af787f-2ee2-408d-9f7a-24b264b31a5d', 'ae4ff9f6-67f3-42e7-b362-aaf5b58a96e0', '96285209201', 150,CURRENT_TIMESTAMP(), CURRENT_TIMESTAMP());
INSERT INTO member_premiums(member_premium_sk, premium_span_sk, member_sk, exchange_member_id, individual_premium_amount, created_date, updated_date) VALUES ('485d20d1-07e8-4577-b359-3629e435e2b4', 'aa6bfc09-d031-4e28-80fd-65fd028c5b2c', 'ae4ff9f6-67f3-42e7-b362-aaf5b58a96e0', '96285209201', 150,CURRENT_TIMESTAMP(), CURRENT_TIMESTAMP());
INSERT INTO member_premiums(member_premium_sk, premium_span_sk, member_sk, exchange_member_id, individual_premium_amount, created_date, updated_date) VALUES ('f17566cf-71bc-4acb-8319-f037380df7d2', '47573ea7-2f4a-45f3-a066-9d0124346a05', 'ae4ff9f6-67f3-42e7-b362-aaf5b58a96e0', '96285209201', 150,CURRENT_TIMESTAMP(), CURRENT_TIMESTAMP());
INSERT INTO member_premiums(member_premium_sk, premium_span_sk, member_sk, exchange_member_id, individual_premium_amount, created_date, updated_date) VALUES ('8136d2ec-0d7c-452b-8933-e72f2e84695d', '76327529-309c-404a-9e4e-70113fdd5069', 'ae4ff9f6-67f3-42e7-b362-aaf5b58a96e0', '96285209201', 150,CURRENT_TIMESTAMP(), CURRENT_TIMESTAMP());


/** Rashid Khan Account details **/

/** Test Case Id: ZEUS-MMS-ACCT-Update-05 **/
/** Test Case Description: New Enrollment span created, one enrollment span termed and multiple enrollment spans canceled **/

INSERT INTO account(account_sk, acct_number, line_of_business_type_code, ztcn, source, created_date, updated_date) VALUES ('9267c989-124e-4c1f-a341-16de5abdd4d0','NB8156WMUW854QT','HIX','B9ID0C6ABL4IYQF', 'MARKETPLACE', CURRENT_TIMESTAMP(), CURRENT_TIMESTAMP());

INSERT INTO member(member_sk, account_sk, member_code, first_name, middle_name, last_name, relationship_type_code, date_of_birth, gender_type_code, height, weight, ztcn, source, created_date, updated_date) VALUES ('1c488ddb-aceb-47db-a9c4-a2998c5763ee','9267c989-124e-4c1f-a341-16de5abdd4d0','R540WZGCBYBQY25','Rashid', 'A', 'Khan','HOH','1991-06-23 00:00:00','MALE',5.3,175.4,'B9ID0C6ABL4IYQF', 'MARKETPLACE',CURRENT_TIMESTAMP(), CURRENT_TIMESTAMP());

INSERT INTO member_address(member_address_sk, member_address_code, member_sk, address_type_code, address_line_1, address_line_2, city, state_type_code, fips_code, zip_code, ztcn, source, start_date, end_date, created_date, updated_date) VALUES ('25a09238-4f46-402e-a4b3-d937d91dc32e', 'KO6LHE63A0LO7GI', '1c488ddb-aceb-47db-a9c4-a2998c5763ee', 'RESIDENCE', '3423 Lake Jasmine Drive', null, 'Tampa', 'FL', '12057', '33626','B9ID0C6ABL4IYQF', 'MARKETPLACE', '2021-12-15 00:00:00', null, CURRENT_TIMESTAMP(), CURRENT_TIMESTAMP());
INSERT INTO member_address(member_address_sk, member_address_code, member_sk, address_type_code, address_line_1, address_line_2, city, state_type_code, fips_code, zip_code, ztcn, source, start_date, end_date, created_date, updated_date) VALUES ('39cab811-950c-41c1-a402-f08f16049cba', 'HFN4938JB16HFWE', '1c488ddb-aceb-47db-a9c4-a2998c5763ee', 'MAIL', 'P.O Box 53355', null, 'Tampa', 'FL', '12057', '33626','B9ID0C6ABL4IYQF', 'MARKETPLACE', '2021-12-15 00:00:00', null, CURRENT_TIMESTAMP(), CURRENT_TIMESTAMP());

INSERT INTO member_phone(member_phone_sk, member_phone_code, member_sk, phone_type_code, phone_number, ztcn, source, start_date, end_date, created_date, updated_date) VALUES ('0489720e-6447-4dbc-97a2-2f23ab9016f0', 'NBR86QCLNXJ682M', '1c488ddb-aceb-47db-a9c4-a2998c5763ee','MOBILE', '813-357-9159','B9ID0C6ABL4IYQF', 'MARKETPLACE', '2021-12-15 00:00:00', null, CURRENT_TIMESTAMP(), CURRENT_TIMESTAMP());

INSERT INTO member_email(member_email_sk, member_email_code, member_sk, email_type_code, email, is_primary, ztcn, source, start_date, end_date, created_date, updated_date) VALUES ('00dffd1d-5649-4867-b376-933f6e91df01', 'DDO1E4YT2E2SEPG', '1c488ddb-aceb-47db-a9c4-a2998c5763ee', 'PERSONAL', 'rkhan623@gmail.com', true,'B9ID0C6ABL4IYQF', 'MARKETPLACE', '2021-12-15 00:00:00', null, CURRENT_TIMESTAMP(), CURRENT_TIMESTAMP());
INSERT INTO member_email(member_email_sk, member_email_code, member_sk, email_type_code, email, is_primary, ztcn, source, start_date, end_date, created_date, updated_date) VALUES ('3d187f78-3c24-4931-ac82-b88b82d04d69', 'CWQQP549J5ZHJG0', '1c488ddb-aceb-47db-a9c4-a2998c5763ee', 'WORK', 'rashid.khan@wellcare.com', false,null, 'ZEUS-UI', '2021-12-15 00:00:00', null, CURRENT_TIMESTAMP(), CURRENT_TIMESTAMP());

INSERT INTO member_language(member_language_sk, member_language_code, member_sk, language_type_code, language_code, ztcn, source, start_date, end_date, created_date, updated_date) VALUES ('a22a8377-82b9-4331-822e-8d42c109fe7e', 'KWV8H09DFN72D50', '1c488ddb-aceb-47db-a9c4-a2998c5763ee', 'SPOKEN', 'ENG','B9ID0C6ABL4IYQF', 'MARKETPLACE', '2021-12-15 00:00:00', null, CURRENT_TIMESTAMP(), CURRENT_TIMESTAMP());
INSERT INTO member_language(member_language_sk, member_language_code, member_sk, language_type_code, language_code, ztcn, source, start_date, end_date, created_date, updated_date) VALUES ('c9f0527e-4f64-44d2-a701-3a81cf2d5c35', '9ETVHJUEF78IG4Z', '1c488ddb-aceb-47db-a9c4-a2998c5763ee', 'WRITTEN', 'SPA','B9ID0C6ABL4IYQF', 'MARKETPLACE', '2021-12-15 00:00:00', null, CURRENT_TIMESTAMP(), CURRENT_TIMESTAMP());

INSERT INTO member_identifier(member_identifier_sk, member_identifier_code, member_sk, identifier_type_code, identifier_value, is_active, ztcn, source, created_date, updated_date) VALUES ('5c027e65-5a05-4618-90c3-3647d8d649ea', '2HXVTLJOFK8UWJ9', '1c488ddb-aceb-47db-a9c4-a2998c5763ee', 'SSN', '734-63-6334', true,'B9ID0C6ABL4IYQF', 'MARKETPLACE', CURRENT_TIMESTAMP(), CURRENT_TIMESTAMP());

INSERT INTO enrollment_span(enrlmnt_span_sk, enrollment_span_code, account_sk, state_type_code, marketplace_type_code, business_unit_type_code, enrollment_type, coverage_type_code, start_date, end_date, exchange_subscriber_id, plan_id, group_policy_id, product_type_code, effectuation_date, status_type_code, effective_reason, term_reason, ztcn, source, delinq_ind, created_date, updated_date) VALUES ('9bda26a4-d597-4cfd-b32b-707719e3eccf', 'ZV1HNXLVAK5PMX5', '9267c989-124e-4c1f-a341-16de5abdd4d0', 'FL', 'FFM', 'MP_FL', 'ACTIVE', 'FAM', '2022-01-01 00:00:00', '2022-12-31 00:00:00','682356456','89355FL0234597', '74356373','HMO','2021-10-01 00:00:00','ENROLLED','MBS',null,'B9ID0C6ABL4IYQF', 'MARKETPLACE', false, CURRENT_TIMESTAMP(),CURRENT_TIMESTAMP());
INSERT INTO enrollment_span(enrlmnt_span_sk, enrollment_span_code, account_sk, state_type_code, marketplace_type_code, business_unit_type_code, enrollment_type, coverage_type_code, start_date, end_date, exchange_subscriber_id, plan_id, group_policy_id, product_type_code, effectuation_date, status_type_code, effective_reason, term_reason, ztcn, source, delinq_ind, created_date, updated_date) VALUES ('33eacc97-717d-4dbb-89a5-2f6db1034cf2', 'M7IBRW6K02P4CQ4', '9267c989-124e-4c1f-a341-16de5abdd4d0', 'FL', 'FFM', 'MP_FL', 'ACTIVE', 'FAM', '2023-01-01 00:00:00', '2023-03-31 00:00:00','682356456','89355FL0234598', '35735534','HMO','2023-01-15 00:00:00','ENROLLED','MBS','VOLWITH','CQZBVFLEAPDY0MB', 'MARKETPLACE', false, CURRENT_TIMESTAMP(),CURRENT_TIMESTAMP());
INSERT INTO enrollment_span(enrlmnt_span_sk, enrollment_span_code, account_sk, state_type_code, marketplace_type_code, business_unit_type_code, enrollment_type, coverage_type_code, start_date, end_date, exchange_subscriber_id, plan_id, group_policy_id, product_type_code, effectuation_date, status_type_code, effective_reason, term_reason, ztcn, source, delinq_ind, created_date, updated_date) VALUES ('832f54e3-0d9d-44bd-a6fe-57845da4f4f2', '8UZZM02FMBQU4IV', '9267c989-124e-4c1f-a341-16de5abdd4d0', 'FL', 'FFM', 'MP_FL', 'ACTIVE', 'FAM', '2023-04-01 00:00:00', '2023-07-31 00:00:00','682356456','89355FL0234599', '73477846','HMO','2023-02-21 00:00:00','ENROLLED','MBS','VOLWITH','HRFC2BMHIZIMDMG', 'MARKETPLACE', false, CURRENT_TIMESTAMP(),CURRENT_TIMESTAMP());
INSERT INTO enrollment_span(enrlmnt_span_sk, enrollment_span_code, account_sk, state_type_code, marketplace_type_code, business_unit_type_code, enrollment_type, coverage_type_code, start_date, end_date, exchange_subscriber_id, plan_id, group_policy_id, product_type_code, effectuation_date, status_type_code, effective_reason, term_reason, ztcn, source, delinq_ind, created_date, updated_date) VALUES ('826cea31-c51d-4557-ae27-e0ba9b361148', 'AM1STQ87269CV6U', '9267c989-124e-4c1f-a341-16de5abdd4d0', 'FL', 'FFM', 'MP_FL', 'ACTIVE', 'FAM', '2023-08-01 00:00:00', '2023-12-31 00:00:00','682356456','89355FL0234600', '84573856','HMO','2023-04-12 00:00:00','ENROLLED','MBS',null,'V8CJPWXO7PD54LO', 'MARKETPLACE', false, CURRENT_TIMESTAMP(),CURRENT_TIMESTAMP());

INSERT INTO premium_span(premium_span_sk, premium_span_code, ztcn, source, enrollment_span_sk, start_date, end_date, status_type_code, sequence, csr_variant, total_prem_amt, total_resp_amt, aptc_amt, other_pay_amt, csr_amt, created_Date, updated_date) VALUES ('6909705c-630b-458a-a795-d54fcaa5f48e', 'FY32T0I6XGI5DE5', 'B9ID0C6ABL4IYQF', 'MARKETPLACE', '9bda26a4-d597-4cfd-b32b-707719e3eccf', '2022-01-01 00:00:00', '2022-06-30 00:00:00', 'ACTIVE', 1, '03', 250, 250, 0, 0, 10, CURRENT_TIMESTAMP(),CURRENT_TIMESTAMP());
INSERT INTO premium_span(premium_span_sk, premium_span_code, ztcn, source, enrollment_span_sk, start_date, end_date, status_type_code, sequence, csr_variant, total_prem_amt, total_resp_amt, aptc_amt, other_pay_amt, csr_amt, created_Date, updated_date) VALUES ('00b9ecc7-794c-402f-a24b-3054aeca3ed7', '41RZYMQ9SR49DTD', 'ZUKZBC1C6FHBB8K', 'MARKETPLACE', '9bda26a4-d597-4cfd-b32b-707719e3eccf', '2022-07-01 00:00:00', '2022-12-31 00:00:00', 'ACTIVE', 2, '03', 250, 225, 25, 0, 20, CURRENT_TIMESTAMP(),CURRENT_TIMESTAMP());
INSERT INTO premium_span(premium_span_sk, premium_span_code, ztcn, source, enrollment_span_sk, start_date, end_date, status_type_code, sequence, csr_variant, total_prem_amt, total_resp_amt, aptc_amt, other_pay_amt, csr_amt, created_Date, updated_date) VALUES ('3d6e6757-9386-4853-a79d-965609cc5d65', '6UCXXGPOJ8LY7GM', 'CQZBVFLEAPDY0MB', 'MARKETPLACE', '33eacc97-717d-4dbb-89a5-2f6db1034cf2', '2023-01-01 00:00:00', '2023-01-31 00:00:00', 'ACTIVE', 1, '03', 250, 200, 50, 0, 30, CURRENT_TIMESTAMP(),CURRENT_TIMESTAMP());
INSERT INTO premium_span(premium_span_sk, premium_span_code, ztcn, source, enrollment_span_sk, start_date, end_date, status_type_code, sequence, csr_variant, total_prem_amt, total_resp_amt, aptc_amt, other_pay_amt, csr_amt, created_Date, updated_date) VALUES ('a61cb61b-5904-4ffd-8d6e-2f13b25bffc2', 'BRPPBTWJNSNZS0T', '5R7MG54M55YTZ1Z', 'MARKETPLACE', '33eacc97-717d-4dbb-89a5-2f6db1034cf2', '2023-02-01 00:00:00', '2023-03-31 00:00:00', 'ACTIVE', 2, '03', 250, 175, 75, 0, 40, CURRENT_TIMESTAMP(),CURRENT_TIMESTAMP());

INSERT INTO premium_span(premium_span_sk, premium_span_code, ztcn, source, enrollment_span_sk, start_date, end_date, status_type_code, sequence, csr_variant, total_prem_amt, total_resp_amt, aptc_amt, other_pay_amt, csr_amt, created_Date, updated_date) VALUES ('816b4130-aea1-40dd-b993-1da6a384d326', 'CRC2XPATMCIJB8E', 'HRFC2BMHIZIMDMG', 'MARKETPLACE', '832f54e3-0d9d-44bd-a6fe-57845da4f4f2', '2023-04-01 00:00:00', '2023-05-31 00:00:00', 'ACTIVE', 3, '03', 250, 150, 100, 0, 50, CURRENT_TIMESTAMP(),CURRENT_TIMESTAMP());
INSERT INTO premium_span(premium_span_sk, premium_span_code, ztcn, source, enrollment_span_sk, start_date, end_date, status_type_code, sequence, csr_variant, total_prem_amt, total_resp_amt, aptc_amt, other_pay_amt, csr_amt, created_Date, updated_date) VALUES ('ce2c0784-b8b4-4c0c-8bd1-9a56baae6f48', 'LI70SVAXISJIO9V', 'JSG4XEGMF14XOH8', 'MARKETPLACE', '832f54e3-0d9d-44bd-a6fe-57845da4f4f2', '2023-06-01 00:00:00', '2023-06-30 00:00:00', 'ACTIVE', 4, '03', 250, 125, 125, 0, 60, CURRENT_TIMESTAMP(),CURRENT_TIMESTAMP());
INSERT INTO premium_span(premium_span_sk, premium_span_code, ztcn, source, enrollment_span_sk, start_date, end_date, status_type_code, sequence, csr_variant, total_prem_amt, total_resp_amt, aptc_amt, other_pay_amt, csr_amt, created_Date, updated_date) VALUES ('23f97761-d563-46fc-a906-0075ab4b1324', '78MSCB1KNW0DIFX', 'ZD4WYK0P3D59Z51', 'MARKETPLACE', '832f54e3-0d9d-44bd-a6fe-57845da4f4f2', '2023-07-01 00:00:00', '2023-07-31 00:00:00', 'ACTIVE', 5, '03', 250, 100, 150, 0, 70, CURRENT_TIMESTAMP(),CURRENT_TIMESTAMP());

INSERT INTO premium_span(premium_span_sk, premium_span_code, ztcn, source, enrollment_span_sk, start_date, end_date, status_type_code, sequence, csr_variant, total_prem_amt, total_resp_amt, aptc_amt, other_pay_amt, csr_amt, created_Date, updated_date) VALUES ('5a49ba1f-58f5-48d3-b048-72fe1b30fe46', 'HD4IC9BLQWPQBPJ', 'V8CJPWXO7PD54LO', 'MARKETPLACE', '826cea31-c51d-4557-ae27-e0ba9b361148', '2023-08-01 00:00:00', '2023-12-31 00:00:00', 'ACTIVE', 6, '03', 250, 75, 175, 0, 80, CURRENT_TIMESTAMP(),CURRENT_TIMESTAMP());

INSERT INTO member_premiums(member_premium_sk, premium_span_sk, member_sk, exchange_member_id, individual_premium_amount, created_date, updated_date) VALUES ('c115c7f3-07b0-4300-8cc0-0be1701f9cdb', '6909705c-630b-458a-a795-d54fcaa5f48e', '1c488ddb-aceb-47db-a9c4-a2998c5763ee', '68235645601', 250, CURRENT_TIMESTAMP(), CURRENT_TIMESTAMP());
INSERT INTO member_premiums(member_premium_sk, premium_span_sk, member_sk, exchange_member_id, individual_premium_amount, created_date, updated_date) VALUES ('d2db6ab9-bc7d-4810-b8d3-22100cf2bcf3', '00b9ecc7-794c-402f-a24b-3054aeca3ed7', '1c488ddb-aceb-47db-a9c4-a2998c5763ee', '68235645601', 250,CURRENT_TIMESTAMP(), CURRENT_TIMESTAMP());
INSERT INTO member_premiums(member_premium_sk, premium_span_sk, member_sk, exchange_member_id, individual_premium_amount, created_date, updated_date) VALUES ('e6a73c1d-e36c-4540-a0cb-56302e6470bf', '3d6e6757-9386-4853-a79d-965609cc5d65', '1c488ddb-aceb-47db-a9c4-a2998c5763ee', '68235645601', 250,CURRENT_TIMESTAMP(), CURRENT_TIMESTAMP());
INSERT INTO member_premiums(member_premium_sk, premium_span_sk, member_sk, exchange_member_id, individual_premium_amount, created_date, updated_date) VALUES ('93cd9a46-998c-4e04-8a63-e849a401b1e0', 'a61cb61b-5904-4ffd-8d6e-2f13b25bffc2', '1c488ddb-aceb-47db-a9c4-a2998c5763ee', '68235645601', 250,CURRENT_TIMESTAMP(), CURRENT_TIMESTAMP());
INSERT INTO member_premiums(member_premium_sk, premium_span_sk, member_sk, exchange_member_id, individual_premium_amount, created_date, updated_date) VALUES ('dd9d8810-4e17-48cf-b1e0-9a921a3e3077', '816b4130-aea1-40dd-b993-1da6a384d326', '1c488ddb-aceb-47db-a9c4-a2998c5763ee', '68235645601', 250,CURRENT_TIMESTAMP(), CURRENT_TIMESTAMP());
INSERT INTO member_premiums(member_premium_sk, premium_span_sk, member_sk, exchange_member_id, individual_premium_amount, created_date, updated_date) VALUES ('b7f3ff1b-6c97-4b8f-b589-8654ab26b2c9', 'ce2c0784-b8b4-4c0c-8bd1-9a56baae6f48', '1c488ddb-aceb-47db-a9c4-a2998c5763ee', '68235645601', 250,CURRENT_TIMESTAMP(), CURRENT_TIMESTAMP());
INSERT INTO member_premiums(member_premium_sk, premium_span_sk, member_sk, exchange_member_id, individual_premium_amount, created_date, updated_date) VALUES ('36bbce72-a5b8-441e-bddd-e84accc1ad9f', '23f97761-d563-46fc-a906-0075ab4b1324', '1c488ddb-aceb-47db-a9c4-a2998c5763ee', '68235645601', 250,CURRENT_TIMESTAMP(), CURRENT_TIMESTAMP());
INSERT INTO member_premiums(member_premium_sk, premium_span_sk, member_sk, exchange_member_id, individual_premium_amount, created_date, updated_date) VALUES ('bced4b2b-c2d8-4ca5-bccc-278103fde7ee', '5a49ba1f-58f5-48d3-b048-72fe1b30fe46', '1c488ddb-aceb-47db-a9c4-a2998c5763ee', '68235645601', 250,CURRENT_TIMESTAMP(), CURRENT_TIMESTAMP());

/** Miller Family Account - Contains four members, Timothy, Sandra, Anna and Elsa **/

/** Test Case Id: ZEUS-MMS-ACCT-Update-06 **/
/** Test Case Description: More than one member in the family. New Enrollment span created and multiple enrollment spans canceled **/

INSERT INTO account(account_sk, acct_number, line_of_business_type_code, ztcn, source, created_date, updated_date) VALUES ('7c820beb-c01e-4332-9abf-926d61674dad','ZHIW6SA5CFTSKT8','HIX','ZLUD6R2Q3F0M42G', 'MARKETPLACE', CURRENT_TIMESTAMP(), CURRENT_TIMESTAMP());

/** Timothy Miller Details **/
INSERT INTO member(member_sk, account_sk, member_code, first_name, middle_name, last_name, relationship_type_code, date_of_birth, gender_type_code, height, weight, ztcn, source, created_date, updated_date) VALUES ('37d7b2a8-4dec-46bf-a6ce-298fdc4e5766','7c820beb-c01e-4332-9abf-926d61674dad','E67VLZIC7ECOOMD','Timothy', 'K', 'Miller','HOH', '1975-03-20 00:00:00','MALE',5.4,164.78,'ZLUD6R2Q3F0M42G', 'MARKETPLACE',CURRENT_TIMESTAMP(), CURRENT_TIMESTAMP());

INSERT INTO member_address(member_address_sk, member_address_code, member_sk, address_type_code, address_line_1, address_line_2, city, state_type_code, fips_code, zip_code, ztcn, source, start_date, end_date, created_date, updated_date) VALUES ('b7d47dd7-bbfb-4835-b201-8fc2ff4a44c1', 'CQDLOWD86PE2TRR', '37d7b2a8-4dec-46bf-a6ce-298fdc4e5766', 'RESIDENCE', '15673 Rangeland Blvd', null, 'Atlanta', 'GA', '13121', '53453','ZLUD6R2Q3F0M42G', 'MARKETPLACE', '2020-11-10 00:00:00', null, CURRENT_TIMESTAMP(), CURRENT_TIMESTAMP());
INSERT INTO member_address(member_address_sk, member_address_code, member_sk, address_type_code, address_line_1, address_line_2, city, state_type_code, fips_code, zip_code, ztcn, source, start_date, end_date, created_date, updated_date) VALUES ('a4c934e8-d643-479c-9ba7-2aa90e6afdb0', 'BGTKFKVNPCOWT4K', '37d7b2a8-4dec-46bf-a6ce-298fdc4e5766', 'MAIL', 'P.O Box 63456', null, 'Atlanta', 'GA', '13121', '53453','ZLUD6R2Q3F0M42G', 'MARKETPLACE', '2020-11-10 00:00:00', null, CURRENT_TIMESTAMP(), CURRENT_TIMESTAMP());

INSERT INTO member_phone(member_phone_sk, member_phone_code, member_sk, phone_type_code, phone_number, ztcn, source, start_date, end_date, created_date, updated_date) VALUES ('64bd00bb-5ce5-4dc5-beb6-ba42152dc92e','17GKJ1TNXK8JOLR', '37d7b2a8-4dec-46bf-a6ce-298fdc4e5766','MOBILE', '567-345-7347','ZLUD6R2Q3F0M42G', 'MARKETPLACE', '2020-11-10 00:00:00', null, CURRENT_TIMESTAMP(), CURRENT_TIMESTAMP());

INSERT INTO member_email(member_email_sk, member_email_code, member_sk, email_type_code, email, is_primary, ztcn, source, start_date, end_date, created_date, updated_date) VALUES ('81232747-e239-48e8-8b8c-a17afa1ea281', 'A18IKDILA36Q3VE', '37d7b2a8-4dec-46bf-a6ce-298fdc4e5766', 'PERSONAL', 'timmiller@gmail.com', true,'ZLUD6R2Q3F0M42G', 'MARKETPLACE', '2020-11-10 00:00:00', null, CURRENT_TIMESTAMP(), CURRENT_TIMESTAMP());
INSERT INTO member_email(member_email_sk, member_email_code, member_sk, email_type_code, email, is_primary, ztcn, source, start_date, end_date, created_date, updated_date) VALUES ('2370409e-8a29-4b34-a097-47aadbee18b2', 'I22839DN41KF0LO', '37d7b2a8-4dec-46bf-a6ce-298fdc4e5766', 'WORK', 'timothy.miller@wellcare.com', false,null, 'ZEUS-UI', '2020-11-10 00:00:00', null, CURRENT_TIMESTAMP(), CURRENT_TIMESTAMP());

INSERT INTO member_language(member_language_sk, member_language_code, member_sk, language_type_code, language_code, ztcn, source, start_date, end_date, created_date, updated_date) VALUES ('2f7761bd-d91a-4ec5-95a5-5c2eac7734fa', '5ZXY6CRKRZE3CYI', '37d7b2a8-4dec-46bf-a6ce-298fdc4e5766', 'SPOKEN', 'ENG','ZLUD6R2Q3F0M42G', 'MARKETPLACE', '2020-11-10 00:00:00', null, CURRENT_TIMESTAMP(), CURRENT_TIMESTAMP());
INSERT INTO member_language(member_language_sk, member_language_code, member_sk, language_type_code, language_code, ztcn, source, start_date, end_date, created_date, updated_date) VALUES ('b592bb6f-8cb3-4581-9e3b-bcaa6dada50a', 'X4YIOOBKW9J65ZC', '37d7b2a8-4dec-46bf-a6ce-298fdc4e5766', 'WRITTEN', 'SPA','ZLUD6R2Q3F0M42G', 'MARKETPLACE', '2020-11-10 00:00:00', null, CURRENT_TIMESTAMP(), CURRENT_TIMESTAMP());

INSERT INTO member_identifier(member_identifier_sk, member_identifier_code, member_sk, identifier_type_code, identifier_value, is_active, ztcn, source, created_date, updated_date) VALUES ('8280a701-8ef4-4187-87da-e71705835495', 'LRZ2YMHFCU9H7Y2', '37d7b2a8-4dec-46bf-a6ce-298fdc4e5766', 'SSN', '845-12-7347', true,'ZLUD6R2Q3F0M42G', 'MARKETPLACE', CURRENT_TIMESTAMP(), CURRENT_TIMESTAMP());


/** Sandra Miller Details **/

INSERT INTO member(member_sk, account_sk, member_code, first_name, middle_name, last_name, relationship_type_code, date_of_birth, gender_type_code, height, weight, ztcn, source, created_date, updated_date) VALUES ('14416c14-9c25-4bf3-bdb2-dcd73314a070','7c820beb-c01e-4332-9abf-926d61674dad','RGJ4IAGTP0YA2A3','Sandra', 'T', 'Miller', 'SPE', '1981-02-14 00:00:00','FEMALE',5.2,110.34,'ZLUD6R2Q3F0M42G', 'MARKETPLACE',CURRENT_TIMESTAMP(), CURRENT_TIMESTAMP());

INSERT INTO member_address(member_address_sk, member_address_code, member_sk, address_type_code, address_line_1, address_line_2, city, state_type_code, fips_code, zip_code, ztcn, source, start_date, end_date, created_date, updated_date) VALUES ('db611cf6-364d-4c5e-a6cc-284849b25936', 'UHWHKU1TKVHXYW2', '14416c14-9c25-4bf3-bdb2-dcd73314a070', 'RESIDENCE', '15673 Rangeland Blvd', null, 'Atlanta', 'GA', '13121', '53453','ZLUD6R2Q3F0M42G', 'MARKETPLACE', '2020-11-10 00:00:00', null, CURRENT_TIMESTAMP(), CURRENT_TIMESTAMP());
INSERT INTO member_address(member_address_sk, member_address_code, member_sk, address_type_code, address_line_1, address_line_2, city, state_type_code, fips_code, zip_code, ztcn, source, start_date, end_date, created_date, updated_date) VALUES ('05474828-b111-4e02-94c9-1a464c1f4a77', 'OG04E8LHD98HPSK', '14416c14-9c25-4bf3-bdb2-dcd73314a070', 'MAIL', 'P.O Box 63456', null, 'Atlanta', 'GA', '13121', '53453','ZLUD6R2Q3F0M42G', 'MARKETPLACE', '2020-11-10 00:00:00', null, CURRENT_TIMESTAMP(), CURRENT_TIMESTAMP());

INSERT INTO member_phone(member_phone_sk, member_phone_code, member_sk, phone_type_code, phone_number, ztcn, source, start_date, end_date, created_date, updated_date) VALUES ('309510bb-544c-4a8e-9450-22edab6d9ecc','OG0MDMOQQVRIFVF', '14416c14-9c25-4bf3-bdb2-dcd73314a070','MOBILE', '567-236-8457','ZLUD6R2Q3F0M42G', 'MARKETPLACE', '2020-11-10 00:00:00', null, CURRENT_TIMESTAMP(), CURRENT_TIMESTAMP());

INSERT INTO member_email(member_email_sk, member_email_code, member_sk, email_type_code, email, is_primary, ztcn, source, start_date, end_date, created_date, updated_date) VALUES ('2e4eeb0c-643e-4122-b1f8-ff3d28c3f58d', 'E72KYIQK1TAADMD', '14416c14-9c25-4bf3-bdb2-dcd73314a070', 'PERSONAL', 'sandramiller@gmail.com', true,'ZLUD6R2Q3F0M42G', 'MARKETPLACE', '2020-11-10 00:00:00', null, CURRENT_TIMESTAMP(), CURRENT_TIMESTAMP());
INSERT INTO member_email(member_email_sk, member_email_code, member_sk, email_type_code, email, is_primary, ztcn, source, start_date, end_date, created_date, updated_date) VALUES ('e56f3e79-76c6-4156-88f0-7fd19c227627', 'FFOXHJSKKYPTMAB', '14416c14-9c25-4bf3-bdb2-dcd73314a070', 'WORK', 'sandra.miller@wellcare.com', false, null, 'ZEUS-UI','2020-11-10 00:00:00', null, CURRENT_TIMESTAMP(), CURRENT_TIMESTAMP());

INSERT INTO member_language(member_language_sk, member_language_code, member_sk, language_type_code, language_code, ztcn, source, start_date, end_date, created_date, updated_date) VALUES ('c860b486-4cde-42fd-bc30-e0462fb84bfa', 'TF3LK3KK82H9ZMQ', '14416c14-9c25-4bf3-bdb2-dcd73314a070', 'SPOKEN', 'ENG','ZLUD6R2Q3F0M42G', 'MARKETPLACE', '2020-11-10 00:00:00', null, CURRENT_TIMESTAMP(), CURRENT_TIMESTAMP());
INSERT INTO member_language(member_language_sk, member_language_code, member_sk, language_type_code, language_code, ztcn, source, start_date, end_date, created_date, updated_date) VALUES ('f0f0acb5-9fd6-4673-baee-b5f31888bc03', 'ZUVP68GAQ8XH2TC', '14416c14-9c25-4bf3-bdb2-dcd73314a070', 'WRITTEN', 'SPA','ZLUD6R2Q3F0M42G', 'MARKETPLACE', '2020-11-10 00:00:00', null, CURRENT_TIMESTAMP(), CURRENT_TIMESTAMP());

INSERT INTO member_identifier(member_identifier_sk, member_identifier_code, member_sk, identifier_type_code, identifier_value, is_active, ztcn, source, created_date, updated_date) VALUES ('67d4dcf4-fad6-42e2-8fac-c18c1da3c85a', 'RK6VWJ7WXGIEZO1', '14416c14-9c25-4bf3-bdb2-dcd73314a070', 'SSN', '034-23-7327', true,'ZLUD6R2Q3F0M42G', 'MARKETPLACE', CURRENT_TIMESTAMP(), CURRENT_TIMESTAMP());


/** Anna Miller Details **/
INSERT INTO member(member_sk, account_sk, member_code, first_name, middle_name, last_name, relationship_type_code, date_of_birth, gender_type_code, height, weight, ztcn, source, created_date, updated_date) VALUES ('4f63af0d-7e47-414a-bd73-e73bd87641d6','7c820beb-c01e-4332-9abf-926d61674dad','9BA4HYLCXLNDV13','Anna', 'A', 'Miller', 'CHD', '2000-06-15 00:00:00','FEMALE',5.2,104.94,'ZLUD6R2Q3F0M42G', 'MARKETPLACE',CURRENT_TIMESTAMP(), CURRENT_TIMESTAMP());

INSERT INTO member_address(member_address_sk, member_address_code, member_sk, address_type_code, address_line_1, address_line_2, city, state_type_code, fips_code, zip_code, ztcn, source, start_date, end_date, created_date, updated_date) VALUES ('2372cf9a-84f3-4b52-8d07-ad7d52c267e2', 'V376V4YXJ5Z9EG9', '4f63af0d-7e47-414a-bd73-e73bd87641d6', 'RESIDENCE', '15673 Rangeland Blvd', null, 'Atlanta', 'GA', '13121', '53453','ZLUD6R2Q3F0M42G', 'MARKETPLACE', '2020-11-10 00:00:00', null, CURRENT_TIMESTAMP(), CURRENT_TIMESTAMP());
INSERT INTO member_address(member_address_sk, member_address_code, member_sk, address_type_code, address_line_1, address_line_2, city, state_type_code, fips_code, zip_code, ztcn, source, start_date, end_date, created_date, updated_date) VALUES ('e9cf911d-61d5-44a5-9962-aeb05a6bb9b4', 'WDHTOKT1KM7866Z', '4f63af0d-7e47-414a-bd73-e73bd87641d6', 'MAIL', 'P.O Box 63456', null, 'Atlanta', 'GA', '13121', '53453','ZLUD6R2Q3F0M42G', 'MARKETPLACE', '2020-11-10 00:00:00', null, CURRENT_TIMESTAMP(), CURRENT_TIMESTAMP());

INSERT INTO member_phone(member_phone_sk, member_phone_code, member_sk, phone_type_code, phone_number, ztcn, source, start_date, end_date, created_date, updated_date) VALUES ('5cd6af86-bf51-4a78-92c4-833e3201f958', '1OV40UT2CGYTE9O', '4f63af0d-7e47-414a-bd73-e73bd87641d6','MOBILE', '577-246-8357','ZLUD6R2Q3F0M42G', 'MARKETPLACE', '2020-11-10 00:00:00', null, CURRENT_TIMESTAMP(), CURRENT_TIMESTAMP());

INSERT INTO member_email(member_email_sk, member_email_code, member_sk, email_type_code, email, is_primary, ztcn, source, start_date, end_date, created_date, updated_date) VALUES ('f4859f53-3969-4594-a587-4f802be4f2ba', 'W5MZI1D5W1CE49Z', '4f63af0d-7e47-414a-bd73-e73bd87641d6', 'PERSONAL', 'annamiller@gmail.com', true, 'ZLUD6R2Q3F0M42G', 'MARKETPLACE','2020-11-10 00:00:00', null, CURRENT_TIMESTAMP(), CURRENT_TIMESTAMP());
INSERT INTO member_email(member_email_sk, member_email_code, member_sk, email_type_code, email, is_primary, ztcn, source, start_date, end_date, created_date, updated_date) VALUES ('0709ac77-9edc-455b-972e-e9e91823daaf', 'A9NH01H8RTKS95V', '4f63af0d-7e47-414a-bd73-e73bd87641d6', 'WORK', 'anna.miller@wellcare.com', false,null, 'ZEUS-UI', '2020-11-10 00:00:00', null, CURRENT_TIMESTAMP(), CURRENT_TIMESTAMP());

INSERT INTO member_language(member_language_sk, member_language_code, member_sk, language_type_code, language_code, ztcn, source, start_date, end_date, created_date, updated_date) VALUES ('98eb9644-4d79-4bc8-ae35-7628dda00a1b', '3YK7XX7H1SCZ3DD', '4f63af0d-7e47-414a-bd73-e73bd87641d6', 'SPOKEN', 'ENG','ZLUD6R2Q3F0M42G', 'MARKETPLACE', '2020-11-10 00:00:00', null, CURRENT_TIMESTAMP(), CURRENT_TIMESTAMP());
INSERT INTO member_language(member_language_sk, member_language_code, member_sk, language_type_code, language_code, ztcn, source, start_date, end_date, created_date, updated_date) VALUES ('46088e1f-7fc4-491f-8221-b967466617cc', '3SNUZXGYQVLV5FU', '4f63af0d-7e47-414a-bd73-e73bd87641d6', 'WRITTEN', 'SPA','ZLUD6R2Q3F0M42G', 'MARKETPLACE', '2020-11-10 00:00:00', null, CURRENT_TIMESTAMP(), CURRENT_TIMESTAMP());

INSERT INTO member_identifier(member_identifier_sk, member_identifier_code, member_sk, identifier_type_code, identifier_value, is_active, ztcn, source, created_date, updated_date) VALUES ('eadbf83e-584b-49d3-b34f-fba7bcb94da6', 'SN10GQTJ0GY2WDT', '4f63af0d-7e47-414a-bd73-e73bd87641d6', 'SSN', '734-24-7334', true,'ZLUD6R2Q3F0M42G', 'MARKETPLACE', CURRENT_TIMESTAMP(), CURRENT_TIMESTAMP());

/** Elsa Miller Details **/
INSERT INTO member(member_sk, account_sk, member_code, first_name, middle_name, last_name, relationship_type_code, date_of_birth, gender_type_code, height, weight, ztcn, source, created_date, updated_date) VALUES ('d44a7af9-f2c9-465d-abe0-03b645d9b331','7c820beb-c01e-4332-9abf-926d61674dad','12PF9HFVXFQ51BB','Elsa', 'I', 'Miller', 'CHD', '1998-07-12 00:00:00','FEMALE',5.4,111.76,'ZLUD6R2Q3F0M42G', 'MARKETPLACE',CURRENT_TIMESTAMP(), CURRENT_TIMESTAMP());

INSERT INTO member_address(member_address_sk, member_address_code, member_sk, address_type_code, address_line_1, address_line_2, city, state_type_code, fips_code, zip_code, ztcn, source, start_date, end_date, created_date, updated_date) VALUES ('098a215c-ab00-4787-9f84-d8d03f1e16c1', 'I8QZFOYBBU516J4', 'd44a7af9-f2c9-465d-abe0-03b645d9b331', 'RESIDENCE', '15673 Rangeland Blvd', null, 'Atlanta', 'GA', '13121', '53453','ZLUD6R2Q3F0M42G', 'MARKETPLACE', '2020-11-10 00:00:00', null, CURRENT_TIMESTAMP(), CURRENT_TIMESTAMP());
INSERT INTO member_address(member_address_sk, member_address_code, member_sk, address_type_code, address_line_1, address_line_2, city, state_type_code, fips_code, zip_code, ztcn, source, start_date, end_date, created_date, updated_date) VALUES ('405fdbb6-5a57-4daa-b548-29a3135d5874', 'AHK6YUG7S67N57D', 'd44a7af9-f2c9-465d-abe0-03b645d9b331', 'MAIL', 'P.O Box 63456', null, 'Atlanta', 'GA', '13121', '53453','ZLUD6R2Q3F0M42G', 'MARKETPLACE', '2020-11-10 00:00:00', null, CURRENT_TIMESTAMP(), CURRENT_TIMESTAMP());

INSERT INTO member_phone(member_phone_sk, member_phone_code, member_sk, phone_type_code, phone_number, ztcn, source, start_date, end_date, created_date, updated_date) VALUES ('789ec38d-5c18-4674-82a7-707db55c9dc0', 'FHJ5TKQY4A45PRP', 'd44a7af9-f2c9-465d-abe0-03b645d9b331','MOBILE', '545-736-2463','ZLUD6R2Q3F0M42G', 'MARKETPLACE', '2020-11-10 00:00:00', null, CURRENT_TIMESTAMP(), CURRENT_TIMESTAMP());

INSERT INTO member_email(member_email_sk, member_email_code, member_sk, email_type_code, email, is_primary, ztcn, source, start_date, end_date, created_date, updated_date) VALUES ('41a8ed9a-4c02-40df-bb2b-16705be48a06', '76EFEA5W772XU6W', 'd44a7af9-f2c9-465d-abe0-03b645d9b331', 'PERSONAL', 'elsamiller@gmail.com', true,'ZLUD6R2Q3F0M42G', 'MARKETPLACE', '2020-11-10 00:00:00', null, CURRENT_TIMESTAMP(), CURRENT_TIMESTAMP());
INSERT INTO member_email(member_email_sk, member_email_code, member_sk, email_type_code, email, is_primary, ztcn, source, start_date, end_date, created_date, updated_date) VALUES ('4ea5db4a-0c70-4c34-8d3b-f20f033c762f', 'I94U8FOE9HEAIC5', 'd44a7af9-f2c9-465d-abe0-03b645d9b331', 'WORK', 'elsa.miller@wellcare.com', false,null, 'ZEUS-UI', '2020-11-10 00:00:00', null, CURRENT_TIMESTAMP(), CURRENT_TIMESTAMP());

INSERT INTO member_language(member_language_sk, member_language_code, member_sk, language_type_code, language_code, ztcn, source, start_date, end_date, created_date, updated_date) VALUES ('a65f6a0b-9e98-4f66-91f0-6db86e4e6caf', 'F5KGXVZV137R8KJ', 'd44a7af9-f2c9-465d-abe0-03b645d9b331', 'SPOKEN', 'ENG','ZLUD6R2Q3F0M42G', 'MARKETPLACE', '2020-11-10 00:00:00', null, CURRENT_TIMESTAMP(), CURRENT_TIMESTAMP());
INSERT INTO member_language(member_language_sk, member_language_code, member_sk, language_type_code, language_code, ztcn, source, start_date, end_date, created_date, updated_date) VALUES ('33da1a16-4b10-4a94-a329-5e6829fbb38a', 'SQCUNMEHCLUEUHP', 'd44a7af9-f2c9-465d-abe0-03b645d9b331', 'WRITTEN', 'SPA','ZLUD6R2Q3F0M42G', 'MARKETPLACE', '2020-11-10 00:00:00', null, CURRENT_TIMESTAMP(), CURRENT_TIMESTAMP());

INSERT INTO member_identifier(member_identifier_sk, member_identifier_code, member_sk, identifier_type_code, identifier_value, is_active, ztcn, source, created_date, updated_date) VALUES ('4205f1bf-babd-426d-8921-d281f2dce28d', 'MNWZK43YM0Y7BG7', 'd44a7af9-f2c9-465d-abe0-03b645d9b331', 'SSN', '347-63-2737', true,'ZLUD6R2Q3F0M42G', 'MARKETPLACE', CURRENT_TIMESTAMP(), CURRENT_TIMESTAMP());

/** Enrollment and Premium spans associated with the Miller account **/


INSERT INTO enrollment_span(enrlmnt_span_sk, enrollment_span_code, account_sk, state_type_code, marketplace_type_code, business_unit_type_code, enrollment_type, coverage_type_code, start_date, end_date, exchange_subscriber_id, plan_id, group_policy_id, product_type_code, effectuation_date, status_type_code, effective_reason, term_reason, ztcn, source, delinq_ind, created_date, updated_date) VALUES ('99ca8481-cb3b-4b8e-a802-94647310f082', 'FZPEQJ67EHHJ7BP', '7c820beb-c01e-4332-9abf-926d61674dad', 'GA', 'FFM', 'MP_GA', 'ACTIVE', 'FAM', '2022-01-01 00:00:00', '2022-12-31 00:00:00', '26345734', '23562GA8923523', '36346346','HMO','2021-12-01 00:00:00','ENROLLED','MBS',null,'ZLUD6R2Q3F0M42G', 'MARKETPLACE', false, CURRENT_TIMESTAMP(),CURRENT_TIMESTAMP());
INSERT INTO enrollment_span(enrlmnt_span_sk, enrollment_span_code, account_sk, state_type_code, marketplace_type_code, business_unit_type_code, enrollment_type, coverage_type_code, start_date, end_date, exchange_subscriber_id, plan_id, group_policy_id, product_type_code, effectuation_date, status_type_code, effective_reason, term_reason, ztcn, source, delinq_ind, created_date, updated_date) VALUES ('d63b2860-7371-4ad7-939c-5cc5e0af2fe1', '6NLTEJ2883NDLJ7', '7c820beb-c01e-4332-9abf-926d61674dad', 'GA', 'FFM', 'MP_GA', 'ACTIVE', 'FAM', '2023-01-01 00:00:00', '2023-07-31 00:00:00', '26345734', '23562GA6023564', '63235635','HMO','2023-05-01 00:00:00','ENROLLED','MBS','VOLWITH','BM4KY8ROZIMWU43', 'MARKETPLACE', false, CURRENT_TIMESTAMP(),CURRENT_TIMESTAMP());

INSERT INTO enrollment_span(enrlmnt_span_sk, enrollment_span_code, account_sk, state_type_code, marketplace_type_code, business_unit_type_code, enrollment_type, coverage_type_code, start_date, end_date, exchange_subscriber_id, plan_id, group_policy_id, product_type_code, effectuation_date, status_type_code, effective_reason, term_reason, ztcn, source, delinq_ind, created_date, updated_date) VALUES ('72eadf5d-1cb7-4d65-ac74-234a5be427b3', 'W61JB0CHTGHIHCS', '7c820beb-c01e-4332-9abf-926d61674dad', 'GA', 'FFM', 'MP_GA', 'ACTIVE', 'FAM', '2023-08-01 00:00:00', '2023-09-30 00:00:00', '26345734', '23562GA6023564', '63235635','HMO','2023-06-01 00:00:00','ENROLLED','MBS','VOLWITH','0ANV998W939QOF4', 'MARKETPLACE', false, CURRENT_TIMESTAMP(),CURRENT_TIMESTAMP());
INSERT INTO enrollment_span(enrlmnt_span_sk, enrollment_span_code, account_sk, state_type_code, marketplace_type_code, business_unit_type_code, enrollment_type, coverage_type_code, start_date, end_date, exchange_subscriber_id, plan_id, group_policy_id, product_type_code, effectuation_date, status_type_code, effective_reason, term_reason, ztcn, source, delinq_ind, created_date, updated_date) VALUES ('4ad8f5a5-4de8-4cd8-a1e0-bbe651a2f067', 'MULHIZU1YJMNVZM', '7c820beb-c01e-4332-9abf-926d61674dad', 'GA', 'FFM', 'MP_GA', 'ACTIVE', 'FAM', '2023-10-01 00:00:00', '2023-12-31 00:00:00', '26345734', '23562GA6023564', '63235635','HMO','2023-09-01 00:00:00','ENROLLED','MBS',null,'7TEAU7SSWL45ZXV', 'MARKETPLACE', false, CURRENT_TIMESTAMP(),CURRENT_TIMESTAMP());

INSERT INTO premium_span(premium_span_sk, premium_span_code, ztcn, source, enrollment_span_sk, start_date, end_date, status_type_code, sequence, csr_variant, total_prem_amt, total_resp_amt, aptc_amt, other_pay_amt, csr_amt, created_Date, updated_date) VALUES ('dad77e1e-bfb3-4367-940f-0201857bd69c', 'HEJB5XUAP7F9XNE', 'ZLUD6R2Q3F0M42G', 'MARKETPLACE', '99ca8481-cb3b-4b8e-a802-94647310f082', '2022-01-01 00:00:00', '2022-02-28 00:00:00', 'ACTIVE', 1, '03', 400, 300, 100, 0, 10, CURRENT_TIMESTAMP(),CURRENT_TIMESTAMP());
INSERT INTO premium_span(premium_span_sk, premium_span_code, ztcn, source, enrollment_span_sk, start_date, end_date, status_type_code, sequence, csr_variant, total_prem_amt, total_resp_amt, aptc_amt, other_pay_amt, csr_amt, created_Date, updated_date) VALUES ('59d17885-4a18-4ca2-b270-3bef4ed55f4f', '7NCPT9ZFIU5T2X6', 'YLT0EDSE9Z5XEI7', 'MARKETPLACE', '99ca8481-cb3b-4b8e-a802-94647310f082', '2022-03-01 00:00:00', '2022-08-31 00:00:00', 'ACTIVE', 2, '03', 400, 275, 125, 0, 20, CURRENT_TIMESTAMP(),CURRENT_TIMESTAMP());
INSERT INTO premium_span(premium_span_sk, premium_span_code, ztcn, source, enrollment_span_sk, start_date, end_date, status_type_code, sequence, csr_variant, total_prem_amt, total_resp_amt, aptc_amt, other_pay_amt, csr_amt, created_Date, updated_date) VALUES ('c3f9d414-b47b-4639-a34f-5b5e48e34973', '6ENOJEGDD3TMWLR', 'IG1MFNL7AGLMNR4', 'MARKETPLACE', '99ca8481-cb3b-4b8e-a802-94647310f082', '2022-09-01 00:00:00', '2022-12-31 00:00:00', 'ACTIVE', 3, '03', 400, 325, 75, 0, 30, CURRENT_TIMESTAMP(),CURRENT_TIMESTAMP());
INSERT INTO premium_span(premium_span_sk, premium_span_code, ztcn, source, enrollment_span_sk, start_date, end_date, status_type_code, sequence, csr_variant, total_prem_amt, total_resp_amt, aptc_amt, other_pay_amt, csr_amt, created_Date, updated_date) VALUES ('e2f0a63d-d74b-4642-a09e-9aeeb50d3843', 'FZMVI4RHM1QFBZY', 'BM4KY8ROZIMWU43', 'MARKETPLACE', 'd63b2860-7371-4ad7-939c-5cc5e0af2fe1', '2023-01-01 00:00:00', '2023-01-31 00:00:00', 'ACTIVE', 1, '03', 500, 300, 200, 0, 10, CURRENT_TIMESTAMP(),CURRENT_TIMESTAMP());
INSERT INTO premium_span(premium_span_sk, premium_span_code, ztcn, source, enrollment_span_sk, start_date, end_date, status_type_code, sequence, csr_variant, total_prem_amt, total_resp_amt, aptc_amt, other_pay_amt, csr_amt, created_Date, updated_date) VALUES ('40b2dc62-25e9-4981-bfde-ddf2a8380962', 'BJGBEG6SFTS57NS', '4VRP1D5WMEM5V75', 'MARKETPLACE', 'd63b2860-7371-4ad7-939c-5cc5e0af2fe1', '2023-02-01 00:00:00', '2023-04-30 00:00:00', 'ACTIVE', 2, '03', 500, 350, 150, 0, 20, CURRENT_TIMESTAMP(),CURRENT_TIMESTAMP());
INSERT INTO premium_span(premium_span_sk, premium_span_code, ztcn, source, enrollment_span_sk, start_date, end_date, status_type_code, sequence, csr_variant, total_prem_amt, total_resp_amt, aptc_amt, other_pay_amt, csr_amt, created_Date, updated_date) VALUES ('a41a0d91-a643-4101-b1e2-21c0b291a529', 'EJEMQXQ97PS3OY0', 'TUP2WP74OXM5TF2', 'MARKETPLACE', 'd63b2860-7371-4ad7-939c-5cc5e0af2fe1', '2023-05-01 00:00:00', '2023-05-31 00:00:00', 'ACTIVE', 3, '03', 500, 325, 175, 0, 20, CURRENT_TIMESTAMP(),CURRENT_TIMESTAMP());
INSERT INTO premium_span(premium_span_sk, premium_span_code, ztcn, source, enrollment_span_sk, start_date, end_date, status_type_code, sequence, csr_variant, total_prem_amt, total_resp_amt, aptc_amt, other_pay_amt, csr_amt, created_Date, updated_date) VALUES ('4fce1156-457b-4003-be25-99d00561523f', '4YVH77GZW6R602U', 'R3NJVJTVRE41K8N', 'MARKETPLACE', 'd63b2860-7371-4ad7-939c-5cc5e0af2fe1', '2023-06-01 00:00:00', '2023-07-31 00:00:00', 'ACTIVE', 4, '03', 500, 375, 125, 0, 20, CURRENT_TIMESTAMP(),CURRENT_TIMESTAMP());

INSERT INTO premium_span(premium_span_sk, premium_span_code, ztcn, source, enrollment_span_sk, start_date, end_date, status_type_code, sequence, csr_variant, total_prem_amt, total_resp_amt, aptc_amt, other_pay_amt, csr_amt, created_Date, updated_date) VALUES ('264785fe-0af8-472b-83fe-2c3777c2beb5', '9RGN2ZVKE91IHXP', '0ANV998W939QOF4', 'MARKETPLACE', '72eadf5d-1cb7-4d65-ac74-234a5be427b3', '2022-08-01 00:00:00', '2022-09-30 00:00:00', 'ACTIVE', 5, '03', 500, 325, 175, 0, 20, CURRENT_TIMESTAMP(),CURRENT_TIMESTAMP());
INSERT INTO premium_span(premium_span_sk, premium_span_code, ztcn, source, enrollment_span_sk, start_date, end_date, status_type_code, sequence, csr_variant, total_prem_amt, total_resp_amt, aptc_amt, other_pay_amt, csr_amt, created_Date, updated_date) VALUES ('42d44bf6-8613-43b0-a1a7-5d2810f913f0', 'TY6ZU8BORPPY5WT', '7TEAU7SSWL45ZXV', 'MARKETPLACE', '4ad8f5a5-4de8-4cd8-a1e0-bbe651a2f067', '2022-10-01 00:00:00', '2022-12-31 00:00:00', 'ACTIVE', 6, '03', 500, 375, 125, 0, 20, CURRENT_TIMESTAMP(),CURRENT_TIMESTAMP());

INSERT INTO member_premiums(member_premium_sk, premium_span_sk, member_sk, exchange_member_id, individual_premium_amount, created_date, updated_date) VALUES ('fed5ad64-a9f1-4df6-ba8d-fdb8e5726a27', 'dad77e1e-bfb3-4367-940f-0201857bd69c', '37d7b2a8-4dec-46bf-a6ce-298fdc4e5766', '2634573401', 200, CURRENT_TIMESTAMP(), CURRENT_TIMESTAMP());
INSERT INTO member_premiums(member_premium_sk, premium_span_sk, member_sk, exchange_member_id, individual_premium_amount, created_date, updated_date) VALUES ('c8180090-43a7-4c67-9beb-0c0aa36f1992', 'dad77e1e-bfb3-4367-940f-0201857bd69c', '14416c14-9c25-4bf3-bdb2-dcd73314a070', '2634573402', 100, CURRENT_TIMESTAMP(), CURRENT_TIMESTAMP());
INSERT INTO member_premiums(member_premium_sk, premium_span_sk, member_sk, exchange_member_id, individual_premium_amount, created_date, updated_date) VALUES ('9ee3922e-e22a-4c2d-8b13-4efefe784083', 'dad77e1e-bfb3-4367-940f-0201857bd69c', '4f63af0d-7e47-414a-bd73-e73bd87641d6', '2634573403', 50,CURRENT_TIMESTAMP(), CURRENT_TIMESTAMP());
INSERT INTO member_premiums(member_premium_sk, premium_span_sk, member_sk, exchange_member_id, individual_premium_amount, created_date, updated_date) VALUES ('fa48c7b5-6b71-41c9-aea6-acd87a754104', 'dad77e1e-bfb3-4367-940f-0201857bd69c', 'd44a7af9-f2c9-465d-abe0-03b645d9b331', '2634573404', 50,CURRENT_TIMESTAMP(), CURRENT_TIMESTAMP());

INSERT INTO member_premiums(member_premium_sk, premium_span_sk, member_sk, exchange_member_id, individual_premium_amount, created_date, updated_date) VALUES ('bda250b2-2d41-4b73-b822-1baae6371d88', '59d17885-4a18-4ca2-b270-3bef4ed55f4f', '37d7b2a8-4dec-46bf-a6ce-298fdc4e5766', '2634573401', 200, CURRENT_TIMESTAMP(), CURRENT_TIMESTAMP());
INSERT INTO member_premiums(member_premium_sk, premium_span_sk, member_sk, exchange_member_id, individual_premium_amount, created_date, updated_date) VALUES ('ac53ac85-defe-438e-ae1b-e2939d813d61', '59d17885-4a18-4ca2-b270-3bef4ed55f4f', '14416c14-9c25-4bf3-bdb2-dcd73314a070', '2634573402', 100, CURRENT_TIMESTAMP(), CURRENT_TIMESTAMP());
INSERT INTO member_premiums(member_premium_sk, premium_span_sk, member_sk, exchange_member_id, individual_premium_amount, created_date, updated_date) VALUES ('04027eaa-8004-4ed6-83ba-fdf347fa1c18', '59d17885-4a18-4ca2-b270-3bef4ed55f4f', '4f63af0d-7e47-414a-bd73-e73bd87641d6', '2634573403', 50,CURRENT_TIMESTAMP(), CURRENT_TIMESTAMP());
INSERT INTO member_premiums(member_premium_sk, premium_span_sk, member_sk, exchange_member_id, individual_premium_amount, created_date, updated_date) VALUES ('243d7ddc-abde-4f62-81ab-b0d05646ffae', '59d17885-4a18-4ca2-b270-3bef4ed55f4f', 'd44a7af9-f2c9-465d-abe0-03b645d9b331', '2634573404', 50,CURRENT_TIMESTAMP(), CURRENT_TIMESTAMP());

INSERT INTO member_premiums(member_premium_sk, premium_span_sk, member_sk, exchange_member_id, individual_premium_amount, created_date, updated_date) VALUES ('1dbb133e-9068-4a72-9dcb-ab02eb3b6541', 'c3f9d414-b47b-4639-a34f-5b5e48e34973', '37d7b2a8-4dec-46bf-a6ce-298fdc4e5766', '2634573401', 200, CURRENT_TIMESTAMP(), CURRENT_TIMESTAMP());
INSERT INTO member_premiums(member_premium_sk, premium_span_sk, member_sk, exchange_member_id, individual_premium_amount, created_date, updated_date) VALUES ('9c1b49de-49a1-4f79-a959-81f5c803bd07', 'c3f9d414-b47b-4639-a34f-5b5e48e34973', '14416c14-9c25-4bf3-bdb2-dcd73314a070', '2634573402', 100, CURRENT_TIMESTAMP(), CURRENT_TIMESTAMP());
INSERT INTO member_premiums(member_premium_sk, premium_span_sk, member_sk, exchange_member_id, individual_premium_amount, created_date, updated_date) VALUES ('cd88f3a3-090d-4094-bd29-e143c0f5c096', 'c3f9d414-b47b-4639-a34f-5b5e48e34973', '4f63af0d-7e47-414a-bd73-e73bd87641d6', '2634573403', 50,CURRENT_TIMESTAMP(), CURRENT_TIMESTAMP());
INSERT INTO member_premiums(member_premium_sk, premium_span_sk, member_sk, exchange_member_id, individual_premium_amount, created_date, updated_date) VALUES ('84b2f15d-a546-4bae-aa95-7e47fd66fd1a', 'c3f9d414-b47b-4639-a34f-5b5e48e34973', 'd44a7af9-f2c9-465d-abe0-03b645d9b331', '2634573404', 50,CURRENT_TIMESTAMP(), CURRENT_TIMESTAMP());

INSERT INTO member_premiums(member_premium_sk, premium_span_sk, member_sk, exchange_member_id, individual_premium_amount, created_date, updated_date) VALUES ('692efe5a-52ba-4a04-9728-813f4d799422', 'e2f0a63d-d74b-4642-a09e-9aeeb50d3843', '37d7b2a8-4dec-46bf-a6ce-298fdc4e5766', '2634573401', 200, CURRENT_TIMESTAMP(), CURRENT_TIMESTAMP());
INSERT INTO member_premiums(member_premium_sk, premium_span_sk, member_sk, exchange_member_id, individual_premium_amount, created_date, updated_date) VALUES ('9370abc0-2421-4598-a13a-cdb366c9f84a', 'e2f0a63d-d74b-4642-a09e-9aeeb50d3843', '14416c14-9c25-4bf3-bdb2-dcd73314a070', '2634573402', 100, CURRENT_TIMESTAMP(), CURRENT_TIMESTAMP());
INSERT INTO member_premiums(member_premium_sk, premium_span_sk, member_sk, exchange_member_id, individual_premium_amount, created_date, updated_date) VALUES ('696787c8-edc5-456d-bd42-2ae3530ba7bd', 'e2f0a63d-d74b-4642-a09e-9aeeb50d3843', '4f63af0d-7e47-414a-bd73-e73bd87641d6', '2634573403', 100,CURRENT_TIMESTAMP(), CURRENT_TIMESTAMP());
INSERT INTO member_premiums(member_premium_sk, premium_span_sk, member_sk, exchange_member_id, individual_premium_amount, created_date, updated_date) VALUES ('9d184da9-f971-4e35-9d5f-195e85b88adc', 'e2f0a63d-d74b-4642-a09e-9aeeb50d3843', 'd44a7af9-f2c9-465d-abe0-03b645d9b331', '2634573404', 100,CURRENT_TIMESTAMP(), CURRENT_TIMESTAMP());

INSERT INTO member_premiums(member_premium_sk, premium_span_sk, member_sk, exchange_member_id, individual_premium_amount, created_date, updated_date) VALUES ('0a8558b4-c3ce-4366-bc76-39bad19c16cf', '40b2dc62-25e9-4981-bfde-ddf2a8380962', '37d7b2a8-4dec-46bf-a6ce-298fdc4e5766', '2634573401', 200, CURRENT_TIMESTAMP(), CURRENT_TIMESTAMP());
INSERT INTO member_premiums(member_premium_sk, premium_span_sk, member_sk, exchange_member_id, individual_premium_amount, created_date, updated_date) VALUES ('c3054552-5066-40b6-93b3-4b548381c519', '40b2dc62-25e9-4981-bfde-ddf2a8380962', '14416c14-9c25-4bf3-bdb2-dcd73314a070', '2634573402', 100, CURRENT_TIMESTAMP(), CURRENT_TIMESTAMP());
INSERT INTO member_premiums(member_premium_sk, premium_span_sk, member_sk, exchange_member_id, individual_premium_amount, created_date, updated_date) VALUES ('23b7e08b-dd48-41c2-9290-c1303c673a82', '40b2dc62-25e9-4981-bfde-ddf2a8380962', '4f63af0d-7e47-414a-bd73-e73bd87641d6', '2634573403', 100,CURRENT_TIMESTAMP(), CURRENT_TIMESTAMP());
INSERT INTO member_premiums(member_premium_sk, premium_span_sk, member_sk, exchange_member_id, individual_premium_amount, created_date, updated_date) VALUES ('c5d827f0-9e7a-42ca-ae99-88ab7094cc1f', '40b2dc62-25e9-4981-bfde-ddf2a8380962', 'd44a7af9-f2c9-465d-abe0-03b645d9b331', '2634573404', 100,CURRENT_TIMESTAMP(), CURRENT_TIMESTAMP());

INSERT INTO member_premiums(member_premium_sk, premium_span_sk, member_sk, exchange_member_id, individual_premium_amount, created_date, updated_date) VALUES ('46659d0e-576e-4913-b7e6-f2058f9ca7aa', 'a41a0d91-a643-4101-b1e2-21c0b291a529', '37d7b2a8-4dec-46bf-a6ce-298fdc4e5766', '2634573401', 200, CURRENT_TIMESTAMP(), CURRENT_TIMESTAMP());
INSERT INTO member_premiums(member_premium_sk, premium_span_sk, member_sk, exchange_member_id, individual_premium_amount, created_date, updated_date) VALUES ('fa0d39dd-4198-432e-83e6-f2f47f2a6233', 'a41a0d91-a643-4101-b1e2-21c0b291a529', '14416c14-9c25-4bf3-bdb2-dcd73314a070', '2634573402', 100, CURRENT_TIMESTAMP(), CURRENT_TIMESTAMP());
INSERT INTO member_premiums(member_premium_sk, premium_span_sk, member_sk, exchange_member_id, individual_premium_amount, created_date, updated_date) VALUES ('f9b1e634-8835-4dae-95d4-6ea8f957d244', 'a41a0d91-a643-4101-b1e2-21c0b291a529', '4f63af0d-7e47-414a-bd73-e73bd87641d6', '2634573403', 100,CURRENT_TIMESTAMP(), CURRENT_TIMESTAMP());
INSERT INTO member_premiums(member_premium_sk, premium_span_sk, member_sk, exchange_member_id, individual_premium_amount, created_date, updated_date) VALUES ('ffd68823-c131-4970-b59c-ae925a9a248d', 'a41a0d91-a643-4101-b1e2-21c0b291a529', 'd44a7af9-f2c9-465d-abe0-03b645d9b331', '2634573404', 100,CURRENT_TIMESTAMP(), CURRENT_TIMESTAMP());

INSERT INTO member_premiums(member_premium_sk, premium_span_sk, member_sk, exchange_member_id, individual_premium_amount, created_date, updated_date) VALUES ('688a90c4-e7aa-409f-8741-85fe36bc0045', '4fce1156-457b-4003-be25-99d00561523f', '37d7b2a8-4dec-46bf-a6ce-298fdc4e5766', '2634573401', 200, CURRENT_TIMESTAMP(), CURRENT_TIMESTAMP());
INSERT INTO member_premiums(member_premium_sk, premium_span_sk, member_sk, exchange_member_id, individual_premium_amount, created_date, updated_date) VALUES ('8ee71ef6-2fdd-4153-b3d5-e3ed3fbe04d1', '4fce1156-457b-4003-be25-99d00561523f', '14416c14-9c25-4bf3-bdb2-dcd73314a070', '2634573402', 100, CURRENT_TIMESTAMP(), CURRENT_TIMESTAMP());
INSERT INTO member_premiums(member_premium_sk, premium_span_sk, member_sk, exchange_member_id, individual_premium_amount, created_date, updated_date) VALUES ('a5c5689c-1c7b-4c8a-8571-3fbe44c191bf', '4fce1156-457b-4003-be25-99d00561523f', '4f63af0d-7e47-414a-bd73-e73bd87641d6', '2634573403', 100,CURRENT_TIMESTAMP(), CURRENT_TIMESTAMP());
INSERT INTO member_premiums(member_premium_sk, premium_span_sk, member_sk, exchange_member_id, individual_premium_amount, created_date, updated_date) VALUES ('9935dd9f-6256-4245-82f6-c08066fda042', '4fce1156-457b-4003-be25-99d00561523f', 'd44a7af9-f2c9-465d-abe0-03b645d9b331', '2634573404', 100,CURRENT_TIMESTAMP(), CURRENT_TIMESTAMP());

INSERT INTO member_premiums(member_premium_sk, premium_span_sk, member_sk, exchange_member_id, individual_premium_amount, created_date, updated_date) VALUES ('94c48a8f-ccd5-41d7-9c97-388efb801f60', '264785fe-0af8-472b-83fe-2c3777c2beb5', '37d7b2a8-4dec-46bf-a6ce-298fdc4e5766', '2634573401', 200, CURRENT_TIMESTAMP(), CURRENT_TIMESTAMP());
INSERT INTO member_premiums(member_premium_sk, premium_span_sk, member_sk, exchange_member_id, individual_premium_amount, created_date, updated_date) VALUES ('d4b26e06-456e-4291-ae6c-f88d370c3e55', '264785fe-0af8-472b-83fe-2c3777c2beb5', '14416c14-9c25-4bf3-bdb2-dcd73314a070', '2634573402', 100, CURRENT_TIMESTAMP(), CURRENT_TIMESTAMP());
INSERT INTO member_premiums(member_premium_sk, premium_span_sk, member_sk, exchange_member_id, individual_premium_amount, created_date, updated_date) VALUES ('4f167075-7362-4df9-b59f-4b0993cb28f3', '264785fe-0af8-472b-83fe-2c3777c2beb5', '4f63af0d-7e47-414a-bd73-e73bd87641d6', '2634573403', 100,CURRENT_TIMESTAMP(), CURRENT_TIMESTAMP());
INSERT INTO member_premiums(member_premium_sk, premium_span_sk, member_sk, exchange_member_id, individual_premium_amount, created_date, updated_date) VALUES ('5be6fad7-b576-4480-9d0a-cba10fe331f1', '264785fe-0af8-472b-83fe-2c3777c2beb5', 'd44a7af9-f2c9-465d-abe0-03b645d9b331', '2634573404', 100,CURRENT_TIMESTAMP(), CURRENT_TIMESTAMP());

INSERT INTO member_premiums(member_premium_sk, premium_span_sk, member_sk, exchange_member_id, individual_premium_amount, created_date, updated_date) VALUES ('f1db529c-455e-4542-8845-487718b4e0a7', '42d44bf6-8613-43b0-a1a7-5d2810f913f0', '37d7b2a8-4dec-46bf-a6ce-298fdc4e5766', '2634573401', 200, CURRENT_TIMESTAMP(), CURRENT_TIMESTAMP());
INSERT INTO member_premiums(member_premium_sk, premium_span_sk, member_sk, exchange_member_id, individual_premium_amount, created_date, updated_date) VALUES ('f87c78d6-20c3-4653-b6f0-b70f7bed99d7', '42d44bf6-8613-43b0-a1a7-5d2810f913f0', '14416c14-9c25-4bf3-bdb2-dcd73314a070', '2634573402', 100, CURRENT_TIMESTAMP(), CURRENT_TIMESTAMP());
INSERT INTO member_premiums(member_premium_sk, premium_span_sk, member_sk, exchange_member_id, individual_premium_amount, created_date, updated_date) VALUES ('0bbcac3b-ef8a-4c74-b675-5570c8cdc0fc', '42d44bf6-8613-43b0-a1a7-5d2810f913f0', '4f63af0d-7e47-414a-bd73-e73bd87641d6', '2634573403', 100,CURRENT_TIMESTAMP(), CURRENT_TIMESTAMP());
INSERT INTO member_premiums(member_premium_sk, premium_span_sk, member_sk, exchange_member_id, individual_premium_amount, created_date, updated_date) VALUES ('527b9fe8-c675-4c00-9b86-b8649f12a059', '42d44bf6-8613-43b0-a1a7-5d2810f913f0', 'd44a7af9-f2c9-465d-abe0-03b645d9b331', '2634573404', 100,CURRENT_TIMESTAMP(), CURRENT_TIMESTAMP());


/** Perry Family Account - Contains four members, Graham, Ashley, Elyse and Karen **/

/** Test Case Id: ZEUS-MMS-ACCT-Update-07 **/
/** Test Case Description: More than one member in the family. New Enrollment span created, one enrollment span termed and multiple enrollment spans canceled **/

INSERT INTO account(account_sk, acct_number, line_of_business_type_code, ztcn, source, created_date, updated_date) VALUES ('c451ba68-3bf8-439c-a46c-25faaf2a9454','JXI7LIIMQT32TUT','HIX','BD36OSMPT45PASK','MARKETPLACE',CURRENT_TIMESTAMP(), CURRENT_TIMESTAMP());

/** Graham Perry Details **/
INSERT INTO member(member_sk, account_sk, member_code, first_name, middle_name, last_name, relationship_type_code, date_of_birth, gender_type_code, height, weight, ztcn, source, created_date, updated_date) VALUES ('53a11d4d-a497-430c-b6cb-81eed088cf2b','c451ba68-3bf8-439c-a46c-25faaf2a9454','9PIX99B2W4QH9T6','Graham', 'T', 'Perry','HOH', '1963-04-10 00:00:00','MALE',5.9,150.87,'BD36OSMPT45PASK','MARKETPLACE',CURRENT_TIMESTAMP(), CURRENT_TIMESTAMP());

INSERT INTO member_address(member_address_sk, member_address_code, member_sk, address_type_code, address_line_1, address_line_2, city, state_type_code, fips_code, zip_code, ztcn, source, start_date, end_date, created_date, updated_date) VALUES ('a1b2ee18-51c4-4f19-aeee-20ceb64f5ba3', 'M5796CL7K96ES2Q', '53a11d4d-a497-430c-b6cb-81eed088cf2b', 'RESIDENCE', '5235 Heart Pine Ave', null, 'Odessa', 'FL', '12101', '33556','BD36OSMPT45PASK','MARKETPLACE', '2020-11-10 00:00:00', null, CURRENT_TIMESTAMP(), CURRENT_TIMESTAMP());
INSERT INTO member_address(member_address_sk, member_address_code, member_sk, address_type_code, address_line_1, address_line_2, city, state_type_code, fips_code, zip_code, ztcn, source, start_date, end_date, created_date, updated_date) VALUES ('e505a392-7707-4ca6-9b2d-a73ae822f23a', '3F9X7P4QVGI1A1H', '53a11d4d-a497-430c-b6cb-81eed088cf2b', 'MAIL', 'P.O Box 63464', null, 'Odessa', 'FL', '12101', '33556','BD36OSMPT45PASK','MARKETPLACE', '2020-11-10 00:00:00', null, CURRENT_TIMESTAMP(), CURRENT_TIMESTAMP());

INSERT INTO member_phone(member_phone_sk, member_phone_code, member_sk, phone_type_code, phone_number, ztcn, source, start_date, end_date, created_date, updated_date) VALUES ('03bd1424-1326-46ae-8924-dd51a7bb9072','6NSNK0EQIIM3LTJ', '53a11d4d-a497-430c-b6cb-81eed088cf2b','MOBILE', '567-345-7348','BD36OSMPT45PASK','MARKETPLACE', '2020-11-10 00:00:00', null, CURRENT_TIMESTAMP(), CURRENT_TIMESTAMP());

INSERT INTO member_email(member_email_sk, member_email_code, member_sk, email_type_code, email, is_primary, ztcn, source, start_date, end_date, created_date, updated_date) VALUES ('10072ba0-76d3-42fc-95f4-a58c71c855d8', 'FYJ1GC10EMERL5C', '53a11d4d-a497-430c-b6cb-81eed088cf2b', 'PERSONAL', 'gperry@gmail.com', true,'BD36OSMPT45PASK','MARKETPLACE', '2020-11-10 00:00:00', null, CURRENT_TIMESTAMP(), CURRENT_TIMESTAMP());
INSERT INTO member_email(member_email_sk, member_email_code, member_sk, email_type_code, email, is_primary, ztcn, source, start_date, end_date, created_date, updated_date) VALUES ('2203d33a-963d-4e8d-9350-653742a9c683', '635ZKNQK8GJRZJ3', '53a11d4d-a497-430c-b6cb-81eed088cf2b', 'WORK', 'graham.perry@wellcare.com', false,null,'ZEUS-UI', '2020-11-10 00:00:00', null, CURRENT_TIMESTAMP(), CURRENT_TIMESTAMP());

INSERT INTO member_language(member_language_sk, member_language_code, member_sk, language_type_code, language_code, ztcn, source, start_date, end_date, created_date, updated_date) VALUES ('a54195a0-9964-43df-b120-1dfe595d2a26', '27EZFIM1P9LJ9GI', '53a11d4d-a497-430c-b6cb-81eed088cf2b', 'SPOKEN', 'ENG','BD36OSMPT45PASK','MARKETPLACE', '2020-11-10 00:00:00', null, CURRENT_TIMESTAMP(), CURRENT_TIMESTAMP());
INSERT INTO member_language(member_language_sk, member_language_code, member_sk, language_type_code, language_code, ztcn, source, start_date, end_date, created_date, updated_date) VALUES ('eed1f34c-4eaf-4e1d-a4d1-f9315d8955ad', 'J9TJMZEJNAI2J9K', '53a11d4d-a497-430c-b6cb-81eed088cf2b', 'WRITTEN', 'SPA','BD36OSMPT45PASK','MARKETPLACE', '2020-11-10 00:00:00', null, CURRENT_TIMESTAMP(), CURRENT_TIMESTAMP());

INSERT INTO member_identifier(member_identifier_sk, member_identifier_code, member_sk, identifier_type_code, identifier_value, is_active, ztcn, source, created_date, updated_date) VALUES ('8bd80002-f3b9-4665-9ef7-69e5eb945be9', 'ZT07GGMFT9JC7Q6', '53a11d4d-a497-430c-b6cb-81eed088cf2b', 'SSN', '934-52-6235', true,'BD36OSMPT45PASK','MARKETPLACE', CURRENT_TIMESTAMP(), CURRENT_TIMESTAMP());


/** Ashley Perry Details **/

INSERT INTO member(member_sk, account_sk, member_code, first_name, middle_name, last_name, relationship_type_code, date_of_birth, gender_type_code, height, weight, ztcn, source, created_date, updated_date) VALUES ('d3dcffcb-b894-47f9-b02d-b85b5f4a44c0','c451ba68-3bf8-439c-a46c-25faaf2a9454','BPY5SUQVMVCRRWF','Ashley', 'S', 'Perry', 'SPE', '1968-07-23 00:00:00','FEMALE',5.4,120.56,'BD36OSMPT45PASK','MARKETPLACE',CURRENT_TIMESTAMP(), CURRENT_TIMESTAMP());

INSERT INTO member_address(member_address_sk, member_address_code, member_sk, address_type_code, address_line_1, address_line_2, city, state_type_code, fips_code, zip_code, ztcn, source, start_date, end_date, created_date, updated_date) VALUES ('241a01c0-3084-4096-923b-cec824751587', 'IN9SMZ593Y7TP6P', 'd3dcffcb-b894-47f9-b02d-b85b5f4a44c0', 'RESIDENCE', '5235 Heart Pine Ave', null, 'Odessa', 'FL', '12101', '33556','BD36OSMPT45PASK','MARKETPLACE', '2020-11-10 00:00:00', null, CURRENT_TIMESTAMP(), CURRENT_TIMESTAMP());
INSERT INTO member_address(member_address_sk, member_address_code, member_sk, address_type_code, address_line_1, address_line_2, city, state_type_code, fips_code, zip_code, ztcn, source, start_date, end_date, created_date, updated_date) VALUES ('3ea8016e-afbf-4fb3-ae11-98acba1c3f7e', 'GPY1DO22ODTQDLU', 'd3dcffcb-b894-47f9-b02d-b85b5f4a44c0', 'MAIL', 'P.O Box 63464', null, 'Odessa', 'FL', '12101', '33556','BD36OSMPT45PASK','MARKETPLACE', '2020-11-10 00:00:00', null, CURRENT_TIMESTAMP(), CURRENT_TIMESTAMP());

INSERT INTO member_phone(member_phone_sk, member_phone_code, member_sk, phone_type_code, phone_number, ztcn, source, start_date, end_date, created_date, updated_date) VALUES ('082cf4e3-7416-4853-9326-11275e72b720','M7Q2D8LX2R2WN5F', 'd3dcffcb-b894-47f9-b02d-b85b5f4a44c0','MOBILE', '567-236-8458','BD36OSMPT45PASK','MARKETPLACE', '2020-11-10 00:00:00', null, CURRENT_TIMESTAMP(), CURRENT_TIMESTAMP());

INSERT INTO member_email(member_email_sk, member_email_code, member_sk, email_type_code, email, is_primary, ztcn, source, start_date, end_date, created_date, updated_date) VALUES ('c0e50ff6-5a31-4f1a-9553-95ceca52b360', '3T4TP02LGMH82V6', 'd3dcffcb-b894-47f9-b02d-b85b5f4a44c0', 'PERSONAL', 'ashleyperry@gmail.com', true,'BD36OSMPT45PASK','MARKETPLACE', '2020-11-10 00:00:00', null, CURRENT_TIMESTAMP(), CURRENT_TIMESTAMP());
INSERT INTO member_email(member_email_sk, member_email_code, member_sk, email_type_code, email, is_primary, ztcn, source, start_date, end_date, created_date, updated_date) VALUES ('b1d4261a-2c0a-4bc3-bcbb-e182acb4642b', 'VF22ADP3KTBDJRW', 'd3dcffcb-b894-47f9-b02d-b85b5f4a44c0', 'WORK', 'ashely.perry@wellcare.com', false,null,'ZEUS-UI', '2020-11-10 00:00:00', null, CURRENT_TIMESTAMP(), CURRENT_TIMESTAMP());

INSERT INTO member_language(member_language_sk, member_language_code, member_sk, language_type_code, language_code, ztcn, source, start_date, end_date, created_date, updated_date) VALUES ('181ecf77-1f99-4831-ba0e-ce0a49b3ab66', '3K7QCMNG1SBV61T', 'd3dcffcb-b894-47f9-b02d-b85b5f4a44c0', 'SPOKEN', 'ENG','BD36OSMPT45PASK','MARKETPLACE', '2020-11-10 00:00:00', null, CURRENT_TIMESTAMP(), CURRENT_TIMESTAMP());
INSERT INTO member_language(member_language_sk, member_language_code, member_sk, language_type_code, language_code, ztcn, source, start_date, end_date, created_date, updated_date) VALUES ('55d2a3d7-4548-448e-b1c4-318f01441701', 'ODGVBPBV1N66XM8', 'd3dcffcb-b894-47f9-b02d-b85b5f4a44c0', 'WRITTEN', 'SPA','BD36OSMPT45PASK','MARKETPLACE', '2020-11-10 00:00:00', null, CURRENT_TIMESTAMP(), CURRENT_TIMESTAMP());

INSERT INTO member_identifier(member_identifier_sk, member_identifier_code, member_sk, identifier_type_code, identifier_value, is_active, ztcn, source, created_date, updated_date) VALUES ('1a1982c9-f99d-492f-81ee-3c72ebae69b2', 'S83WVXCAHC32LPU', 'd3dcffcb-b894-47f9-b02d-b85b5f4a44c0', 'SSN', '934-23-2345', true,'BD36OSMPT45PASK','MARKETPLACE', CURRENT_TIMESTAMP(), CURRENT_TIMESTAMP());


/** Elyse Perry Details **/
INSERT INTO member(member_sk, account_sk, member_code, first_name, middle_name, last_name, relationship_type_code, date_of_birth, gender_type_code, height, weight, ztcn, source, created_date, updated_date) VALUES ('42ccf868-3d7d-4194-a7b1-09f4f8a92b31','c451ba68-3bf8-439c-a46c-25faaf2a9454','BS09KXVY5WFGV5I','Elyse', 'A', 'Perry', 'CHD', '2000-06-15 00:00:00','FEMALE',5.1,105.43,'BD36OSMPT45PASK','MARKETPLACE',CURRENT_TIMESTAMP(), CURRENT_TIMESTAMP());

INSERT INTO member_address(member_address_sk, member_address_code, member_sk, address_type_code, address_line_1, address_line_2, city, state_type_code, fips_code, zip_code, ztcn, source, start_date, end_date, created_date, updated_date) VALUES ('ea1ecbb3-dd65-43af-bd83-ee69d15fe6e3', 'FAM4S2LWLB3ZNO2', '42ccf868-3d7d-4194-a7b1-09f4f8a92b31', 'RESIDENCE', '5235 Heart Pine Ave', null, 'Odessa', 'FL', '12101', '33556','BD36OSMPT45PASK','MARKETPLACE', '2020-11-10 00:00:00', null, CURRENT_TIMESTAMP(), CURRENT_TIMESTAMP());
INSERT INTO member_address(member_address_sk, member_address_code, member_sk, address_type_code, address_line_1, address_line_2, city, state_type_code, fips_code, zip_code, ztcn, source, start_date, end_date, created_date, updated_date) VALUES ('4fd91fe4-aa51-4fd4-98dd-e789839c1316', '29736RII6HI0ELF', '42ccf868-3d7d-4194-a7b1-09f4f8a92b31', 'MAIL', 'P.O Box 63464', null, 'Odessa', 'FL', '12101', '33556','BD36OSMPT45PASK','MARKETPLACE', '2020-11-10 00:00:00', null, CURRENT_TIMESTAMP(), CURRENT_TIMESTAMP());

INSERT INTO member_phone(member_phone_sk, member_phone_code, member_sk, phone_type_code, phone_number, ztcn, source, start_date, end_date, created_date, updated_date) VALUES ('f3f44e3e-3eea-4cf9-a5d0-d8011bbc0232', 'X7L6INJA0TS25EM', '42ccf868-3d7d-4194-a7b1-09f4f8a92b31','MOBILE', '577-246-8358','BD36OSMPT45PASK','MARKETPLACE', '2020-11-10 00:00:00', null, CURRENT_TIMESTAMP(), CURRENT_TIMESTAMP());

INSERT INTO member_email(member_email_sk, member_email_code, member_sk, email_type_code, email, is_primary, ztcn, source, start_date, end_date, created_date, updated_date) VALUES ('23fd39cf-be42-44a0-a980-54a313fa2412', 'FTSUKQD3EYMFK15', '42ccf868-3d7d-4194-a7b1-09f4f8a92b31', 'PERSONAL', 'elyseperry@gmail.com', true,'BD36OSMPT45PASK','MARKETPLACE', '2020-11-10 00:00:00', null, CURRENT_TIMESTAMP(), CURRENT_TIMESTAMP());
INSERT INTO member_email(member_email_sk, member_email_code, member_sk, email_type_code, email, is_primary, ztcn, source, start_date, end_date, created_date, updated_date) VALUES ('b03dd533-37ff-41ba-bd92-f814405fbbd2', 'MFJ8UY4DSJY4Q0N', '42ccf868-3d7d-4194-a7b1-09f4f8a92b31', 'WORK', 'elyse.perry@wellcare.com', false,null,'ZEUS-UI', '2020-11-10 00:00:00', null, CURRENT_TIMESTAMP(), CURRENT_TIMESTAMP());

INSERT INTO member_language(member_language_sk, member_language_code, member_sk, language_type_code, language_code, ztcn, source, start_date, end_date, created_date, updated_date) VALUES ('3cbbcc99-9c53-435c-9f35-bcc2cb67ab64', '1LAX03QUGS3WARH', '42ccf868-3d7d-4194-a7b1-09f4f8a92b31', 'SPOKEN', 'ENG','BD36OSMPT45PASK','MARKETPLACE', '2020-11-10 00:00:00', null, CURRENT_TIMESTAMP(), CURRENT_TIMESTAMP());
INSERT INTO member_language(member_language_sk, member_language_code, member_sk, language_type_code, language_code, ztcn, source, start_date, end_date, created_date, updated_date) VALUES ('2f0a6354-a819-4f49-86de-0b3c2179b582', 'I777EO7EH6C74CV', '42ccf868-3d7d-4194-a7b1-09f4f8a92b31', 'WRITTEN', 'SPA','BD36OSMPT45PASK','MARKETPLACE', '2020-11-10 00:00:00', null, CURRENT_TIMESTAMP(), CURRENT_TIMESTAMP());

INSERT INTO member_identifier(member_identifier_sk, member_identifier_code, member_sk, identifier_type_code, identifier_value, is_active, ztcn, source, created_date, updated_date) VALUES ('b27edd53-b82a-4f9a-8db5-fbdad73a679f', 'LB13WB4WUQ5B52U', '42ccf868-3d7d-4194-a7b1-09f4f8a92b31', 'SSN', '634-64-2356', true,'BD36OSMPT45PASK','MARKETPLACE', CURRENT_TIMESTAMP(), CURRENT_TIMESTAMP());

/** Karen Perry Details **/
INSERT INTO member(member_sk, account_sk, member_code, first_name, middle_name, last_name, relationship_type_code, date_of_birth, gender_type_code, height, weight, ztcn, source, created_date, updated_date) VALUES ('58752ecf-185b-4f08-9518-656f0269e878','c451ba68-3bf8-439c-a46c-25faaf2a9454','E2LK4BYBHI1AT2Y','Karen', 'E', 'Perry', 'CHD', '1998-07-12 00:00:00','FEMALE',5.4,111.76,'BD36OSMPT45PASK','MARKETPLACE',CURRENT_TIMESTAMP(), CURRENT_TIMESTAMP());

INSERT INTO member_address(member_address_sk, member_address_code, member_sk, address_type_code, address_line_1, address_line_2, city, state_type_code, fips_code, zip_code, ztcn, source, start_date, end_date, created_date, updated_date) VALUES ('9250e3fb-98d8-4e1a-9a1e-8dc93923ee6a', 'JX0GSG3T5AT7FVA', '58752ecf-185b-4f08-9518-656f0269e878', 'RESIDENCE', '5235 Heart Pine Ave', null, 'Odessa', 'FL', '12101', '33556','BD36OSMPT45PASK','MARKETPLACE', '2020-11-10 00:00:00', null, CURRENT_TIMESTAMP(), CURRENT_TIMESTAMP());
INSERT INTO member_address(member_address_sk, member_address_code, member_sk, address_type_code, address_line_1, address_line_2, city, state_type_code, fips_code, zip_code, ztcn, source, start_date, end_date, created_date, updated_date) VALUES ('9684e867-bfdb-42eb-ac0f-33f6892c4fad', 'MMNX2ZYEYVKMNQ7', '58752ecf-185b-4f08-9518-656f0269e878', 'MAIL', 'P.O Box 63464', null, 'Odessa', 'FL', '12101', '33556','BD36OSMPT45PASK','MARKETPLACE', '2020-11-10 00:00:00', null, CURRENT_TIMESTAMP(), CURRENT_TIMESTAMP());

INSERT INTO member_phone(member_phone_sk, member_phone_code, member_sk, phone_type_code, phone_number, ztcn, source, start_date, end_date, created_date, updated_date) VALUES ('a6d674e8-2574-47c9-93de-4bea27b51aad', 'PJ4I2XCZZNK17VJ', '58752ecf-185b-4f08-9518-656f0269e878','MOBILE', '545-736-2464','BD36OSMPT45PASK','MARKETPLACE', '2020-11-10 00:00:00', null, CURRENT_TIMESTAMP(), CURRENT_TIMESTAMP());

INSERT INTO member_email(member_email_sk, member_email_code, member_sk, email_type_code, email, is_primary, ztcn, source, start_date, end_date, created_date, updated_date) VALUES ('df1593bb-cc66-43c3-94f4-0cf193f8a073', 'FH8U8OSZYD2L1VH', '58752ecf-185b-4f08-9518-656f0269e878', 'PERSONAL', 'karenperry@gmail.com', true,'BD36OSMPT45PASK','MARKETPLACE', '2020-11-10 00:00:00', null, CURRENT_TIMESTAMP(), CURRENT_TIMESTAMP());
INSERT INTO member_email(member_email_sk, member_email_code, member_sk, email_type_code, email, is_primary, ztcn, source, start_date, end_date, created_date, updated_date) VALUES ('08d25b72-eba7-436b-b06a-0cf081803aa0', 'GSUMQ0A37K4SC3I', '58752ecf-185b-4f08-9518-656f0269e878', 'WORK', 'karen.perry@wellcare.com', false,null,'ZEUS-UI', '2020-11-10 00:00:00', null, CURRENT_TIMESTAMP(), CURRENT_TIMESTAMP());

INSERT INTO member_language(member_language_sk, member_language_code, member_sk, language_type_code, language_code, ztcn, source, start_date, end_date, created_date, updated_date) VALUES ('505dafc0-604c-4311-8bcb-49ff3e6566bb', 'NAL045IW9JAX6RK', '58752ecf-185b-4f08-9518-656f0269e878', 'SPOKEN', 'ENG','BD36OSMPT45PASK','MARKETPLACE', '2020-11-10 00:00:00', null, CURRENT_TIMESTAMP(), CURRENT_TIMESTAMP());
INSERT INTO member_language(member_language_sk, member_language_code, member_sk, language_type_code, language_code, ztcn, source, start_date, end_date, created_date, updated_date) VALUES ('5c06f13c-c1de-4f3d-8005-d14ad762f4c9', 'NJ9MZMFN7YN91JE', '58752ecf-185b-4f08-9518-656f0269e878', 'WRITTEN', 'SPA','BD36OSMPT45PASK','MARKETPLACE', '2020-11-10 00:00:00', null, CURRENT_TIMESTAMP(), CURRENT_TIMESTAMP());

INSERT INTO member_identifier(member_identifier_sk, member_identifier_code, member_sk, identifier_type_code, identifier_value, is_active, ztcn, source, created_date, updated_date) VALUES ('bc5cf225-29d9-4d2a-8556-81506c28b7a5', 'ID4WV5QTXGRJUVB', '58752ecf-185b-4f08-9518-656f0269e878', 'SSN', '523-44-6234', true,'BD36OSMPT45PASK','MARKETPLACE', CURRENT_TIMESTAMP(), CURRENT_TIMESTAMP());


/** Enrollment and Premium spans associated with the Perry account **/


INSERT INTO enrollment_span(enrlmnt_span_sk, enrollment_span_code, account_sk, state_type_code, marketplace_type_code, business_unit_type_code, enrollment_type, coverage_type_code, start_date, end_date, exchange_subscriber_id, plan_id, group_policy_id, product_type_code, effectuation_date, status_type_code, effective_reason, term_reason, ztcn, source, delinq_ind, created_date, updated_date) VALUES ('67f650c8-f4bb-41bd-9dec-7a7059de4cde', 'ME2VPAJZ1RH9NF8', 'c451ba68-3bf8-439c-a46c-25faaf2a9454', 'FL', 'FFM', 'MP_FL', 'ACTIVE', 'FAM', '2022-01-01 00:00:00', '2022-12-31 00:00:00', '52356466', '89355FL0234597', '36346346','HMO','2021-12-15 00:00:00','ENROLLED','MBS',null,'BD36OSMPT45PASK','MARKETPLACE', false, CURRENT_TIMESTAMP(),CURRENT_TIMESTAMP());
INSERT INTO enrollment_span(enrlmnt_span_sk, enrollment_span_code, account_sk, state_type_code, marketplace_type_code, business_unit_type_code, enrollment_type, coverage_type_code, start_date, end_date, exchange_subscriber_id, plan_id, group_policy_id, product_type_code, effectuation_date, status_type_code, effective_reason, term_reason, ztcn, source, delinq_ind, created_date, updated_date) VALUES ('71943ea0-e12f-40b6-bcb4-17bc06427c4b', 'C6OMUHSV9FNCR67', 'c451ba68-3bf8-439c-a46c-25faaf2a9454', 'FL', 'FFM', 'MP_FL', 'ACTIVE', 'FAM', '2023-01-01 00:00:00', '2023-06-30 00:00:00', '52356466', '89355FL0234598', '63235635','HMO','2022-12-25 00:00:00','ENROLLED','MBS','VOLWITH','MEI95AG749ANRLM','MARKETPLACE', false, CURRENT_TIMESTAMP(),CURRENT_TIMESTAMP());

INSERT INTO enrollment_span(enrlmnt_span_sk, enrollment_span_code, account_sk, state_type_code, marketplace_type_code, business_unit_type_code, enrollment_type, coverage_type_code, start_date, end_date, exchange_subscriber_id, plan_id, group_policy_id, product_type_code, effectuation_date, status_type_code, effective_reason, term_reason, ztcn, source, delinq_ind, created_date, updated_date) VALUES ('740e6713-16f7-467b-bd51-6ea2223be731', 'U963DL575P58WRH', 'c451ba68-3bf8-439c-a46c-25faaf2a9454', 'FL', 'FFM', 'MP_FL', 'ACTIVE', 'FAM', '2023-07-01 00:00:00', '2023-08-31 00:00:00', '52356466', '89355FL0234599', '73456575','HMO','2023-06-10 00:00:00','ENROLLED','MBS','VOLWITH','HSU0ER8HAXP5YUP','MARKETPLACE', false, CURRENT_TIMESTAMP(),CURRENT_TIMESTAMP());
INSERT INTO enrollment_span(enrlmnt_span_sk, enrollment_span_code, account_sk, state_type_code, marketplace_type_code, business_unit_type_code, enrollment_type, coverage_type_code, start_date, end_date, exchange_subscriber_id, plan_id, group_policy_id, product_type_code, effectuation_date, status_type_code, effective_reason, term_reason, ztcn, source, delinq_ind, created_date, updated_date) VALUES ('fafce075-eb32-4598-b4d9-094ad3c740c6', '68RIYMEO9RGTYJ9', 'c451ba68-3bf8-439c-a46c-25faaf2a9454', 'FL', 'FFM', 'MP_FL', 'ACTIVE', 'FAM', '2023-09-01 00:00:00', '2023-12-31 00:00:00', '52356466', '89355FL0234600', '35757367','HMO','2023-08-13 00:00:00','ENROLLED','MBS',null,'Q5A7WR38X0O0Q09','MARKETPLACE', false, CURRENT_TIMESTAMP(),CURRENT_TIMESTAMP());

INSERT INTO premium_span(premium_span_sk, premium_span_code, ztcn, source, enrollment_span_sk, start_date, end_date, status_type_code, sequence, csr_variant, total_prem_amt, total_resp_amt, aptc_amt, other_pay_amt, csr_amt, created_Date, updated_date) VALUES ('d3c740d4-066a-4b33-9c22-3019c927df53', 'LJ4D6QCRM5QB6GI', 'BD36OSMPT45PASK','MARKETPLACE', '67f650c8-f4bb-41bd-9dec-7a7059de4cde', '2022-01-01 00:00:00', '2022-02-28 00:00:00', 'ACTIVE', 1, '03', 400, 300, 100, 0, 10, CURRENT_TIMESTAMP(),CURRENT_TIMESTAMP());
INSERT INTO premium_span(premium_span_sk, premium_span_code, ztcn, source, enrollment_span_sk, start_date, end_date, status_type_code, sequence, csr_variant, total_prem_amt, total_resp_amt, aptc_amt, other_pay_amt, csr_amt, created_Date, updated_date) VALUES ('e69eb8a0-7291-4a9c-9c11-a35cd0c4741a', '051GGYK0TOYNDUR', 'U5SMXI2FOVGR3SD','MARKETPLACE', '67f650c8-f4bb-41bd-9dec-7a7059de4cde', '2022-03-01 00:00:00', '2022-08-31 00:00:00', 'ACTIVE', 2, '03', 400, 275, 125, 0, 20, CURRENT_TIMESTAMP(),CURRENT_TIMESTAMP());
INSERT INTO premium_span(premium_span_sk, premium_span_code, ztcn, source, enrollment_span_sk, start_date, end_date, status_type_code, sequence, csr_variant, total_prem_amt, total_resp_amt, aptc_amt, other_pay_amt, csr_amt, created_Date, updated_date) VALUES ('f26f73f2-3a46-486e-9f2f-6e92944948d5', '1LU5QY15T669OKF', '6KTR1D7NNSG4SX1','MARKETPLACE', '67f650c8-f4bb-41bd-9dec-7a7059de4cde', '2022-09-01 00:00:00', '2022-12-31 00:00:00', 'ACTIVE', 3, '03', 400, 325, 75, 0, 30, CURRENT_TIMESTAMP(),CURRENT_TIMESTAMP());

INSERT INTO premium_span(premium_span_sk, premium_span_code, ztcn, source, enrollment_span_sk, start_date, end_date, status_type_code, sequence, csr_variant, total_prem_amt, total_resp_amt, aptc_amt, other_pay_amt, csr_amt, created_Date, updated_date) VALUES ('3a6a1ec2-f88a-44b8-8f48-82610e4db7b8', '4JP7APVCAURTVFR', 'MEI95AG749ANRLM','MARKETPLACE', '71943ea0-e12f-40b6-bcb4-17bc06427c4b', '2023-01-01 00:00:00', '2023-02-28 00:00:00', 'ACTIVE', 1, '03', 500, 300, 200, 0, 10, CURRENT_TIMESTAMP(),CURRENT_TIMESTAMP());
INSERT INTO premium_span(premium_span_sk, premium_span_code, ztcn, source, enrollment_span_sk, start_date, end_date, status_type_code, sequence, csr_variant, total_prem_amt, total_resp_amt, aptc_amt, other_pay_amt, csr_amt, created_Date, updated_date) VALUES ('e6cd8a4a-7af0-45de-a84e-fbe9adb3887a', '514S2TH4ARM549Y', 'O5QZAONDATBX9B6','MARKETPLACE', '71943ea0-e12f-40b6-bcb4-17bc06427c4b', '2023-03-01 00:00:00', '2023-03-31 00:00:00', 'ACTIVE', 2, '03', 500, 350, 150, 0, 20, CURRENT_TIMESTAMP(),CURRENT_TIMESTAMP());
INSERT INTO premium_span(premium_span_sk, premium_span_code, ztcn, source, enrollment_span_sk, start_date, end_date, status_type_code, sequence, csr_variant, total_prem_amt, total_resp_amt, aptc_amt, other_pay_amt, csr_amt, created_Date, updated_date) VALUES ('b0ecef1a-f98c-450d-9d86-adce05f1de8d', 'QS3EVH60CFVI49Z', 'VD8GJUU5BL8V3ZF','MARKETPLACE', '71943ea0-e12f-40b6-bcb4-17bc06427c4b', '2023-04-01 00:00:00', '2023-05-31 00:00:00', 'ACTIVE', 3, '03', 500, 325, 175, 0, 20, CURRENT_TIMESTAMP(),CURRENT_TIMESTAMP());
INSERT INTO premium_span(premium_span_sk, premium_span_code, ztcn, source, enrollment_span_sk, start_date, end_date, status_type_code, sequence, csr_variant, total_prem_amt, total_resp_amt, aptc_amt, other_pay_amt, csr_amt, created_Date, updated_date) VALUES ('8a8934ab-c2a1-4cd1-a4d4-d48929e05096', 'JH2DZNP9JQZTGY9', 'M2UNEH4S5DWEE9R','MARKETPLACE', '71943ea0-e12f-40b6-bcb4-17bc06427c4b', '2023-06-01 00:00:00', '2023-06-30 00:00:00', 'ACTIVE', 4, '03', 500, 375, 125, 0, 20, CURRENT_TIMESTAMP(),CURRENT_TIMESTAMP());

INSERT INTO premium_span(premium_span_sk, premium_span_code, ztcn, source, enrollment_span_sk, start_date, end_date, status_type_code, sequence, csr_variant, total_prem_amt, total_resp_amt, aptc_amt, other_pay_amt, csr_amt, created_Date, updated_date) VALUES ('4bc0c667-718b-4142-a5f3-969cccc861b0', 'FX9PKLKZVY9EMFT', 'HSU0ER8HAXP5YUP','MARKETPLACE', '740e6713-16f7-467b-bd51-6ea2223be731', '2023-07-01 00:00:00', '2023-08-31 00:00:00', 'ACTIVE', 5, '03', 500, 325, 175, 0, 20, CURRENT_TIMESTAMP(),CURRENT_TIMESTAMP());
INSERT INTO premium_span(premium_span_sk, premium_span_code, ztcn, source, enrollment_span_sk, start_date, end_date, status_type_code, sequence, csr_variant, total_prem_amt, total_resp_amt, aptc_amt, other_pay_amt, csr_amt, created_Date, updated_date) VALUES ('30dbcb8e-a502-4e6f-aaab-9ca1d87d277d', '9Z0JZO8Y26XOFHX', 'Q5A7WR38X0O0Q09','MARKETPLACE', 'fafce075-eb32-4598-b4d9-094ad3c740c6', '2023-09-01 00:00:00', '2023-12-31 00:00:00', 'ACTIVE', 6, '03', 500, 375, 125, 0, 20, CURRENT_TIMESTAMP(),CURRENT_TIMESTAMP());

INSERT INTO member_premiums(member_premium_sk, premium_span_sk, member_sk, exchange_member_id, individual_premium_amount, created_date, updated_date) VALUES ('d8260ab9-5024-4213-a8b0-0e695cc8b027', 'd3c740d4-066a-4b33-9c22-3019c927df53', '53a11d4d-a497-430c-b6cb-81eed088cf2b', '5235646601', 200, CURRENT_TIMESTAMP(), CURRENT_TIMESTAMP());
INSERT INTO member_premiums(member_premium_sk, premium_span_sk, member_sk, exchange_member_id, individual_premium_amount, created_date, updated_date) VALUES ('c5d14ddd-5769-45e2-a5c8-38de2c977b42', 'd3c740d4-066a-4b33-9c22-3019c927df53', 'd3dcffcb-b894-47f9-b02d-b85b5f4a44c0', '5235646602', 100, CURRENT_TIMESTAMP(), CURRENT_TIMESTAMP());
INSERT INTO member_premiums(member_premium_sk, premium_span_sk, member_sk, exchange_member_id, individual_premium_amount, created_date, updated_date) VALUES ('efbd560f-9c11-4122-83c6-6a04767a13c1', 'd3c740d4-066a-4b33-9c22-3019c927df53', '42ccf868-3d7d-4194-a7b1-09f4f8a92b31', '5235646603', 50,CURRENT_TIMESTAMP(), CURRENT_TIMESTAMP());
INSERT INTO member_premiums(member_premium_sk, premium_span_sk, member_sk, exchange_member_id, individual_premium_amount, created_date, updated_date) VALUES ('5b01fb1f-0b91-4eb9-8214-e97dcdc3f7a2', 'd3c740d4-066a-4b33-9c22-3019c927df53', '58752ecf-185b-4f08-9518-656f0269e878', '5235646604', 50,CURRENT_TIMESTAMP(), CURRENT_TIMESTAMP());

INSERT INTO member_premiums(member_premium_sk, premium_span_sk, member_sk, exchange_member_id, individual_premium_amount, created_date, updated_date) VALUES ('d9b21e2f-c5a8-474f-a358-96f146853388', 'e69eb8a0-7291-4a9c-9c11-a35cd0c4741a', '53a11d4d-a497-430c-b6cb-81eed088cf2b', '5235646601', 200, CURRENT_TIMESTAMP(), CURRENT_TIMESTAMP());
INSERT INTO member_premiums(member_premium_sk, premium_span_sk, member_sk, exchange_member_id, individual_premium_amount, created_date, updated_date) VALUES ('3f7909e4-e7db-4962-ae0f-6dc241fb2f02', 'e69eb8a0-7291-4a9c-9c11-a35cd0c4741a', 'd3dcffcb-b894-47f9-b02d-b85b5f4a44c0', '5235646602', 100, CURRENT_TIMESTAMP(), CURRENT_TIMESTAMP());
INSERT INTO member_premiums(member_premium_sk, premium_span_sk, member_sk, exchange_member_id, individual_premium_amount, created_date, updated_date) VALUES ('7dad7c94-ca37-4dde-8aa9-d24f1aa45c79', 'e69eb8a0-7291-4a9c-9c11-a35cd0c4741a', '42ccf868-3d7d-4194-a7b1-09f4f8a92b31', '5235646603', 50,CURRENT_TIMESTAMP(), CURRENT_TIMESTAMP());
INSERT INTO member_premiums(member_premium_sk, premium_span_sk, member_sk, exchange_member_id, individual_premium_amount, created_date, updated_date) VALUES ('e348ecae-5fb4-4aff-a279-2c27dc5ed1c8', 'e69eb8a0-7291-4a9c-9c11-a35cd0c4741a', '58752ecf-185b-4f08-9518-656f0269e878', '5235646604', 50,CURRENT_TIMESTAMP(), CURRENT_TIMESTAMP());

INSERT INTO member_premiums(member_premium_sk, premium_span_sk, member_sk, exchange_member_id, individual_premium_amount, created_date, updated_date) VALUES ('059eaa31-b2ac-4aa7-a329-8c974ddc44b0', 'f26f73f2-3a46-486e-9f2f-6e92944948d5', '53a11d4d-a497-430c-b6cb-81eed088cf2b', '5235646601', 200, CURRENT_TIMESTAMP(), CURRENT_TIMESTAMP());
INSERT INTO member_premiums(member_premium_sk, premium_span_sk, member_sk, exchange_member_id, individual_premium_amount, created_date, updated_date) VALUES ('bc4a22f0-fb71-40e8-a87f-b8517c9941d7', 'f26f73f2-3a46-486e-9f2f-6e92944948d5', 'd3dcffcb-b894-47f9-b02d-b85b5f4a44c0', '5235646602', 100, CURRENT_TIMESTAMP(), CURRENT_TIMESTAMP());
INSERT INTO member_premiums(member_premium_sk, premium_span_sk, member_sk, exchange_member_id, individual_premium_amount, created_date, updated_date) VALUES ('6303628e-33ac-495f-8138-14d9196dbbe2', 'f26f73f2-3a46-486e-9f2f-6e92944948d5', '42ccf868-3d7d-4194-a7b1-09f4f8a92b31', '5235646603', 50,CURRENT_TIMESTAMP(), CURRENT_TIMESTAMP());
INSERT INTO member_premiums(member_premium_sk, premium_span_sk, member_sk, exchange_member_id, individual_premium_amount, created_date, updated_date) VALUES ('61cc513e-ce99-407e-bcbf-e3a32d57cedc', 'f26f73f2-3a46-486e-9f2f-6e92944948d5', '58752ecf-185b-4f08-9518-656f0269e878', '5235646604', 50,CURRENT_TIMESTAMP(), CURRENT_TIMESTAMP());

INSERT INTO member_premiums(member_premium_sk, premium_span_sk, member_sk, exchange_member_id, individual_premium_amount, created_date, updated_date) VALUES ('42f00714-397a-4d04-86c3-8045130a5bc8', '3a6a1ec2-f88a-44b8-8f48-82610e4db7b8', '53a11d4d-a497-430c-b6cb-81eed088cf2b', '5235646601', 200, CURRENT_TIMESTAMP(), CURRENT_TIMESTAMP());
INSERT INTO member_premiums(member_premium_sk, premium_span_sk, member_sk, exchange_member_id, individual_premium_amount, created_date, updated_date) VALUES ('032013be-a6f2-47d0-b2df-4bb09b452e4f', '3a6a1ec2-f88a-44b8-8f48-82610e4db7b8', 'd3dcffcb-b894-47f9-b02d-b85b5f4a44c0', '5235646602', 100, CURRENT_TIMESTAMP(), CURRENT_TIMESTAMP());
INSERT INTO member_premiums(member_premium_sk, premium_span_sk, member_sk, exchange_member_id, individual_premium_amount, created_date, updated_date) VALUES ('668121bc-b609-4f7d-acf5-6740ca998a60', '3a6a1ec2-f88a-44b8-8f48-82610e4db7b8', '42ccf868-3d7d-4194-a7b1-09f4f8a92b31', '5235646603', 100,CURRENT_TIMESTAMP(), CURRENT_TIMESTAMP());
INSERT INTO member_premiums(member_premium_sk, premium_span_sk, member_sk, exchange_member_id, individual_premium_amount, created_date, updated_date) VALUES ('ac1de9da-7eab-45d3-91d1-003c61c72ef4', '3a6a1ec2-f88a-44b8-8f48-82610e4db7b8', '58752ecf-185b-4f08-9518-656f0269e878', '5235646604', 100,CURRENT_TIMESTAMP(), CURRENT_TIMESTAMP());

INSERT INTO member_premiums(member_premium_sk, premium_span_sk, member_sk, exchange_member_id, individual_premium_amount, created_date, updated_date) VALUES ('3d098c01-194e-4da5-baa0-f2df4bb48b44', 'e6cd8a4a-7af0-45de-a84e-fbe9adb3887a', '53a11d4d-a497-430c-b6cb-81eed088cf2b', '5235646601', 200, CURRENT_TIMESTAMP(), CURRENT_TIMESTAMP());
INSERT INTO member_premiums(member_premium_sk, premium_span_sk, member_sk, exchange_member_id, individual_premium_amount, created_date, updated_date) VALUES ('2cc01eba-e59d-49d5-8db3-440ef726ef60', 'e6cd8a4a-7af0-45de-a84e-fbe9adb3887a', 'd3dcffcb-b894-47f9-b02d-b85b5f4a44c0', '5235646602', 100, CURRENT_TIMESTAMP(), CURRENT_TIMESTAMP());
INSERT INTO member_premiums(member_premium_sk, premium_span_sk, member_sk, exchange_member_id, individual_premium_amount, created_date, updated_date) VALUES ('c141133a-f97e-4466-bd70-8c968cee9fb6', 'e6cd8a4a-7af0-45de-a84e-fbe9adb3887a', '42ccf868-3d7d-4194-a7b1-09f4f8a92b31', '5235646603', 100,CURRENT_TIMESTAMP(), CURRENT_TIMESTAMP());
INSERT INTO member_premiums(member_premium_sk, premium_span_sk, member_sk, exchange_member_id, individual_premium_amount, created_date, updated_date) VALUES ('fcb7cbe6-b46d-47dc-8d15-9cfd18b87beb', 'e6cd8a4a-7af0-45de-a84e-fbe9adb3887a', '58752ecf-185b-4f08-9518-656f0269e878', '5235646604', 100,CURRENT_TIMESTAMP(), CURRENT_TIMESTAMP());

INSERT INTO member_premiums(member_premium_sk, premium_span_sk, member_sk, exchange_member_id, individual_premium_amount, created_date, updated_date) VALUES ('55e7ba45-d71d-4cba-bca4-8a9cec4e389e', 'b0ecef1a-f98c-450d-9d86-adce05f1de8d', '53a11d4d-a497-430c-b6cb-81eed088cf2b', '5235646601', 200, CURRENT_TIMESTAMP(), CURRENT_TIMESTAMP());
INSERT INTO member_premiums(member_premium_sk, premium_span_sk, member_sk, exchange_member_id, individual_premium_amount, created_date, updated_date) VALUES ('c83d2ad8-589c-4437-8b96-cb1bc5548113', 'b0ecef1a-f98c-450d-9d86-adce05f1de8d', 'd3dcffcb-b894-47f9-b02d-b85b5f4a44c0', '5235646602', 100, CURRENT_TIMESTAMP(), CURRENT_TIMESTAMP());
INSERT INTO member_premiums(member_premium_sk, premium_span_sk, member_sk, exchange_member_id, individual_premium_amount, created_date, updated_date) VALUES ('2e1db4a0-0e67-4924-9e62-0364a8ee2bc8', 'b0ecef1a-f98c-450d-9d86-adce05f1de8d', '42ccf868-3d7d-4194-a7b1-09f4f8a92b31', '5235646603', 100,CURRENT_TIMESTAMP(), CURRENT_TIMESTAMP());
INSERT INTO member_premiums(member_premium_sk, premium_span_sk, member_sk, exchange_member_id, individual_premium_amount, created_date, updated_date) VALUES ('e9999327-a04f-42b7-9cb6-9d7ee3a689a2', 'b0ecef1a-f98c-450d-9d86-adce05f1de8d', '58752ecf-185b-4f08-9518-656f0269e878', '5235646604', 100,CURRENT_TIMESTAMP(), CURRENT_TIMESTAMP());

INSERT INTO member_premiums(member_premium_sk, premium_span_sk, member_sk, exchange_member_id, individual_premium_amount, created_date, updated_date) VALUES ('ed066a9e-ff03-4d6f-a2d8-44e217adf5c3', '8a8934ab-c2a1-4cd1-a4d4-d48929e05096', '53a11d4d-a497-430c-b6cb-81eed088cf2b', '5235646601', 200, CURRENT_TIMESTAMP(), CURRENT_TIMESTAMP());
INSERT INTO member_premiums(member_premium_sk, premium_span_sk, member_sk, exchange_member_id, individual_premium_amount, created_date, updated_date) VALUES ('8b9f7eaf-16a5-4b0f-ac6b-cde1ef3e7274', '8a8934ab-c2a1-4cd1-a4d4-d48929e05096', 'd3dcffcb-b894-47f9-b02d-b85b5f4a44c0', '5235646602', 100, CURRENT_TIMESTAMP(), CURRENT_TIMESTAMP());
INSERT INTO member_premiums(member_premium_sk, premium_span_sk, member_sk, exchange_member_id, individual_premium_amount, created_date, updated_date) VALUES ('5fa4fbdd-62e9-4f05-bb2e-3688e9dd0d7c', '8a8934ab-c2a1-4cd1-a4d4-d48929e05096', '42ccf868-3d7d-4194-a7b1-09f4f8a92b31', '5235646603', 100,CURRENT_TIMESTAMP(), CURRENT_TIMESTAMP());
INSERT INTO member_premiums(member_premium_sk, premium_span_sk, member_sk, exchange_member_id, individual_premium_amount, created_date, updated_date) VALUES ('92c92641-872c-4cd7-b54d-fd56215462bb', '8a8934ab-c2a1-4cd1-a4d4-d48929e05096', '58752ecf-185b-4f08-9518-656f0269e878', '5235646604', 100,CURRENT_TIMESTAMP(), CURRENT_TIMESTAMP());

INSERT INTO member_premiums(member_premium_sk, premium_span_sk, member_sk, exchange_member_id, individual_premium_amount, created_date, updated_date) VALUES ('4c5afda6-662a-4064-818b-af61b2539f32', '4bc0c667-718b-4142-a5f3-969cccc861b0', '53a11d4d-a497-430c-b6cb-81eed088cf2b', '5235646601', 200, CURRENT_TIMESTAMP(), CURRENT_TIMESTAMP());
INSERT INTO member_premiums(member_premium_sk, premium_span_sk, member_sk, exchange_member_id, individual_premium_amount, created_date, updated_date) VALUES ('8b797c55-ec7e-4fa6-99fc-498d0c9caa77', '4bc0c667-718b-4142-a5f3-969cccc861b0', 'd3dcffcb-b894-47f9-b02d-b85b5f4a44c0', '5235646602', 100, CURRENT_TIMESTAMP(), CURRENT_TIMESTAMP());
INSERT INTO member_premiums(member_premium_sk, premium_span_sk, member_sk, exchange_member_id, individual_premium_amount, created_date, updated_date) VALUES ('614e96fe-7f9a-4205-8f7f-2124ed1e949d', '4bc0c667-718b-4142-a5f3-969cccc861b0', '42ccf868-3d7d-4194-a7b1-09f4f8a92b31', '5235646603', 100,CURRENT_TIMESTAMP(), CURRENT_TIMESTAMP());
INSERT INTO member_premiums(member_premium_sk, premium_span_sk, member_sk, exchange_member_id, individual_premium_amount, created_date, updated_date) VALUES ('c20c54cc-5ed2-40da-bddc-9ee2c3ecfd47', '4bc0c667-718b-4142-a5f3-969cccc861b0', '58752ecf-185b-4f08-9518-656f0269e878', '5235646604', 100,CURRENT_TIMESTAMP(), CURRENT_TIMESTAMP());

INSERT INTO member_premiums(member_premium_sk, premium_span_sk, member_sk, exchange_member_id, individual_premium_amount, created_date, updated_date) VALUES ('a3961140-b38c-476e-9892-639996c41a8e', '30dbcb8e-a502-4e6f-aaab-9ca1d87d277d', '53a11d4d-a497-430c-b6cb-81eed088cf2b', '5235646601', 200, CURRENT_TIMESTAMP(), CURRENT_TIMESTAMP());
INSERT INTO member_premiums(member_premium_sk, premium_span_sk, member_sk, exchange_member_id, individual_premium_amount, created_date, updated_date) VALUES ('2864c7ca-4894-43d8-96b4-ac9c5595b67e', '30dbcb8e-a502-4e6f-aaab-9ca1d87d277d', 'd3dcffcb-b894-47f9-b02d-b85b5f4a44c0', '5235646602', 100, CURRENT_TIMESTAMP(), CURRENT_TIMESTAMP());
INSERT INTO member_premiums(member_premium_sk, premium_span_sk, member_sk, exchange_member_id, individual_premium_amount, created_date, updated_date) VALUES ('148d863c-bd3e-4578-a100-f66e248e300d', '30dbcb8e-a502-4e6f-aaab-9ca1d87d277d', '42ccf868-3d7d-4194-a7b1-09f4f8a92b31', '5235646603', 100,CURRENT_TIMESTAMP(), CURRENT_TIMESTAMP());
INSERT INTO member_premiums(member_premium_sk, premium_span_sk, member_sk, exchange_member_id, individual_premium_amount, created_date, updated_date) VALUES ('d1f56ace-29b6-4a34-84ea-dcd383146877', '30dbcb8e-a502-4e6f-aaab-9ca1d87d277d', '58752ecf-185b-4f08-9518-656f0269e878', '5235646604', 100,CURRENT_TIMESTAMP(), CURRENT_TIMESTAMP());

/** Anderson Family Account - Contains four members, Mason, Nyra, Logan and Della **/

/** Test Case Id: ZEUS-MMS-ACCT-Update-08 **/
/** Test Case Description: Contains enrollment span where only dependents are covered. More than one member in the family. New Enrollment span created, one enrollment span termed and multiple enrollment spans canceled **/

INSERT INTO account(account_sk, acct_number, line_of_business_type_code, ztcn, source, created_date, updated_date) VALUES ('8d5e9f70-a184-4984-afee-809fa6baa019','JLJW5XFC0GXP1GZ','HIX','OHOBW5A5QJELEXK','MARKETPLACE',CURRENT_TIMESTAMP(), CURRENT_TIMESTAMP());

/** Mason Anderson Details **/
INSERT INTO member(member_sk, account_sk, member_code, first_name, middle_name, last_name, relationship_type_code, date_of_birth, gender_type_code, height, weight, ztcn, source, created_date, updated_date) VALUES ('68152817-a26e-41f6-adc3-9dd8e2edc67b','8d5e9f70-a184-4984-afee-809fa6baa019','DB6KT2CPV4BNG0K','Mason', 'G', 'Anderson','HOH', '1965-02-05 00:00:00','MALE',5.7,175.23,'OHOBW5A5QJELEXK','MARKETPLACE',CURRENT_TIMESTAMP(), CURRENT_TIMESTAMP());

INSERT INTO member_address(member_address_sk, member_address_code, member_sk, address_type_code, address_line_1, address_line_2, city, state_type_code, fips_code, zip_code, ztcn, source, start_date, end_date, created_date, updated_date) VALUES ('6c3dfebb-8ad0-4737-91db-85a1b88a1cbe', 'PHSDU3L2WI1KEM9', '68152817-a26e-41f6-adc3-9dd8e2edc67b', 'RESIDENCE', '8346 Hanley Road', null, 'Tampa', 'FL', '12057', '33616','OHOBW5A5QJELEXK','MARKETPLACE', '2020-11-10 00:00:00', null, CURRENT_TIMESTAMP(), CURRENT_TIMESTAMP());
INSERT INTO member_address(member_address_sk, member_address_code, member_sk, address_type_code, address_line_1, address_line_2, city, state_type_code, fips_code, zip_code, ztcn, source, start_date, end_date, created_date, updated_date) VALUES ('a7c8a830-cb3c-4224-a71f-af3d2d180724', 'GXHCZ5J564MZ39X', '68152817-a26e-41f6-adc3-9dd8e2edc67b', 'MAIL', 'P.O Box 35353', null, 'Tampa', 'FL', '12057', '33616','OHOBW5A5QJELEXK','MARKETPLACE', '2020-11-10 00:00:00', null, CURRENT_TIMESTAMP(), CURRENT_TIMESTAMP());

INSERT INTO member_phone(member_phone_sk, member_phone_code, member_sk, phone_type_code, phone_number, ztcn, source, start_date, end_date, created_date, updated_date) VALUES ('b7945c92-079e-4eef-9392-39f919f7ad96','VCGMAE9E749TFTA', '68152817-a26e-41f6-adc3-9dd8e2edc67b','MOBILE', '567-345-8347','OHOBW5A5QJELEXK','MARKETPLACE', '2020-11-10 00:00:00', null, CURRENT_TIMESTAMP(), CURRENT_TIMESTAMP());

INSERT INTO member_email(member_email_sk, member_email_code, member_sk, email_type_code, email, is_primary, ztcn, source, start_date, end_date, created_date, updated_date) VALUES ('f038566a-4101-478b-a9e3-234f32201bc4', 'KTAAXRLN4ZQ8R3N', '68152817-a26e-41f6-adc3-9dd8e2edc67b', 'PERSONAL', 'manderson@gmail.com', true,'OHOBW5A5QJELEXK','MARKETPLACE', '2020-11-10 00:00:00', null, CURRENT_TIMESTAMP(), CURRENT_TIMESTAMP());
INSERT INTO member_email(member_email_sk, member_email_code, member_sk, email_type_code, email, is_primary, ztcn, source, start_date, end_date, created_date, updated_date) VALUES ('217ab8e4-36cb-4c1a-97f3-7210093baf42', '1G1BSSQFW0CPB0R', '68152817-a26e-41f6-adc3-9dd8e2edc67b', 'WORK', 'mason.anderson@wellcare.com', false,null,'ZEUS-UI', '2020-11-10 00:00:00', null, CURRENT_TIMESTAMP(), CURRENT_TIMESTAMP());

INSERT INTO member_language(member_language_sk, member_language_code, member_sk, language_type_code, language_code, ztcn, source, start_date, end_date, created_date, updated_date) VALUES ('2753bc68-7d59-4f9d-b83c-91c2d29e1da3', 'HZS52NBU3IOSCJ6', '68152817-a26e-41f6-adc3-9dd8e2edc67b', 'SPOKEN', 'ENG','OHOBW5A5QJELEXK','MARKETPLACE', '2020-11-10 00:00:00', null, CURRENT_TIMESTAMP(), CURRENT_TIMESTAMP());
INSERT INTO member_language(member_language_sk, member_language_code, member_sk, language_type_code, language_code, ztcn, source, start_date, end_date, created_date, updated_date) VALUES ('afe0da79-ffa8-40db-a229-94eb589616b1', 'E030K9S4U4U07H6', '68152817-a26e-41f6-adc3-9dd8e2edc67b', 'WRITTEN', 'SPA','OHOBW5A5QJELEXK','MARKETPLACE', '2020-11-10 00:00:00', null, CURRENT_TIMESTAMP(), CURRENT_TIMESTAMP());

INSERT INTO member_identifier(member_identifier_sk, member_identifier_code, member_sk, identifier_type_code, identifier_value, is_active, ztcn, source, created_date, updated_date) VALUES ('662a5d64-548d-4fce-b52e-a1e0156224d7', 'BBCQ3555GBWHKBX', '68152817-a26e-41f6-adc3-9dd8e2edc67b', 'SSN', '843-63-3645', true,'OHOBW5A5QJELEXK','MARKETPLACE', CURRENT_TIMESTAMP(), CURRENT_TIMESTAMP());


/** Nyra Anderson Details **/

INSERT INTO member(member_sk, account_sk, member_code, first_name, middle_name, last_name, relationship_type_code, date_of_birth, gender_type_code, height, weight, ztcn, source, created_date, updated_date) VALUES ('411863a4-da9d-4f27-a6dd-c526d04ed5bb','8d5e9f70-a184-4984-afee-809fa6baa019','7P6XOKO7701Q6UN','Nyra', 'A', 'Anderson', 'SPE', '1968-07-23 00:00:00','FEMALE',5.4,120.56,'OHOBW5A5QJELEXK','MARKETPLACE',CURRENT_TIMESTAMP(), CURRENT_TIMESTAMP());

INSERT INTO member_address(member_address_sk, member_address_code, member_sk, address_type_code, address_line_1, address_line_2, city, state_type_code, fips_code, zip_code, ztcn, source, start_date, end_date, created_date, updated_date) VALUES ('59238383-363d-465b-941f-1d7c1becaf0f', 'Y6PTCKNBXDH2Z0I', '411863a4-da9d-4f27-a6dd-c526d04ed5bb', 'RESIDENCE', '8346 Hanley Road', null, 'Tampa', 'FL', '12057', '33616','OHOBW5A5QJELEXK','MARKETPLACE', '2020-11-10 00:00:00', null, CURRENT_TIMESTAMP(), CURRENT_TIMESTAMP());
INSERT INTO member_address(member_address_sk, member_address_code, member_sk, address_type_code, address_line_1, address_line_2, city, state_type_code, fips_code, zip_code, ztcn, source, start_date, end_date, created_date, updated_date) VALUES ('d0c1db5e-5701-4a14-9caa-2fc5ef6cde23', '1ZAAHECP3S0CLH6', '411863a4-da9d-4f27-a6dd-c526d04ed5bb', 'MAIL', 'P.O Box 35353', null, 'Tampa', 'FL', '12057', '33616','OHOBW5A5QJELEXK','MARKETPLACE', '2020-11-10 00:00:00', null, CURRENT_TIMESTAMP(), CURRENT_TIMESTAMP());

INSERT INTO member_phone(member_phone_sk, member_phone_code, member_sk, phone_type_code, phone_number, ztcn, source, start_date, end_date, created_date, updated_date) VALUES ('49747398-4110-43e2-9631-106517ec81b2','PJ6QN6FODFOPC5I', '411863a4-da9d-4f27-a6dd-c526d04ed5bb','MOBILE', '567-236-8348','OHOBW5A5QJELEXK','MARKETPLACE', '2020-11-10 00:00:00', null, CURRENT_TIMESTAMP(), CURRENT_TIMESTAMP());

INSERT INTO member_email(member_email_sk, member_email_code, member_sk, email_type_code, email, is_primary, ztcn, source, start_date, end_date, created_date, updated_date) VALUES ('317864ef-bb93-4492-a10e-1811bcb402dc', 'O0CVEMAEPHGTLD1', '411863a4-da9d-4f27-a6dd-c526d04ed5bb', 'PERSONAL', 'nanderson@gmail.com', true,'OHOBW5A5QJELEXK','MARKETPLACE', '2020-11-10 00:00:00', null, CURRENT_TIMESTAMP(), CURRENT_TIMESTAMP());
INSERT INTO member_email(member_email_sk, member_email_code, member_sk, email_type_code, email, is_primary, ztcn, source, start_date, end_date, created_date, updated_date) VALUES ('4dc170d7-df36-4ebb-bbb6-767991bd0c48', 'XHMT297URAJIJPS', '411863a4-da9d-4f27-a6dd-c526d04ed5bb', 'WORK', 'nyra.anderson@wellcare.com', false,null,'ZEUS-UI', '2020-11-10 00:00:00', null, CURRENT_TIMESTAMP(), CURRENT_TIMESTAMP());

INSERT INTO member_language(member_language_sk, member_language_code, member_sk, language_type_code, language_code, ztcn, source, start_date, end_date, created_date, updated_date) VALUES ('3304db0d-d847-4de6-b9eb-5c79ae9c02ab', '8IYWKS6F73FYLEO', '411863a4-da9d-4f27-a6dd-c526d04ed5bb', 'SPOKEN', 'ENG','OHOBW5A5QJELEXK','MARKETPLACE', '2020-11-10 00:00:00', null, CURRENT_TIMESTAMP(), CURRENT_TIMESTAMP());
INSERT INTO member_language(member_language_sk, member_language_code, member_sk, language_type_code, language_code, ztcn, source, start_date, end_date, created_date, updated_date) VALUES ('20f79cee-05d2-4219-bf29-dd6335040936', 'GM98POTKYCVI0Q9', '411863a4-da9d-4f27-a6dd-c526d04ed5bb', 'WRITTEN', 'SPA','OHOBW5A5QJELEXK','MARKETPLACE', '2020-11-10 00:00:00', null, CURRENT_TIMESTAMP(), CURRENT_TIMESTAMP());

INSERT INTO member_identifier(member_identifier_sk, member_identifier_code, member_sk, identifier_type_code, identifier_value, is_active, ztcn, source, created_date, updated_date) VALUES ('3979e757-d61f-4fae-82ed-b5396d303969', '4H8Q7O2VXCW9DLJ', '411863a4-da9d-4f27-a6dd-c526d04ed5bb', 'SSN', '436-24-6346', true,'OHOBW5A5QJELEXK','MARKETPLACE', CURRENT_TIMESTAMP(), CURRENT_TIMESTAMP());


/** Logan Anderson Details **/
INSERT INTO member(member_sk, account_sk, member_code, first_name, middle_name, last_name, relationship_type_code, date_of_birth, gender_type_code, height, weight, ztcn, source, created_date, updated_date) VALUES ('3932e90a-a08e-4525-85a0-60a295c6f15d','8d5e9f70-a184-4984-afee-809fa6baa019','7LTZRXOZ3IDQTQ2','Logan', 'E', 'Anderson', 'CHD', '2000-06-15 00:00:00','MALE',5.1,105.43,'OHOBW5A5QJELEXK','MARKETPLACE',CURRENT_TIMESTAMP(), CURRENT_TIMESTAMP());

INSERT INTO member_address(member_address_sk, member_address_code, member_sk, address_type_code, address_line_1, address_line_2, city, state_type_code, fips_code, zip_code, ztcn, source, start_date, end_date, created_date, updated_date) VALUES ('dfb0798c-a6c6-40e1-b6d1-b9915c5cc0b8', 'YXZ5K9LFB2U8UKE', '3932e90a-a08e-4525-85a0-60a295c6f15d', 'RESIDENCE', '8346 Hanley Road', null, 'Tampa', 'FL', '12057', '33616','OHOBW5A5QJELEXK','MARKETPLACE', '2020-11-10 00:00:00', null, CURRENT_TIMESTAMP(), CURRENT_TIMESTAMP());
INSERT INTO member_address(member_address_sk, member_address_code, member_sk, address_type_code, address_line_1, address_line_2, city, state_type_code, fips_code, zip_code, ztcn, source, start_date, end_date, created_date, updated_date) VALUES ('f1261a11-2e06-40a0-bd35-efcbd38c2757', 'MD6Q52PL8FQFFDK', '3932e90a-a08e-4525-85a0-60a295c6f15d', 'MAIL', 'P.O Box 35353', null, 'Tampa', 'FL', '12057', '33616','OHOBW5A5QJELEXK','MARKETPLACE', '2020-11-10 00:00:00', null, CURRENT_TIMESTAMP(), CURRENT_TIMESTAMP());

INSERT INTO member_phone(member_phone_sk, member_phone_code, member_sk, phone_type_code, phone_number, ztcn, source, start_date, end_date, created_date, updated_date) VALUES ('a4e6ba35-d388-4263-b96f-063e86371d17', 'FCPQD6TK8HK1RBM', '3932e90a-a08e-4525-85a0-60a295c6f15d','MOBILE', '577-246-8349','OHOBW5A5QJELEXK','MARKETPLACE', '2020-11-10 00:00:00', null, CURRENT_TIMESTAMP(), CURRENT_TIMESTAMP());

INSERT INTO member_email(member_email_sk, member_email_code, member_sk, email_type_code, email, is_primary, ztcn, source, start_date, end_date, created_date, updated_date) VALUES ('b0d292b5-eaef-4073-acef-c029782a7813', 'ANPE1FRSSQZZCJ9', '3932e90a-a08e-4525-85a0-60a295c6f15d', 'PERSONAL', 'landerson@gmail.com', true,'OHOBW5A5QJELEXK','MARKETPLACE', '2020-11-10 00:00:00', null, CURRENT_TIMESTAMP(), CURRENT_TIMESTAMP());
INSERT INTO member_email(member_email_sk, member_email_code, member_sk, email_type_code, email, is_primary, ztcn, source, start_date, end_date, created_date, updated_date) VALUES ('f15eb507-2509-4012-b44a-bf62ee31d933', 'QTMGYFJ547YWOK5', '3932e90a-a08e-4525-85a0-60a295c6f15d', 'WORK', 'logan.anderson@wellcare.com', false,null,'ZEUS-UI', '2020-11-10 00:00:00', null, CURRENT_TIMESTAMP(), CURRENT_TIMESTAMP());

INSERT INTO member_language(member_language_sk, member_language_code, member_sk, language_type_code, language_code, ztcn, source, start_date, end_date, created_date, updated_date) VALUES ('528df438-5656-4b88-bf1f-3c1a928ad844', 'YW3WUBVUJH877QL', '3932e90a-a08e-4525-85a0-60a295c6f15d', 'SPOKEN', 'ENG','OHOBW5A5QJELEXK','MARKETPLACE', '2020-11-10 00:00:00', null, CURRENT_TIMESTAMP(), CURRENT_TIMESTAMP());
INSERT INTO member_language(member_language_sk, member_language_code, member_sk, language_type_code, language_code, ztcn, source, start_date, end_date, created_date, updated_date) VALUES ('88c09226-742a-4808-9bc7-5360c6e42b30', '7F185K876VKLW1L', '3932e90a-a08e-4525-85a0-60a295c6f15d', 'WRITTEN', 'SPA','OHOBW5A5QJELEXK','MARKETPLACE', '2020-11-10 00:00:00', null, CURRENT_TIMESTAMP(), CURRENT_TIMESTAMP());

INSERT INTO member_identifier(member_identifier_sk, member_identifier_code, member_sk, identifier_type_code, identifier_value, is_active, ztcn, source, created_date, updated_date) VALUES ('ab162df5-b5e7-4839-bb94-c0bac2eab0b1', 'MY9S263JWB0RNRK', '3932e90a-a08e-4525-85a0-60a295c6f15d', 'SSN', '096-24-6246', true,'OHOBW5A5QJELEXK','MARKETPLACE', CURRENT_TIMESTAMP(), CURRENT_TIMESTAMP());

/** Della Anderson Details **/
INSERT INTO member(member_sk, account_sk, member_code, first_name, middle_name, last_name, relationship_type_code, date_of_birth, gender_type_code, height, weight, ztcn, source, created_date, updated_date) VALUES ('e5b02550-2584-4431-8d3e-182fd24488f7','8d5e9f70-a184-4984-afee-809fa6baa019','JL1EH7RZ3EV7AQY','Della', 'K', 'Anderson', 'CHD', '1998-07-12 00:00:00','FEMALE',5.4,111.76,'OHOBW5A5QJELEXK','MARKETPLACE',CURRENT_TIMESTAMP(), CURRENT_TIMESTAMP());

INSERT INTO member_address(member_address_sk, member_address_code, member_sk, address_type_code, address_line_1, address_line_2, city, state_type_code, fips_code, zip_code, ztcn, source, start_date, end_date, created_date, updated_date) VALUES ('d2a4bb25-17b3-4fa7-bb82-8c75c6dc4b81', 'SPBDDV3WTMRLEFU', 'e5b02550-2584-4431-8d3e-182fd24488f7', 'RESIDENCE', '8346 Hanley Road', null, 'Tampa', 'FL', '12057', '33616','OHOBW5A5QJELEXK','MARKETPLACE', '2020-11-10 00:00:00', null, CURRENT_TIMESTAMP(), CURRENT_TIMESTAMP());
INSERT INTO member_address(member_address_sk, member_address_code, member_sk, address_type_code, address_line_1, address_line_2, city, state_type_code, fips_code, zip_code, ztcn, source, start_date, end_date, created_date, updated_date) VALUES ('7453ea61-cec5-4ec5-b862-82261867749a', 'VJXMUFGYU9K0G3M', 'e5b02550-2584-4431-8d3e-182fd24488f7', 'MAIL', 'P.O Box 35353', null, 'Tampa', 'FL', '12057', '33616','OHOBW5A5QJELEXK','MARKETPLACE', '2020-11-10 00:00:00', null, CURRENT_TIMESTAMP(), CURRENT_TIMESTAMP());

INSERT INTO member_phone(member_phone_sk, member_phone_code, member_sk, phone_type_code, phone_number, ztcn, source, start_date, end_date, created_date, updated_date) VALUES ('d4420c14-894a-4a9c-9fb4-1bb0a9e931e9', '6GBAU8WB2IYTK25', 'e5b02550-2584-4431-8d3e-182fd24488f7','MOBILE', '545-736-8350','OHOBW5A5QJELEXK','MARKETPLACE', '2020-11-10 00:00:00', null, CURRENT_TIMESTAMP(), CURRENT_TIMESTAMP());

INSERT INTO member_email(member_email_sk, member_email_code, member_sk, email_type_code, email, is_primary, ztcn, source, start_date, end_date, created_date, updated_date) VALUES ('94d52e4f-2e9c-48ad-9e69-5024bd653cda', '3F0XDI9X51MPXIU', 'e5b02550-2584-4431-8d3e-182fd24488f7', 'PERSONAL', 'danderson@gmail.com', true,'OHOBW5A5QJELEXK','MARKETPLACE', '2020-11-10 00:00:00', null, CURRENT_TIMESTAMP(), CURRENT_TIMESTAMP());
INSERT INTO member_email(member_email_sk, member_email_code, member_sk, email_type_code, email, is_primary, ztcn, source, start_date, end_date, created_date, updated_date) VALUES ('8d4a0f76-7a04-4d96-9564-2f18ecf7529c', 'UQAGV0ZLLSJJT62', 'e5b02550-2584-4431-8d3e-182fd24488f7', 'WORK', 'della.anderson@wellcare.com', false,null,'ZEUS-UI', '2020-11-10 00:00:00', null, CURRENT_TIMESTAMP(), CURRENT_TIMESTAMP());

INSERT INTO member_language(member_language_sk, member_language_code, member_sk, language_type_code, language_code, ztcn, source, start_date, end_date, created_date, updated_date) VALUES ('b5b0a345-1a98-48da-9fd8-a644bf0e0f6b', 'G96LBO9ZIH8BQCJ', 'e5b02550-2584-4431-8d3e-182fd24488f7', 'SPOKEN', 'ENG','OHOBW5A5QJELEXK','MARKETPLACE', '2020-11-10 00:00:00', null, CURRENT_TIMESTAMP(), CURRENT_TIMESTAMP());
INSERT INTO member_language(member_language_sk, member_language_code, member_sk, language_type_code, language_code, ztcn, source, start_date, end_date, created_date, updated_date) VALUES ('985c13d0-6313-4425-9a03-9607072911bf', 'HBO3J3C08DNVHZL', 'e5b02550-2584-4431-8d3e-182fd24488f7', 'WRITTEN', 'SPA','OHOBW5A5QJELEXK','MARKETPLACE', '2020-11-10 00:00:00', null, CURRENT_TIMESTAMP(), CURRENT_TIMESTAMP());

INSERT INTO member_identifier(member_identifier_sk, member_identifier_code, member_sk, identifier_type_code, identifier_value, is_active, ztcn, source, created_date, updated_date) VALUES ('efbfec2e-69a0-4473-98a8-afec8cacb95d', 'X2QHYGENFOMN5DP', 'e5b02550-2584-4431-8d3e-182fd24488f7', 'SSN', '009-62-6246', true,'OHOBW5A5QJELEXK','MARKETPLACE', CURRENT_TIMESTAMP(), CURRENT_TIMESTAMP());


/** Enrollment and Premium spans associated with the Anderson account **/


INSERT INTO enrollment_span(enrlmnt_span_sk, enrollment_span_code, account_sk, state_type_code, marketplace_type_code, business_unit_type_code, enrollment_type, coverage_type_code, start_date, end_date, exchange_subscriber_id, plan_id, group_policy_id, product_type_code, effectuation_date, status_type_code, effective_reason, term_reason, ztcn, source, delinq_ind, created_date, updated_date) VALUES ('cc02536b-6c99-4aa2-9def-8a6faaa43ec7', 'QE7IPD9HS444ZIK', '8d5e9f70-a184-4984-afee-809fa6baa019', 'FL', 'FFM', 'MP_FL', 'ACTIVE', 'DEP', '2022-01-01 00:00:00', '2022-12-31 00:00:00', '94577857', '89355FL0234597', '84567485','HMO','2021-12-15 00:00:00','ENROLLED','MBS',null,'OHOBW5A5QJELEXK','MARKETPLACE', false, CURRENT_TIMESTAMP(),CURRENT_TIMESTAMP());
INSERT INTO enrollment_span(enrlmnt_span_sk, enrollment_span_code, account_sk, state_type_code, marketplace_type_code, business_unit_type_code, enrollment_type, coverage_type_code, start_date, end_date, exchange_subscriber_id, plan_id, group_policy_id, product_type_code, effectuation_date, status_type_code, effective_reason, term_reason, ztcn, source, delinq_ind, created_date, updated_date) VALUES ('305ee973-f032-47df-9116-c3adf9d3103e', '669MM0S9D068XXO', '8d5e9f70-a184-4984-afee-809fa6baa019', 'FL', 'FFM', 'MP_FL', 'ACTIVE', 'DEP', '2023-01-01 00:00:00', '2023-06-30 00:00:00', '94577857', '89355FL0234598', '04584786','HMO','2022-12-25 00:00:00','ENROLLED','MBS','VOLWITH','DQY1C725PJ086D1','MARKETPLACE', false, CURRENT_TIMESTAMP(),CURRENT_TIMESTAMP());

INSERT INTO enrollment_span(enrlmnt_span_sk, enrollment_span_code, account_sk, state_type_code, marketplace_type_code, business_unit_type_code, enrollment_type, coverage_type_code, start_date, end_date, exchange_subscriber_id, plan_id, group_policy_id, product_type_code, effectuation_date, status_type_code, effective_reason, term_reason, ztcn, source, delinq_ind, created_date, updated_date) VALUES ('43009423-7052-4457-8987-26c79de74323', 'K2PO9LXOBNYJ1YX', '8d5e9f70-a184-4984-afee-809fa6baa019', 'FL', 'FFM', 'MP_FL', 'ACTIVE', 'DEP', '2023-07-01 00:00:00', '2023-08-31 00:00:00', '94577857', '89355FL0234599', '94584784','HMO','2023-06-10 00:00:00','ENROLLED','MBS','VOLWITH','4FVTN9JRDUHG0Q0','MARKETPLACE', false, CURRENT_TIMESTAMP(),CURRENT_TIMESTAMP());
INSERT INTO enrollment_span(enrlmnt_span_sk, enrollment_span_code, account_sk, state_type_code, marketplace_type_code, business_unit_type_code, enrollment_type, coverage_type_code, start_date, end_date, exchange_subscriber_id, plan_id, group_policy_id, product_type_code, effectuation_date, status_type_code, effective_reason, term_reason, ztcn, source, delinq_ind, created_date, updated_date) VALUES ('ea3ee1da-1017-4260-8ea0-5a21ee59c13e', 'XX8PWLSVBP4ADJ9', '8d5e9f70-a184-4984-afee-809fa6baa019', 'FL', 'FFM', 'MP_FL', 'ACTIVE', 'DEP', '2023-09-01 00:00:00', '2023-12-31 00:00:00', '94577857', '89355FL0234600', '39467568','HMO','2023-08-13 00:00:00','ENROLLED','MBS',null,'H3IFIF0IHFHJU2T','MARKETPLACE', false, CURRENT_TIMESTAMP(),CURRENT_TIMESTAMP());

INSERT INTO premium_span(premium_span_sk, premium_span_code, ztcn, source, enrollment_span_sk, start_date, end_date, status_type_code, sequence, csr_variant, total_prem_amt, total_resp_amt, aptc_amt, other_pay_amt, csr_amt, created_Date, updated_date) VALUES ('9187f14c-68d5-44d4-8990-35bb67feb417', '9TMVNC1Z8T1Z8PW', 'OHOBW5A5QJELEXK','MARKETPLACE', 'cc02536b-6c99-4aa2-9def-8a6faaa43ec7', '2022-01-01 00:00:00', '2022-02-28 00:00:00', 'ACTIVE', 1, '03', 400, 300, 100, 0, 10, CURRENT_TIMESTAMP(),CURRENT_TIMESTAMP());
INSERT INTO premium_span(premium_span_sk, premium_span_code, ztcn, source, enrollment_span_sk, start_date, end_date, status_type_code, sequence, csr_variant, total_prem_amt, total_resp_amt, aptc_amt, other_pay_amt, csr_amt, created_Date, updated_date) VALUES ('b999d5cf-5d7c-42f1-a794-443d53ff6feb', 'DEPBG0EC4L8Y63Z', 'A48I71Z089TQPYW','MARKETPLACE', 'cc02536b-6c99-4aa2-9def-8a6faaa43ec7', '2022-03-01 00:00:00', '2022-08-31 00:00:00', 'ACTIVE', 2, '03', 400, 275, 125, 0, 20, CURRENT_TIMESTAMP(),CURRENT_TIMESTAMP());
INSERT INTO premium_span(premium_span_sk, premium_span_code, ztcn, source, enrollment_span_sk, start_date, end_date, status_type_code, sequence, csr_variant, total_prem_amt, total_resp_amt, aptc_amt, other_pay_amt, csr_amt, created_Date, updated_date) VALUES ('e4e360a6-7122-4595-bc2d-c8520c17997c', 'OU282KB5VBP6PZN', 'GCNGAFNI6BFLDFK','MARKETPLACE', 'cc02536b-6c99-4aa2-9def-8a6faaa43ec7', '2022-09-01 00:00:00', '2022-12-31 00:00:00', 'ACTIVE', 3, '03', 400, 325, 75, 0, 30, CURRENT_TIMESTAMP(),CURRENT_TIMESTAMP());

INSERT INTO premium_span(premium_span_sk, premium_span_code, ztcn, source, enrollment_span_sk, start_date, end_date, status_type_code, sequence, csr_variant, total_prem_amt, total_resp_amt, aptc_amt, other_pay_amt, csr_amt, created_Date, updated_date) VALUES ('eec3260b-1baa-4163-8035-d5ea5b9e0a3b', 'G59ZY263FYYFZYS', 'DQY1C725PJ086D1','MARKETPLACE', '305ee973-f032-47df-9116-c3adf9d3103e', '2023-01-01 00:00:00', '2023-02-28 00:00:00', 'ACTIVE', 1, '03', 500, 300, 200, 0, 10, CURRENT_TIMESTAMP(),CURRENT_TIMESTAMP());
INSERT INTO premium_span(premium_span_sk, premium_span_code, ztcn, source, enrollment_span_sk, start_date, end_date, status_type_code, sequence, csr_variant, total_prem_amt, total_resp_amt, aptc_amt, other_pay_amt, csr_amt, created_Date, updated_date) VALUES ('92dce632-93d4-4646-a1ef-898e94df8731', 'BROCSZQ5W3FOYVS', '6II14EQKUKPQPVR','MARKETPLACE', '305ee973-f032-47df-9116-c3adf9d3103e', '2023-03-01 00:00:00', '2023-03-31 00:00:00', 'ACTIVE', 2, '03', 500, 350, 150, 0, 20, CURRENT_TIMESTAMP(),CURRENT_TIMESTAMP());
INSERT INTO premium_span(premium_span_sk, premium_span_code, ztcn, source, enrollment_span_sk, start_date, end_date, status_type_code, sequence, csr_variant, total_prem_amt, total_resp_amt, aptc_amt, other_pay_amt, csr_amt, created_Date, updated_date) VALUES ('7ede557e-0096-4ca3-870c-da79b3cca385', 'LX63XWFZDGEF6JI', 'S4NW6KBUNEITF4Z','MARKETPLACE', '305ee973-f032-47df-9116-c3adf9d3103e', '2023-04-01 00:00:00', '2023-05-31 00:00:00', 'ACTIVE', 3, '03', 500, 325, 175, 0, 20, CURRENT_TIMESTAMP(),CURRENT_TIMESTAMP());
INSERT INTO premium_span(premium_span_sk, premium_span_code, ztcn, source, enrollment_span_sk, start_date, end_date, status_type_code, sequence, csr_variant, total_prem_amt, total_resp_amt, aptc_amt, other_pay_amt, csr_amt, created_Date, updated_date) VALUES ('19eb6004-d401-4633-aa86-344888be7e32', '05CKLG01KO3WBP2', 'BQ6ZL7E8L9ABTZO','MARKETPLACE', '305ee973-f032-47df-9116-c3adf9d3103e', '2023-06-01 00:00:00', '2023-06-30 00:00:00', 'ACTIVE', 4, '03', 500, 375, 125, 0, 20, CURRENT_TIMESTAMP(),CURRENT_TIMESTAMP());

INSERT INTO premium_span(premium_span_sk, premium_span_code, ztcn, source, enrollment_span_sk, start_date, end_date, status_type_code, sequence, csr_variant, total_prem_amt, total_resp_amt, aptc_amt, other_pay_amt, csr_amt, created_Date, updated_date) VALUES ('6424f03c-30d7-4000-9b68-0fa5e6c88387', '6S5OP7BWC249J33', '4FVTN9JRDUHG0Q0','MARKETPLACE', '43009423-7052-4457-8987-26c79de74323', '2023-07-01 00:00:00', '2023-08-31 00:00:00', 'ACTIVE', 5, '03', 500, 325, 175, 0, 20, CURRENT_TIMESTAMP(),CURRENT_TIMESTAMP());

INSERT INTO premium_span(premium_span_sk, premium_span_code, ztcn, source, enrollment_span_sk, start_date, end_date, status_type_code, sequence, csr_variant, total_prem_amt, total_resp_amt, aptc_amt, other_pay_amt, csr_amt, created_Date, updated_date) VALUES ('0f68f3a3-4ef6-46e9-9f4b-357d9dd25599', '9YOCNCGKGUAPIZL', 'H3IFIF0IHFHJU2T','MARKETPLACE', 'ea3ee1da-1017-4260-8ea0-5a21ee59c13e', '2023-09-01 00:00:00', '2023-12-31 00:00:00', 'ACTIVE', 6, '03', 500, 375, 125, 0, 20, CURRENT_TIMESTAMP(),CURRENT_TIMESTAMP());


INSERT INTO member_premiums(member_premium_sk, premium_span_sk, member_sk, exchange_member_id, individual_premium_amount, created_date, updated_date) VALUES ('712ea1c8-e942-4961-b300-722054c38c67', '9187f14c-68d5-44d4-8990-35bb67feb417', '411863a4-da9d-4f27-a6dd-c526d04ed5bb', '9457785702', 200, CURRENT_TIMESTAMP(), CURRENT_TIMESTAMP());
INSERT INTO member_premiums(member_premium_sk, premium_span_sk, member_sk, exchange_member_id, individual_premium_amount, created_date, updated_date) VALUES ('77229842-0979-48bb-9ad9-9d4ca1b56670', '9187f14c-68d5-44d4-8990-35bb67feb417', '3932e90a-a08e-4525-85a0-60a295c6f15d', '9457785703', 100,CURRENT_TIMESTAMP(), CURRENT_TIMESTAMP());
INSERT INTO member_premiums(member_premium_sk, premium_span_sk, member_sk, exchange_member_id, individual_premium_amount, created_date, updated_date) VALUES ('8790b9ce-a2ed-47e5-903e-43d18ba8af73', '9187f14c-68d5-44d4-8990-35bb67feb417', 'e5b02550-2584-4431-8d3e-182fd24488f7', '9457785704', 100,CURRENT_TIMESTAMP(), CURRENT_TIMESTAMP());

INSERT INTO member_premiums(member_premium_sk, premium_span_sk, member_sk, exchange_member_id, individual_premium_amount, created_date, updated_date) VALUES ('e738eb26-e1c7-4d83-a94e-4a5fa59d4965', 'b999d5cf-5d7c-42f1-a794-443d53ff6feb', '411863a4-da9d-4f27-a6dd-c526d04ed5bb', '9457785702', 200, CURRENT_TIMESTAMP(), CURRENT_TIMESTAMP());
INSERT INTO member_premiums(member_premium_sk, premium_span_sk, member_sk, exchange_member_id, individual_premium_amount, created_date, updated_date) VALUES ('8d8fe56b-1c30-4623-960d-4849e5d05eac', 'b999d5cf-5d7c-42f1-a794-443d53ff6feb', '3932e90a-a08e-4525-85a0-60a295c6f15d', '9457785703', 100,CURRENT_TIMESTAMP(), CURRENT_TIMESTAMP());
INSERT INTO member_premiums(member_premium_sk, premium_span_sk, member_sk, exchange_member_id, individual_premium_amount, created_date, updated_date) VALUES ('c762e122-5747-41b5-ba62-b403c352a8bd', 'b999d5cf-5d7c-42f1-a794-443d53ff6feb', 'e5b02550-2584-4431-8d3e-182fd24488f7', '9457785704', 100,CURRENT_TIMESTAMP(), CURRENT_TIMESTAMP());

INSERT INTO member_premiums(member_premium_sk, premium_span_sk, member_sk, exchange_member_id, individual_premium_amount, created_date, updated_date) VALUES ('a3696665-8632-4067-8320-13ee0344c091', 'e4e360a6-7122-4595-bc2d-c8520c17997c', '411863a4-da9d-4f27-a6dd-c526d04ed5bb', '9457785702', 200, CURRENT_TIMESTAMP(), CURRENT_TIMESTAMP());
INSERT INTO member_premiums(member_premium_sk, premium_span_sk, member_sk, exchange_member_id, individual_premium_amount, created_date, updated_date) VALUES ('26ce8525-22c5-4139-ac10-61a9e5f7490c', 'e4e360a6-7122-4595-bc2d-c8520c17997c', '3932e90a-a08e-4525-85a0-60a295c6f15d', '9457785703', 100,CURRENT_TIMESTAMP(), CURRENT_TIMESTAMP());
INSERT INTO member_premiums(member_premium_sk, premium_span_sk, member_sk, exchange_member_id, individual_premium_amount, created_date, updated_date) VALUES ('8435894a-ecaf-4502-b942-e87e089fefc0', 'e4e360a6-7122-4595-bc2d-c8520c17997c', 'e5b02550-2584-4431-8d3e-182fd24488f7', '9457785704', 100,CURRENT_TIMESTAMP(), CURRENT_TIMESTAMP());

INSERT INTO member_premiums(member_premium_sk, premium_span_sk, member_sk, exchange_member_id, individual_premium_amount, created_date, updated_date) VALUES ('8edb1d68-f0e5-4b62-b55b-22ff4d92d70d', 'eec3260b-1baa-4163-8035-d5ea5b9e0a3b', '411863a4-da9d-4f27-a6dd-c526d04ed5bb', '9457785702', 250, CURRENT_TIMESTAMP(), CURRENT_TIMESTAMP());
INSERT INTO member_premiums(member_premium_sk, premium_span_sk, member_sk, exchange_member_id, individual_premium_amount, created_date, updated_date) VALUES ('3d240afe-302d-475d-a01d-a7b921b2d6de', 'eec3260b-1baa-4163-8035-d5ea5b9e0a3b', '3932e90a-a08e-4525-85a0-60a295c6f15d', '9457785703', 150,CURRENT_TIMESTAMP(), CURRENT_TIMESTAMP());
INSERT INTO member_premiums(member_premium_sk, premium_span_sk, member_sk, exchange_member_id, individual_premium_amount, created_date, updated_date) VALUES ('399f1ee8-015a-4d33-968a-ad0a78196a22', 'eec3260b-1baa-4163-8035-d5ea5b9e0a3b', 'e5b02550-2584-4431-8d3e-182fd24488f7', '9457785704', 100,CURRENT_TIMESTAMP(), CURRENT_TIMESTAMP());

INSERT INTO member_premiums(member_premium_sk, premium_span_sk, member_sk, exchange_member_id, individual_premium_amount, created_date, updated_date) VALUES ('25faa506-3eca-47be-8b4f-058a0e2534a7', '92dce632-93d4-4646-a1ef-898e94df8731', '411863a4-da9d-4f27-a6dd-c526d04ed5bb', '9457785702', 250, CURRENT_TIMESTAMP(), CURRENT_TIMESTAMP());
INSERT INTO member_premiums(member_premium_sk, premium_span_sk, member_sk, exchange_member_id, individual_premium_amount, created_date, updated_date) VALUES ('2c284e45-4e33-4a95-8fb4-460916a98cce', '92dce632-93d4-4646-a1ef-898e94df8731', '3932e90a-a08e-4525-85a0-60a295c6f15d', '9457785703', 150,CURRENT_TIMESTAMP(), CURRENT_TIMESTAMP());
INSERT INTO member_premiums(member_premium_sk, premium_span_sk, member_sk, exchange_member_id, individual_premium_amount, created_date, updated_date) VALUES ('619a66c3-0b02-4001-b220-ae538f98128f', '92dce632-93d4-4646-a1ef-898e94df8731', 'e5b02550-2584-4431-8d3e-182fd24488f7', '9457785704', 100,CURRENT_TIMESTAMP(), CURRENT_TIMESTAMP());

INSERT INTO member_premiums(member_premium_sk, premium_span_sk, member_sk, exchange_member_id, individual_premium_amount, created_date, updated_date) VALUES ('2794054c-ac2d-4569-86b4-555d4b95db39', '7ede557e-0096-4ca3-870c-da79b3cca385', '411863a4-da9d-4f27-a6dd-c526d04ed5bb', '9457785702', 250, CURRENT_TIMESTAMP(), CURRENT_TIMESTAMP());
INSERT INTO member_premiums(member_premium_sk, premium_span_sk, member_sk, exchange_member_id, individual_premium_amount, created_date, updated_date) VALUES ('68789846-05b7-49f9-9853-a22c23b3242a', '7ede557e-0096-4ca3-870c-da79b3cca385', '3932e90a-a08e-4525-85a0-60a295c6f15d', '9457785703', 150,CURRENT_TIMESTAMP(), CURRENT_TIMESTAMP());
INSERT INTO member_premiums(member_premium_sk, premium_span_sk, member_sk, exchange_member_id, individual_premium_amount, created_date, updated_date) VALUES ('05d35702-57e5-471c-ade4-352615e166b2', '7ede557e-0096-4ca3-870c-da79b3cca385', 'e5b02550-2584-4431-8d3e-182fd24488f7', '9457785704', 100,CURRENT_TIMESTAMP(), CURRENT_TIMESTAMP());

INSERT INTO member_premiums(member_premium_sk, premium_span_sk, member_sk, exchange_member_id, individual_premium_amount, created_date, updated_date) VALUES ('58601608-9b72-4643-871d-6dc82b07cb88', '19eb6004-d401-4633-aa86-344888be7e32', '411863a4-da9d-4f27-a6dd-c526d04ed5bb', '9457785702', 250, CURRENT_TIMESTAMP(), CURRENT_TIMESTAMP());
INSERT INTO member_premiums(member_premium_sk, premium_span_sk, member_sk, exchange_member_id, individual_premium_amount, created_date, updated_date) VALUES ('342a9c52-32b9-475e-97e0-1865a9b059d5', '19eb6004-d401-4633-aa86-344888be7e32', '3932e90a-a08e-4525-85a0-60a295c6f15d', '9457785703', 150,CURRENT_TIMESTAMP(), CURRENT_TIMESTAMP());
INSERT INTO member_premiums(member_premium_sk, premium_span_sk, member_sk, exchange_member_id, individual_premium_amount, created_date, updated_date) VALUES ('67f7a870-80ad-4d73-88d7-28f648f6edcb', '19eb6004-d401-4633-aa86-344888be7e32', 'e5b02550-2584-4431-8d3e-182fd24488f7', '9457785704', 100,CURRENT_TIMESTAMP(), CURRENT_TIMESTAMP());

INSERT INTO member_premiums(member_premium_sk, premium_span_sk, member_sk, exchange_member_id, individual_premium_amount, created_date, updated_date) VALUES ('1f100083-fe62-440b-be20-ee12f7a7a2cb', '6424f03c-30d7-4000-9b68-0fa5e6c88387', '411863a4-da9d-4f27-a6dd-c526d04ed5bb', '9457785702', 250, CURRENT_TIMESTAMP(), CURRENT_TIMESTAMP());
INSERT INTO member_premiums(member_premium_sk, premium_span_sk, member_sk, exchange_member_id, individual_premium_amount, created_date, updated_date) VALUES ('1c7b4816-9929-4db2-9228-3f2a19c62900', '6424f03c-30d7-4000-9b68-0fa5e6c88387', '3932e90a-a08e-4525-85a0-60a295c6f15d', '9457785703', 150,CURRENT_TIMESTAMP(), CURRENT_TIMESTAMP());
INSERT INTO member_premiums(member_premium_sk, premium_span_sk, member_sk, exchange_member_id, individual_premium_amount, created_date, updated_date) VALUES ('39f0e22c-b5cb-4a9a-a958-b7ec30576f28', '6424f03c-30d7-4000-9b68-0fa5e6c88387', 'e5b02550-2584-4431-8d3e-182fd24488f7', '9457785704', 100,CURRENT_TIMESTAMP(), CURRENT_TIMESTAMP());

INSERT INTO member_premiums(member_premium_sk, premium_span_sk, member_sk, exchange_member_id, individual_premium_amount, created_date, updated_date) VALUES ('a196f10a-d69f-4757-934e-8167be6f06da', '0f68f3a3-4ef6-46e9-9f4b-357d9dd25599', '411863a4-da9d-4f27-a6dd-c526d04ed5bb', '9457785702', 250, CURRENT_TIMESTAMP(), CURRENT_TIMESTAMP());
INSERT INTO member_premiums(member_premium_sk, premium_span_sk, member_sk, exchange_member_id, individual_premium_amount, created_date, updated_date) VALUES ('8e7f61d1-3a6e-4df2-8a27-b23ec10c6328', '0f68f3a3-4ef6-46e9-9f4b-357d9dd25599', '3932e90a-a08e-4525-85a0-60a295c6f15d', '9457785703', 150,CURRENT_TIMESTAMP(), CURRENT_TIMESTAMP());
INSERT INTO member_premiums(member_premium_sk, premium_span_sk, member_sk, exchange_member_id, individual_premium_amount, created_date, updated_date) VALUES ('1fc5d619-aeef-4231-a147-b81dfd3e71d3', '0f68f3a3-4ef6-46e9-9f4b-357d9dd25599', 'e5b02550-2584-4431-8d3e-182fd24488f7', '9457785704', 100,CURRENT_TIMESTAMP(), CURRENT_TIMESTAMP());

/** Lewis Family Account - Contains four members, Eli, Maya, Kai and Ruby **/

/** Test Case Id: ZEUS-MMS-ACCT-Update-09 **/
/** Test Case Description: Contains enrollment span where only dependents are covered. More than one member in the family. New Enrollment span created, multiple enrollment spans canceled **/

INSERT INTO account(account_sk, acct_number, line_of_business_type_code, ztcn, source, created_date, updated_date) VALUES ('d3839c1c-de45-43c5-8023-58591b76d0f1','T1TRHS49PK42IAZ','HIX','N1K0C357M0TAXXK','MARKETPLACE',CURRENT_TIMESTAMP(), CURRENT_TIMESTAMP());

/** Eli Lewis Details **/
INSERT INTO member(member_sk, account_sk, member_code, first_name, middle_name, last_name, relationship_type_code, date_of_birth, gender_type_code, height, weight, ztcn, source, created_date, updated_date) VALUES ('5451cde0-2419-4efa-bf40-2c242fb5a6fe','d3839c1c-de45-43c5-8023-58591b76d0f1','VZS76630WQNUWAY','Eli', 'M', 'Lewis','HOH', '1973-04-24 00:00:00','MALE',5.4,165.34,'N1K0C357M0TAXXK','MARKETPLACE',CURRENT_TIMESTAMP(), CURRENT_TIMESTAMP());

INSERT INTO member_address(member_address_sk, member_address_code, member_sk, address_type_code, address_line_1, address_line_2, city, state_type_code, fips_code, zip_code, ztcn, source, start_date, end_date, created_date, updated_date) VALUES ('53b31e50-d4e8-41ef-96c1-d2cd9fcd2256', '1PZA0NKTMUER079', '5451cde0-2419-4efa-bf40-2c242fb5a6fe', 'RESIDENCE', '834 Hillsborough Ave', null, 'Tampa', 'FL', '12057', '33646','N1K0C357M0TAXXK','MARKETPLACE', '2020-11-10 00:00:00', null, CURRENT_TIMESTAMP(), CURRENT_TIMESTAMP());
INSERT INTO member_address(member_address_sk, member_address_code, member_sk, address_type_code, address_line_1, address_line_2, city, state_type_code, fips_code, zip_code, ztcn, source, start_date, end_date, created_date, updated_date) VALUES ('ff1247e7-fcb5-41a3-a2ee-355a10a9be0b', '56NECLHB44H61ZC', '5451cde0-2419-4efa-bf40-2c242fb5a6fe', 'MAIL', 'P.O Box 85485', null, 'Tampa', 'FL', '12057', '33646','N1K0C357M0TAXXK','MARKETPLACE', '2020-11-10 00:00:00', null, CURRENT_TIMESTAMP(), CURRENT_TIMESTAMP());

INSERT INTO member_phone(member_phone_sk, member_phone_code, member_sk, phone_type_code, phone_number, ztcn, source, start_date, end_date, created_date, updated_date) VALUES ('327efb5c-e87c-4c65-a2a4-1f479b63a7f2','CHK58H3GIELRU72', '5451cde0-2419-4efa-bf40-2c242fb5a6fe','MOBILE', '567-236-9636','N1K0C357M0TAXXK','MARKETPLACE', '2020-11-10 00:00:00', null, CURRENT_TIMESTAMP(), CURRENT_TIMESTAMP());

INSERT INTO member_email(member_email_sk, member_email_code, member_sk, email_type_code, email, is_primary, ztcn, source, start_date, end_date, created_date, updated_date) VALUES ('c41ec3d1-ca26-494c-a67a-70b29e502de6', '4ZVA4E0JHV9MJHO', '5451cde0-2419-4efa-bf40-2c242fb5a6fe', 'PERSONAL', 'elewis@gmail.com', true,'N1K0C357M0TAXXK','MARKETPLACE', '2020-11-10 00:00:00', null, CURRENT_TIMESTAMP(), CURRENT_TIMESTAMP());
INSERT INTO member_email(member_email_sk, member_email_code, member_sk, email_type_code, email, is_primary, ztcn, source, start_date, end_date, created_date, updated_date) VALUES ('5dd88af6-b1ce-4b64-a3c0-ec24f5eea869', '9KCYXRVEAHS37PU', '5451cde0-2419-4efa-bf40-2c242fb5a6fe', 'WORK', 'eli.lewis@wellcare.com', false,null,'ZEUS-UI', '2020-11-10 00:00:00', null, CURRENT_TIMESTAMP(), CURRENT_TIMESTAMP());

INSERT INTO member_language(member_language_sk, member_language_code, member_sk, language_type_code, language_code, ztcn, source, start_date, end_date, created_date, updated_date) VALUES ('64b1826a-df3c-4d46-90b2-8ad247f74f6c', 'MRXE51UXDSFF2WD', '5451cde0-2419-4efa-bf40-2c242fb5a6fe', 'SPOKEN', 'ENG','N1K0C357M0TAXXK','MARKETPLACE', '2020-11-10 00:00:00', null, CURRENT_TIMESTAMP(), CURRENT_TIMESTAMP());
INSERT INTO member_language(member_language_sk, member_language_code, member_sk, language_type_code, language_code, ztcn, source, start_date, end_date, created_date, updated_date) VALUES ('6aad83f6-949d-4fc7-9e6e-b2c3c379abc8', '1U47T03GFUIJB5Z', '5451cde0-2419-4efa-bf40-2c242fb5a6fe', 'WRITTEN', 'SPA','N1K0C357M0TAXXK','MARKETPLACE', '2020-11-10 00:00:00', null, CURRENT_TIMESTAMP(), CURRENT_TIMESTAMP());

INSERT INTO member_identifier(member_identifier_sk, member_identifier_code, member_sk, identifier_type_code, identifier_value, ztcn, source, is_active, created_date, updated_date) VALUES ('9f331746-a389-430f-912c-e1701528e91f', 'HIQFS7STXRR0BK5', '5451cde0-2419-4efa-bf40-2c242fb5a6fe', 'SSN', '045-74-7374', 'N1K0C357M0TAXXK','MARKETPLACE',true, CURRENT_TIMESTAMP(), CURRENT_TIMESTAMP());


/** Maya Lewis Details **/

INSERT INTO member(member_sk, account_sk, member_code, first_name, middle_name, last_name, relationship_type_code, date_of_birth, gender_type_code, height, weight, ztcn, source, created_date, updated_date) VALUES ('d7f11156-7bfa-4648-8e69-a6bc45186be1','d3839c1c-de45-43c5-8023-58591b76d0f1','3K8FAI38HNQEC02','Maya', 'D', 'Lewis', 'SPE', '1975-05-15 00:00:00','FEMALE',5.1,115.35,'IOP52040ETXAO1N','MARKETPLACE',CURRENT_TIMESTAMP(), CURRENT_TIMESTAMP());

INSERT INTO member_address(member_address_sk, member_address_code, member_sk, address_type_code, address_line_1, address_line_2, city, state_type_code, fips_code, zip_code, ztcn, source, start_date, end_date, created_date, updated_date) VALUES ('ffe3e897-f585-4b16-a9a1-e683d7bc1aa6', 'OULNZ91S0EN95LW', 'd7f11156-7bfa-4648-8e69-a6bc45186be1', 'RESIDENCE', '834 Hillsborough Ave', null, 'Tampa', 'FL', '12057', '33646','IOP52040ETXAO1N','MARKETPLACE', '2020-11-10 00:00:00', null, CURRENT_TIMESTAMP(), CURRENT_TIMESTAMP());
INSERT INTO member_address(member_address_sk, member_address_code, member_sk, address_type_code, address_line_1, address_line_2, city, state_type_code, fips_code, zip_code, ztcn, source, start_date, end_date, created_date, updated_date) VALUES ('7552e96e-4693-4de8-83ba-62434a349c2a', 'X3WT65ZM0P6LYAS', 'd7f11156-7bfa-4648-8e69-a6bc45186be1', 'MAIL', 'P.O Box 85485', null, 'Tampa', 'FL', '12057', '33646','IOP52040ETXAO1N','MARKETPLACE', '2020-11-10 00:00:00', null, CURRENT_TIMESTAMP(), CURRENT_TIMESTAMP());

INSERT INTO member_phone(member_phone_sk, member_phone_code, member_sk, phone_type_code, phone_number, ztcn, source, start_date, end_date, created_date, updated_date) VALUES ('2ed4b9d5-92d1-4d28-b9c0-398ea6970e6a','BAKDPFWLUFV4UH9', 'd7f11156-7bfa-4648-8e69-a6bc45186be1','MOBILE', '567-236-9637','IOP52040ETXAO1N','MARKETPLACE', '2020-11-10 00:00:00', null, CURRENT_TIMESTAMP(), CURRENT_TIMESTAMP());

INSERT INTO member_email(member_email_sk, member_email_code, member_sk, email_type_code, email, is_primary, ztcn, source, start_date, end_date, created_date, updated_date) VALUES ('8fbfb7af-4547-47f2-afb7-ce92965321b1', 'MGH5IIV4JXLJG7H', 'd7f11156-7bfa-4648-8e69-a6bc45186be1', 'PERSONAL', 'mlewis@gmail.com', true,'IOP52040ETXAO1N','MARKETPLACE', '2020-11-10 00:00:00', null, CURRENT_TIMESTAMP(), CURRENT_TIMESTAMP());
INSERT INTO member_email(member_email_sk, member_email_code, member_sk, email_type_code, email, is_primary, ztcn, source, start_date, end_date, created_date, updated_date) VALUES ('59e15fe6-1e68-4850-94ed-06cd99bc32c8', 'GS4I6LTWFT8V88U', 'd7f11156-7bfa-4648-8e69-a6bc45186be1', 'WORK', 'maya.lewis@wellcare.com', false,null,'ZEUS-UI', '2020-11-10 00:00:00', null, CURRENT_TIMESTAMP(), CURRENT_TIMESTAMP());

INSERT INTO member_language(member_language_sk, member_language_code, member_sk, language_type_code, language_code, ztcn, source, start_date, end_date, created_date, updated_date) VALUES ('75435ea8-2430-495c-ba73-f4c0c0cf5853', 'MQQJ4Q27VJD9S9F', 'd7f11156-7bfa-4648-8e69-a6bc45186be1', 'SPOKEN', 'ENG','IOP52040ETXAO1N','MARKETPLACE', '2020-11-10 00:00:00', null, CURRENT_TIMESTAMP(), CURRENT_TIMESTAMP());
INSERT INTO member_language(member_language_sk, member_language_code, member_sk, language_type_code, language_code, ztcn, source, start_date, end_date, created_date, updated_date) VALUES ('3c392e42-d8d9-4f0f-a82a-d03825114488', 'DZ35WIH1QY0ZFF2', 'd7f11156-7bfa-4648-8e69-a6bc45186be1', 'WRITTEN', 'SPA','IOP52040ETXAO1N','MARKETPLACE', '2020-11-10 00:00:00', null, CURRENT_TIMESTAMP(), CURRENT_TIMESTAMP());

INSERT INTO member_identifier(member_identifier_sk, member_identifier_code, member_sk, identifier_type_code, identifier_value, is_active, ztcn, source, created_date, updated_date) VALUES ('71b06980-01a7-4313-9414-97f5e94ada52', 'GN5W5LLPHXN4C35', 'd7f11156-7bfa-4648-8e69-a6bc45186be1', 'SSN', '527-73-2576', true,'IOP52040ETXAO1N','MARKETPLACE', CURRENT_TIMESTAMP(), CURRENT_TIMESTAMP());


/** Kai Lewis Details **/
INSERT INTO member(member_sk, account_sk, member_code, first_name, middle_name, last_name, relationship_type_code, date_of_birth, gender_type_code, height, weight, ztcn, source, created_date, updated_date) VALUES ('77e2678e-4919-4480-8243-d4c8b4d262b6','d3839c1c-de45-43c5-8023-58591b76d0f1','O4E5UOK5XC8DPKU','Kai', 'L', 'Lewis', 'CHD', '1998-07-23 00:00:00','MALE',5.9,155.53,'IOP52040ETXAO1N','MARKETPLACE',CURRENT_TIMESTAMP(), CURRENT_TIMESTAMP());

INSERT INTO member_address(member_address_sk, member_address_code, member_sk, address_type_code, address_line_1, address_line_2, city, state_type_code, fips_code, zip_code, ztcn, source, start_date, end_date, created_date, updated_date) VALUES ('22f4c57e-2b58-4501-95a3-c70971eb29af', 'IKDUUDZEN3VV3L6', '77e2678e-4919-4480-8243-d4c8b4d262b6', 'RESIDENCE', '834 Hillsborough Ave', null, 'Tampa', 'FL', '12057', '33646','IOP52040ETXAO1N','MARKETPLACE', '2020-11-10 00:00:00', null, CURRENT_TIMESTAMP(), CURRENT_TIMESTAMP());
INSERT INTO member_address(member_address_sk, member_address_code, member_sk, address_type_code, address_line_1, address_line_2, city, state_type_code, fips_code, zip_code, ztcn, source, start_date, end_date, created_date, updated_date) VALUES ('a6cc7acd-8e42-45a8-848f-f918702363ca', 'D4KKC5O9QVC3HWF', '77e2678e-4919-4480-8243-d4c8b4d262b6', 'MAIL', 'P.O Box 85485', null, 'Tampa', 'FL', '12057', '33646','IOP52040ETXAO1N','MARKETPLACE', '2020-11-10 00:00:00', null, CURRENT_TIMESTAMP(), CURRENT_TIMESTAMP());

INSERT INTO member_phone(member_phone_sk, member_phone_code, member_sk, phone_type_code, phone_number, ztcn, source, start_date, end_date, created_date, updated_date) VALUES ('b85122fb-9bbc-4cf2-ac7a-de127a660d50', 'BK85YY1TR2C0FTZ', '77e2678e-4919-4480-8243-d4c8b4d262b6','MOBILE', '567-236-9638','IOP52040ETXAO1N','MARKETPLACE', '2020-11-10 00:00:00', null, CURRENT_TIMESTAMP(), CURRENT_TIMESTAMP());

INSERT INTO member_email(member_email_sk, member_email_code, member_sk, email_type_code, email, is_primary, ztcn, source, start_date, end_date, created_date, updated_date) VALUES ('7e740b70-0e27-44c5-a2c0-7804b466e70b', 'WBLYNSH4OU6DQF5', '77e2678e-4919-4480-8243-d4c8b4d262b6', 'PERSONAL', 'klewis@gmail.com', true,'IOP52040ETXAO1N','MARKETPLACE', '2020-11-10 00:00:00', null, CURRENT_TIMESTAMP(), CURRENT_TIMESTAMP());
INSERT INTO member_email(member_email_sk, member_email_code, member_sk, email_type_code, email, is_primary, ztcn, source, start_date, end_date, created_date, updated_date) VALUES ('91f7f147-e2e8-424b-8f80-b7736bdb6e9e', 'Z6TQIFWHXMYYZ4Q', '77e2678e-4919-4480-8243-d4c8b4d262b6', 'WORK', 'kai.lewis@wellcare.com', false,null,'ZEUS-UI', '2020-11-10 00:00:00', null, CURRENT_TIMESTAMP(), CURRENT_TIMESTAMP());

INSERT INTO member_language(member_language_sk, member_language_code, member_sk, language_type_code, language_code, ztcn, source, start_date, end_date, created_date, updated_date) VALUES ('c764c6bc-2db9-42cd-8ae5-a71cbc6144a5', 'FU7RSWY37BX4J5X', '77e2678e-4919-4480-8243-d4c8b4d262b6', 'SPOKEN', 'ENG','IOP52040ETXAO1N','MARKETPLACE', '2020-11-10 00:00:00', null, CURRENT_TIMESTAMP(), CURRENT_TIMESTAMP());
INSERT INTO member_language(member_language_sk, member_language_code, member_sk, language_type_code, language_code, ztcn, source, start_date, end_date, created_date, updated_date) VALUES ('f1242d9f-2dac-4da6-8dfc-de2084a0fad3', 'P6ZL4ZZERVZGPH1', '77e2678e-4919-4480-8243-d4c8b4d262b6', 'WRITTEN', 'SPA','IOP52040ETXAO1N','MARKETPLACE', '2020-11-10 00:00:00', null, CURRENT_TIMESTAMP(), CURRENT_TIMESTAMP());

INSERT INTO member_identifier(member_identifier_sk, member_identifier_code, member_sk, identifier_type_code, identifier_value, is_active, ztcn, source, created_date, updated_date) VALUES ('187cd737-80d7-403a-8044-a9f138af074c', 'QF6KQXR9GJ6GSY8', '77e2678e-4919-4480-8243-d4c8b4d262b6', 'SSN', '626-64-6264', true,'IOP52040ETXAO1N','MARKETPLACE', CURRENT_TIMESTAMP(), CURRENT_TIMESTAMP());

/** Ruby Lewis Details **/
INSERT INTO member(member_sk, account_sk, member_code, first_name, middle_name, last_name, relationship_type_code, date_of_birth, gender_type_code, height, weight, ztcn, source, created_date, updated_date) VALUES ('beecf9e2-3137-40a5-823b-73b029e45fa2','d3839c1c-de45-43c5-8023-58591b76d0f1','4KE6IWEWMCIFIUD','Ruby', 'D', 'Lewis', 'CHD', '1999-05-24 00:00:00','FEMALE',5.1,116.83,'IOP52040ETXAO1N','MARKETPLACE',CURRENT_TIMESTAMP(), CURRENT_TIMESTAMP());

INSERT INTO member_address(member_address_sk, member_address_code, member_sk, address_type_code, address_line_1, address_line_2, city, state_type_code, fips_code, zip_code, ztcn, source, start_date, end_date, created_date, updated_date) VALUES ('dfb5326a-f1d8-4fd4-96ed-79fc6f23c577', 'ZTU04SO2KCIKLNF', 'beecf9e2-3137-40a5-823b-73b029e45fa2', 'RESIDENCE', '834 Hillsborough Ave', null, 'Tampa', 'FL', '12057', '33646','IOP52040ETXAO1N','MARKETPLACE', '2020-11-10 00:00:00', null, CURRENT_TIMESTAMP(), CURRENT_TIMESTAMP());
INSERT INTO member_address(member_address_sk, member_address_code, member_sk, address_type_code, address_line_1, address_line_2, city, state_type_code, fips_code, zip_code, ztcn, source, start_date, end_date, created_date, updated_date) VALUES ('4a9847df-72d0-414c-a520-f4a5b747314e', '2OL2G1G7UDKO7TM', 'beecf9e2-3137-40a5-823b-73b029e45fa2', 'MAIL', 'P.O Box 85485', null, 'Tampa', 'FL', '12057', '33646','IOP52040ETXAO1N','MARKETPLACE', '2020-11-10 00:00:00', null, CURRENT_TIMESTAMP(), CURRENT_TIMESTAMP());

INSERT INTO member_phone(member_phone_sk, member_phone_code, member_sk, phone_type_code, phone_number, ztcn, source, start_date, end_date, created_date, updated_date) VALUES ('a813cff9-c445-4e80-9de1-25b7f38a0aa8', 'QCQ4FKHDX8NRR3S', 'beecf9e2-3137-40a5-823b-73b029e45fa2','MOBILE', '567-236-9639','IOP52040ETXAO1N','MARKETPLACE', '2020-11-10 00:00:00', null, CURRENT_TIMESTAMP(), CURRENT_TIMESTAMP());

INSERT INTO member_email(member_email_sk, member_email_code, member_sk, email_type_code, email, is_primary, ztcn, source, start_date, end_date, created_date, updated_date) VALUES ('cff97101-544a-475e-bfea-8439af176cfb', 'DWW5IQBT4XS9IOO', 'beecf9e2-3137-40a5-823b-73b029e45fa2', 'PERSONAL', 'rlewis@gmail.com', true,'IOP52040ETXAO1N','MARKETPLACE', '2020-11-10 00:00:00', null, CURRENT_TIMESTAMP(), CURRENT_TIMESTAMP());
INSERT INTO member_email(member_email_sk, member_email_code, member_sk, email_type_code, email, is_primary, ztcn, source, start_date, end_date, created_date, updated_date) VALUES ('adf29f3e-fd15-4b45-86fe-1e852a7ed328', '5FOLZK0HDNDKN3P', 'beecf9e2-3137-40a5-823b-73b029e45fa2', 'WORK', 'ruby.lewis@wellcare.com', false,null,'ZEUS-UI', '2020-11-10 00:00:00', null, CURRENT_TIMESTAMP(), CURRENT_TIMESTAMP());

INSERT INTO member_language(member_language_sk, member_language_code, member_sk, language_type_code, language_code, ztcn, source, start_date, end_date, created_date, updated_date) VALUES ('0c0bcf76-eab5-4d6a-a0cb-208b048a0990', '5YR5PH3GX4DJLMP', 'beecf9e2-3137-40a5-823b-73b029e45fa2', 'SPOKEN', 'ENG','IOP52040ETXAO1N','MARKETPLACE', '2020-11-10 00:00:00', null, CURRENT_TIMESTAMP(), CURRENT_TIMESTAMP());
INSERT INTO member_language(member_language_sk, member_language_code, member_sk, language_type_code, language_code, ztcn, source, start_date, end_date, created_date, updated_date) VALUES ('dd943440-9387-4c68-9988-0c218fb960ad', 'C5NSDFTYEIK9XUF', 'beecf9e2-3137-40a5-823b-73b029e45fa2', 'WRITTEN', 'SPA','IOP52040ETXAO1N','MARKETPLACE', '2020-11-10 00:00:00', null, CURRENT_TIMESTAMP(), CURRENT_TIMESTAMP());

INSERT INTO member_identifier(member_identifier_sk, member_identifier_code, member_sk, identifier_type_code, identifier_value, is_active, ztcn, source, created_date, updated_date) VALUES ('261a8915-d4d5-4143-856f-e01f5e1caa09', '2ZDZM75QJOTSZR4', 'beecf9e2-3137-40a5-823b-73b029e45fa2', 'SSN', '746-46-2746', true,'IOP52040ETXAO1N','MARKETPLACE', CURRENT_TIMESTAMP(), CURRENT_TIMESTAMP());


/** Enrollment and Premium spans associated with the Lewis account **/

/** Family Enrollment spans **/
INSERT INTO enrollment_span(enrlmnt_span_sk, enrollment_span_code, account_sk, state_type_code, marketplace_type_code, business_unit_type_code, enrollment_type, coverage_type_code, start_date, end_date, exchange_subscriber_id, plan_id, group_policy_id, product_type_code, effectuation_date, status_type_code, effective_reason, term_reason, ztcn, source, delinq_ind, created_date, updated_date) VALUES ('2fe39d9c-fb6d-4fce-84c9-67c415a6d7c5', 'SZYP1OH8FCA18UW', 'd3839c1c-de45-43c5-8023-58591b76d0f1', 'FL', 'FFM', 'MP_FL', 'ACTIVE', 'FAM', '2022-01-01 00:00:00', '2022-12-31 00:00:00', '05474667', '89355FL0234605', '63467345','HMO','2021-12-15 00:00:00','ENROLLED','MBS',null,'N1K0C357M0TAXXK','MARKETPLACE', false, CURRENT_TIMESTAMP(),CURRENT_TIMESTAMP());

INSERT INTO enrollment_span(enrlmnt_span_sk, enrollment_span_code, account_sk, state_type_code, marketplace_type_code, business_unit_type_code, enrollment_type, coverage_type_code, start_date, end_date, exchange_subscriber_id, plan_id, group_policy_id, product_type_code, effectuation_date, status_type_code, effective_reason, term_reason, ztcn, source, delinq_ind, created_date, updated_date) VALUES ('1f9ec427-752b-4456-962c-e6799283335d', 'F6SNVSAIJ3JSMR8', 'd3839c1c-de45-43c5-8023-58591b76d0f1', 'FL', 'FFM', 'MP_FL', 'ACTIVE', 'FAM', '2023-01-01 00:00:00', '2023-06-30 00:00:00', '05474667', '89355FL0234606', '84564357','HMO','2022-12-25 00:00:00','ENROLLED','MBS','VOLWITH','R5T9RQTCS3O0RY4','MARKETPLACE', false, CURRENT_TIMESTAMP(),CURRENT_TIMESTAMP());
INSERT INTO enrollment_span(enrlmnt_span_sk, enrollment_span_code, account_sk, state_type_code, marketplace_type_code, business_unit_type_code, enrollment_type, coverage_type_code, start_date, end_date, exchange_subscriber_id, plan_id, group_policy_id, product_type_code, effectuation_date, status_type_code, effective_reason, term_reason, ztcn, source, delinq_ind, created_date, updated_date) VALUES ('a0d7fb98-89e4-486e-b849-3f8e17f96f18', 'PA2QSC173TXPVDC', 'd3839c1c-de45-43c5-8023-58591b76d0f1', 'FL', 'FFM', 'MP_FL', 'ACTIVE', 'FAM', '2023-07-01 00:00:00', '2023-12-31 00:00:00', '05474667', '89355FL0234607', '83356785','HMO','2022-12-25 00:00:00','ENROLLED','MBS',null,'OWYVC5MFR7XPZH6','MARKETPLACE', false, CURRENT_TIMESTAMP(),CURRENT_TIMESTAMP());

/** Dependent Coverage Only Enrollment spans **/
INSERT INTO enrollment_span(enrlmnt_span_sk, enrollment_span_code, account_sk, state_type_code, marketplace_type_code, business_unit_type_code, enrollment_type, coverage_type_code, start_date, end_date, exchange_subscriber_id, plan_id, group_policy_id, product_type_code, effectuation_date, status_type_code, effective_reason, term_reason, ztcn, source, delinq_ind, created_date, updated_date) VALUES ('ee0d022f-1f21-492e-ba48-4912577155cc', 'Z8VTEB7S1SMV53P', 'd3839c1c-de45-43c5-8023-58591b76d0f1', 'FL', 'FFM', 'MP_FL', 'ACTIVE', 'DEP', '2022-01-01 00:00:00', '2022-12-31 00:00:00', '05474667', '89355FL0234597', '34563457','HMO','2021-12-15 00:00:00','ENROLLED','MBS',null,'IOP52040ETXAO1N','MARKETPLACE', false, CURRENT_TIMESTAMP(),CURRENT_TIMESTAMP());

INSERT INTO enrollment_span(enrlmnt_span_sk, enrollment_span_code, account_sk, state_type_code, marketplace_type_code, business_unit_type_code, enrollment_type, coverage_type_code, start_date, end_date, exchange_subscriber_id, plan_id, group_policy_id, product_type_code, effectuation_date, status_type_code, effective_reason, term_reason, ztcn, source, delinq_ind, created_date, updated_date) VALUES ('77416113-bef6-497b-b1d8-827d5f16a524', 'FN1KWZTORHT4ZZO', 'd3839c1c-de45-43c5-8023-58591b76d0f1', 'FL', 'FFM', 'MP_FL', 'ACTIVE', 'DEP', '2023-01-01 00:00:00', '2023-06-30 00:00:00', '05474667', '89355FL0234598', '73463556','HMO','2022-12-25 00:00:00','ENROLLED','MBS','VOLWITH','MOUD29N8Y0CBPUL','MARKETPLACE', false, CURRENT_TIMESTAMP(),CURRENT_TIMESTAMP());
INSERT INTO enrollment_span(enrlmnt_span_sk, enrollment_span_code, account_sk, state_type_code, marketplace_type_code, business_unit_type_code, enrollment_type, coverage_type_code, start_date, end_date, exchange_subscriber_id, plan_id, group_policy_id, product_type_code, effectuation_date, status_type_code, effective_reason, term_reason, ztcn, source, delinq_ind, created_date, updated_date) VALUES ('d2616506-aa9a-49fa-9f32-68d6c3bdfcf7', 'PE4ZIQPGSZIEBLK', 'd3839c1c-de45-43c5-8023-58591b76d0f1', 'FL', 'FFM', 'MP_FL', 'ACTIVE', 'DEP', '2023-07-01 00:00:00', '2023-08-31 00:00:00', '05474667', '89355FL0234599', '73578534','HMO','2023-06-10 00:00:00','ENROLLED','MBS','VOLWITH','XEMQFIF7JMLD3Q9','MARKETPLACE', false, CURRENT_TIMESTAMP(),CURRENT_TIMESTAMP());
INSERT INTO enrollment_span(enrlmnt_span_sk, enrollment_span_code, account_sk, state_type_code, marketplace_type_code, business_unit_type_code, enrollment_type, coverage_type_code, start_date, end_date, exchange_subscriber_id, plan_id, group_policy_id, product_type_code, effectuation_date, status_type_code, effective_reason, term_reason, ztcn, source, delinq_ind, created_date, updated_date) VALUES ('564f29f8-bac1-4e91-a936-89d18b78d7ec', 'ERKTYGOWBOF92O6', 'd3839c1c-de45-43c5-8023-58591b76d0f1', 'FL', 'FFM', 'MP_FL', 'ACTIVE', 'DEP', '2023-09-01 00:00:00', '2023-12-31 00:00:00', '05474667', '89355FL0234600', '95456746','HMO','2023-08-13 00:00:00','ENROLLED','MBS',null,'ITS2JSTOBOQREPW','MARKETPLACE', false, CURRENT_TIMESTAMP(),CURRENT_TIMESTAMP());

/** Family Coverage Premium Spans **/

INSERT INTO premium_span(premium_span_sk, premium_span_code, ztcn, source, enrollment_span_sk, start_date, end_date, status_type_code, sequence, csr_variant, total_prem_amt, total_resp_amt, aptc_amt, other_pay_amt, csr_amt, created_Date, updated_date) VALUES ('9e0386d4-02b4-4d32-af10-17f788290fbb', 'R7PQ4WS4UUG97J0', 'N1K0C357M0TAXXK','MARKETPLACE', '2fe39d9c-fb6d-4fce-84c9-67c415a6d7c5', '2022-01-01 00:00:00', '2022-12-31 00:00:00', 'ACTIVE', 1, '03', 150, 150, 0, 0, 10, CURRENT_TIMESTAMP(),CURRENT_TIMESTAMP());

INSERT INTO premium_span(premium_span_sk, premium_span_code, ztcn, source, enrollment_span_sk, start_date, end_date, status_type_code, sequence, csr_variant, total_prem_amt, total_resp_amt, aptc_amt, other_pay_amt, csr_amt, created_Date, updated_date) VALUES ('dd6f8e55-b8a9-4ae4-9d30-0d5e536dd5a7', 'B8S4BBHWUOCFP3X', 'R5T9RQTCS3O0RY4','MARKETPLACE', '1f9ec427-752b-4456-962c-e6799283335d', '2023-01-01 00:00:00', '2023-06-30 00:00:00', 'ACTIVE', 1, '03', 150, 150, 0, 0, 20, CURRENT_TIMESTAMP(),CURRENT_TIMESTAMP());

INSERT INTO premium_span(premium_span_sk, premium_span_code, ztcn, source, enrollment_span_sk, start_date, end_date, status_type_code, sequence, csr_variant, total_prem_amt, total_resp_amt, aptc_amt, other_pay_amt, csr_amt, created_Date, updated_date) VALUES ('aa27b884-d4a8-4bae-8710-5f8cfd794f95', 'Z0XPP8MISWW8SAJ', 'OWYVC5MFR7XPZH6','MARKETPLACE', 'a0d7fb98-89e4-486e-b849-3f8e17f96f18', '2023-07-01 00:00:00', '2023-10-31 00:00:00', 'ACTIVE', 1, '03', 150, 150, 0, 0, 30, CURRENT_TIMESTAMP(),CURRENT_TIMESTAMP());
INSERT INTO premium_span(premium_span_sk, premium_span_code, ztcn, source, enrollment_span_sk, start_date, end_date, status_type_code, sequence, csr_variant, total_prem_amt, total_resp_amt, aptc_amt, other_pay_amt, csr_amt, created_Date, updated_date) VALUES ('e2c5ec82-7f7f-4d5f-8880-e0156956ffbd', 'XWPQFXMEX2BLMX1', '2TWGYQDZA08ZFO4','MARKETPLACE', 'a0d7fb98-89e4-486e-b849-3f8e17f96f18', '2023-11-01 00:00:00', '2023-12-31 00:00:00', 'ACTIVE', 2, '03', 150, 150, 0, 0, 40, CURRENT_TIMESTAMP(),CURRENT_TIMESTAMP());

/** Dependent Only Coverage Premium Spans **/
INSERT INTO premium_span(premium_span_sk, premium_span_code, ztcn, source, enrollment_span_sk, start_date, end_date, status_type_code, sequence, csr_variant, total_prem_amt, total_resp_amt, aptc_amt, other_pay_amt, csr_amt, created_Date, updated_date) VALUES ('e8c4a64e-567a-47dc-ae4b-200d97774ab1', '1BKCG0VSGOY8Q5N', 'IOP52040ETXAO1N','MARKETPLACE', 'ee0d022f-1f21-492e-ba48-4912577155cc', '2022-01-01 00:00:00', '2022-02-28 00:00:00', 'ACTIVE', 1, '03', 400, 300, 100, 0, 10, CURRENT_TIMESTAMP(),CURRENT_TIMESTAMP());
INSERT INTO premium_span(premium_span_sk, premium_span_code, ztcn, source, enrollment_span_sk, start_date, end_date, status_type_code, sequence, csr_variant, total_prem_amt, total_resp_amt, aptc_amt, other_pay_amt, csr_amt, created_Date, updated_date) VALUES ('126f9d3a-0478-4579-9caa-047a2ca8ee32', '2O210V9XZLVGLZG', 'QKWHOJLGFCRV67J','MARKETPLACE', 'ee0d022f-1f21-492e-ba48-4912577155cc', '2022-03-01 00:00:00', '2022-08-31 00:00:00', 'ACTIVE', 2, '03', 400, 275, 125, 0, 20, CURRENT_TIMESTAMP(),CURRENT_TIMESTAMP());
INSERT INTO premium_span(premium_span_sk, premium_span_code, ztcn, source, enrollment_span_sk, start_date, end_date, status_type_code, sequence, csr_variant, total_prem_amt, total_resp_amt, aptc_amt, other_pay_amt, csr_amt, created_Date, updated_date) VALUES ('561ea3ad-1e6b-4db7-b9c8-ed3745939ebb', 'SWZAE942CIOZOCC', 'FM1BNFBKAQ8IH30','MARKETPLACE', 'ee0d022f-1f21-492e-ba48-4912577155cc', '2022-09-01 00:00:00', '2022-12-31 00:00:00', 'ACTIVE', 3, '03', 400, 325, 75, 0, 30, CURRENT_TIMESTAMP(),CURRENT_TIMESTAMP());

INSERT INTO premium_span(premium_span_sk, premium_span_code, ztcn, source, enrollment_span_sk, start_date, end_date, status_type_code, sequence, csr_variant, total_prem_amt, total_resp_amt, aptc_amt, other_pay_amt, csr_amt, created_Date, updated_date) VALUES ('9aebed1b-83d8-46c3-8d97-ca3b2f8bb099', 'F79VT2GKXEK2U10', 'MOUD29N8Y0CBPUL','MARKETPLACE', '77416113-bef6-497b-b1d8-827d5f16a524', '2023-01-01 00:00:00', '2023-02-28 00:00:00', 'ACTIVE', 1, '03', 500, 300, 200, 0, 10, CURRENT_TIMESTAMP(),CURRENT_TIMESTAMP());
INSERT INTO premium_span(premium_span_sk, premium_span_code, ztcn, source, enrollment_span_sk, start_date, end_date, status_type_code, sequence, csr_variant, total_prem_amt, total_resp_amt, aptc_amt, other_pay_amt, csr_amt, created_Date, updated_date) VALUES ('c60308a3-c684-460d-a6ce-fa0454231977', 'Y3YXZ7U4T5IHZE4', 'XCT9ZL7J3MTKU0X','MARKETPLACE', '77416113-bef6-497b-b1d8-827d5f16a524', '2023-03-01 00:00:00', '2023-03-31 00:00:00', 'ACTIVE', 2, '03', 500, 350, 150, 0, 20, CURRENT_TIMESTAMP(),CURRENT_TIMESTAMP());
INSERT INTO premium_span(premium_span_sk, premium_span_code, ztcn, source, enrollment_span_sk, start_date, end_date, status_type_code, sequence, csr_variant, total_prem_amt, total_resp_amt, aptc_amt, other_pay_amt, csr_amt, created_Date, updated_date) VALUES ('d0ca0be0-5cad-47e3-8580-efc1abef50de', 'LZT23U85NN30H9B', 'MJWJEF5PWIHDGH5','MARKETPLACE', '77416113-bef6-497b-b1d8-827d5f16a524', '2023-04-01 00:00:00', '2023-05-31 00:00:00', 'ACTIVE', 3, '03', 500, 325, 175, 0, 20, CURRENT_TIMESTAMP(),CURRENT_TIMESTAMP());
INSERT INTO premium_span(premium_span_sk, premium_span_code, ztcn, source, enrollment_span_sk, start_date, end_date, status_type_code, sequence, csr_variant, total_prem_amt, total_resp_amt, aptc_amt, other_pay_amt, csr_amt, created_Date, updated_date) VALUES ('a566c032-a56a-4747-8fce-ee81e9333001', '2FPRM6UWRKIFZLI', 'JI37MZWZMJ9C4JE','MARKETPLACE', '77416113-bef6-497b-b1d8-827d5f16a524', '2023-06-01 00:00:00', '2023-06-30 00:00:00', 'ACTIVE', 4, '03', 500, 375, 125, 0, 20, CURRENT_TIMESTAMP(),CURRENT_TIMESTAMP());

INSERT INTO premium_span(premium_span_sk, premium_span_code, ztcn, source, enrollment_span_sk, start_date, end_date, status_type_code, sequence, csr_variant, total_prem_amt, total_resp_amt, aptc_amt, other_pay_amt, csr_amt, created_Date, updated_date) VALUES ('01dd80b7-f3fe-468b-ac91-94d1ec8689a0', '34JQ5CDHMUWEOQX', 'XEMQFIF7JMLD3Q9','MARKETPLACE', 'd2616506-aa9a-49fa-9f32-68d6c3bdfcf7', '2023-07-01 00:00:00', '2023-08-31 00:00:00', 'ACTIVE', 1, '03', 500, 325, 175, 0, 20, CURRENT_TIMESTAMP(),CURRENT_TIMESTAMP());

INSERT INTO premium_span(premium_span_sk, premium_span_code, ztcn, source, enrollment_span_sk, start_date, end_date, status_type_code, sequence, csr_variant, total_prem_amt, total_resp_amt, aptc_amt, other_pay_amt, csr_amt, created_Date, updated_date) VALUES ('7c9ea538-f2bc-4849-917c-4595fba5a4b4', 'OG6GX5PUZFYQA4B', 'ITS2JSTOBOQREPW','MARKETPLACE', '564f29f8-bac1-4e91-a936-89d18b78d7ec', '2023-09-01 00:00:00', '2023-12-31 00:00:00', 'ACTIVE', 1, '03', 500, 375, 125, 0, 20, CURRENT_TIMESTAMP(),CURRENT_TIMESTAMP());

/** Family Coverage Member Premiums **/

INSERT INTO member_premiums(member_premium_sk, premium_span_sk, member_sk, exchange_member_id, individual_premium_amount, created_date, updated_date) VALUES ('b720cc8f-7be2-4ec0-a9b9-e4fc02caa02d', '9e0386d4-02b4-4d32-af10-17f788290fbb', '5451cde0-2419-4efa-bf40-2c242fb5a6fe', '0547466701', 150, CURRENT_TIMESTAMP(), CURRENT_TIMESTAMP());

INSERT INTO member_premiums(member_premium_sk, premium_span_sk, member_sk, exchange_member_id, individual_premium_amount, created_date, updated_date) VALUES ('1f2650b5-da8d-4119-84dd-f01fd8547f96', 'dd6f8e55-b8a9-4ae4-9d30-0d5e536dd5a7', '5451cde0-2419-4efa-bf40-2c242fb5a6fe', '0547466701', 150,CURRENT_TIMESTAMP(), CURRENT_TIMESTAMP());

INSERT INTO member_premiums(member_premium_sk, premium_span_sk, member_sk, exchange_member_id, individual_premium_amount, created_date, updated_date) VALUES ('3e223eba-dd74-4366-97e1-3dd15b795a9d', 'aa27b884-d4a8-4bae-8710-5f8cfd794f95', '5451cde0-2419-4efa-bf40-2c242fb5a6fe', '0547466701', 150,CURRENT_TIMESTAMP(), CURRENT_TIMESTAMP());
INSERT INTO member_premiums(member_premium_sk, premium_span_sk, member_sk, exchange_member_id, individual_premium_amount, created_date, updated_date) VALUES ('67659a53-a098-4df9-acfb-0abf9e4cba86', 'e2c5ec82-7f7f-4d5f-8880-e0156956ffbd', '5451cde0-2419-4efa-bf40-2c242fb5a6fe', '0547466701', 150,CURRENT_TIMESTAMP(), CURRENT_TIMESTAMP());

/** Dependent Coverage Member Premiums **/
INSERT INTO member_premiums(member_premium_sk, premium_span_sk, member_sk, exchange_member_id, individual_premium_amount, created_date, updated_date) VALUES ('90995b8e-804d-4e60-97ff-ea3d5ed22c01', 'e8c4a64e-567a-47dc-ae4b-200d97774ab1', 'd7f11156-7bfa-4648-8e69-a6bc45186be1', '0547466702', 200, CURRENT_TIMESTAMP(), CURRENT_TIMESTAMP());
INSERT INTO member_premiums(member_premium_sk, premium_span_sk, member_sk, exchange_member_id, individual_premium_amount, created_date, updated_date) VALUES ('1231b1fd-51b1-44bf-bffc-842c1c9435fd', 'e8c4a64e-567a-47dc-ae4b-200d97774ab1', '77e2678e-4919-4480-8243-d4c8b4d262b6', '0547466703', 100,CURRENT_TIMESTAMP(), CURRENT_TIMESTAMP());
INSERT INTO member_premiums(member_premium_sk, premium_span_sk, member_sk, exchange_member_id, individual_premium_amount, created_date, updated_date) VALUES ('f00c4c02-b50e-4fff-bccd-78f21c207b44', 'e8c4a64e-567a-47dc-ae4b-200d97774ab1', 'beecf9e2-3137-40a5-823b-73b029e45fa2', '0547466704', 100,CURRENT_TIMESTAMP(), CURRENT_TIMESTAMP());

INSERT INTO member_premiums(member_premium_sk, premium_span_sk, member_sk, exchange_member_id, individual_premium_amount, created_date, updated_date) VALUES ('c8d0bb18-78e3-4898-a137-c7c1a7f35d00', '126f9d3a-0478-4579-9caa-047a2ca8ee32', 'd7f11156-7bfa-4648-8e69-a6bc45186be1', '0547466702', 200, CURRENT_TIMESTAMP(), CURRENT_TIMESTAMP());
INSERT INTO member_premiums(member_premium_sk, premium_span_sk, member_sk, exchange_member_id, individual_premium_amount, created_date, updated_date) VALUES ('835f89c0-e426-46a0-bbb8-2115ba122711', '126f9d3a-0478-4579-9caa-047a2ca8ee32', '77e2678e-4919-4480-8243-d4c8b4d262b6', '0547466703', 100,CURRENT_TIMESTAMP(), CURRENT_TIMESTAMP());
INSERT INTO member_premiums(member_premium_sk, premium_span_sk, member_sk, exchange_member_id, individual_premium_amount, created_date, updated_date) VALUES ('ebc1cfe5-481e-47ad-8b4c-05542f5da895', '126f9d3a-0478-4579-9caa-047a2ca8ee32', 'beecf9e2-3137-40a5-823b-73b029e45fa2', '0547466704', 100,CURRENT_TIMESTAMP(), CURRENT_TIMESTAMP());

INSERT INTO member_premiums(member_premium_sk, premium_span_sk, member_sk, exchange_member_id, individual_premium_amount, created_date, updated_date) VALUES ('fd9d4233-ac0e-4f3c-ae2f-2b52bc9a25bb', '561ea3ad-1e6b-4db7-b9c8-ed3745939ebb', 'd7f11156-7bfa-4648-8e69-a6bc45186be1', '0547466702', 200, CURRENT_TIMESTAMP(), CURRENT_TIMESTAMP());
INSERT INTO member_premiums(member_premium_sk, premium_span_sk, member_sk, exchange_member_id, individual_premium_amount, created_date, updated_date) VALUES ('27b57d6e-751c-4d5b-b287-ad625f6081d4', '561ea3ad-1e6b-4db7-b9c8-ed3745939ebb', '77e2678e-4919-4480-8243-d4c8b4d262b6', '0547466703', 100,CURRENT_TIMESTAMP(), CURRENT_TIMESTAMP());
INSERT INTO member_premiums(member_premium_sk, premium_span_sk, member_sk, exchange_member_id, individual_premium_amount, created_date, updated_date) VALUES ('3ecdaa73-5626-4534-90a7-c3d0ba2687e3', '561ea3ad-1e6b-4db7-b9c8-ed3745939ebb', 'beecf9e2-3137-40a5-823b-73b029e45fa2', '0547466704', 100,CURRENT_TIMESTAMP(), CURRENT_TIMESTAMP());

INSERT INTO member_premiums(member_premium_sk, premium_span_sk, member_sk, exchange_member_id, individual_premium_amount, created_date, updated_date) VALUES ('586dd343-d720-4dd8-b906-eed83f28ff7a', '9aebed1b-83d8-46c3-8d97-ca3b2f8bb099', 'd7f11156-7bfa-4648-8e69-a6bc45186be1', '0547466702', 250, CURRENT_TIMESTAMP(), CURRENT_TIMESTAMP());
INSERT INTO member_premiums(member_premium_sk, premium_span_sk, member_sk, exchange_member_id, individual_premium_amount, created_date, updated_date) VALUES ('30bfa201-cd25-4118-becf-af61a74e3636', '9aebed1b-83d8-46c3-8d97-ca3b2f8bb099', '77e2678e-4919-4480-8243-d4c8b4d262b6', '0547466703', 150,CURRENT_TIMESTAMP(), CURRENT_TIMESTAMP());
INSERT INTO member_premiums(member_premium_sk, premium_span_sk, member_sk, exchange_member_id, individual_premium_amount, created_date, updated_date) VALUES ('781cffbe-4fc6-4567-92c9-4d6c9a5ae58e', '9aebed1b-83d8-46c3-8d97-ca3b2f8bb099', 'beecf9e2-3137-40a5-823b-73b029e45fa2', '0547466704', 100,CURRENT_TIMESTAMP(), CURRENT_TIMESTAMP());

INSERT INTO member_premiums(member_premium_sk, premium_span_sk, member_sk, exchange_member_id, individual_premium_amount, created_date, updated_date) VALUES ('24d77db4-4095-4eff-8568-b995207026ae', 'c60308a3-c684-460d-a6ce-fa0454231977', 'd7f11156-7bfa-4648-8e69-a6bc45186be1', '0547466702', 250, CURRENT_TIMESTAMP(), CURRENT_TIMESTAMP());
INSERT INTO member_premiums(member_premium_sk, premium_span_sk, member_sk, exchange_member_id, individual_premium_amount, created_date, updated_date) VALUES ('1df46076-4c1c-4c7a-8888-d5157d524ceb', 'c60308a3-c684-460d-a6ce-fa0454231977', '77e2678e-4919-4480-8243-d4c8b4d262b6', '0547466703', 150,CURRENT_TIMESTAMP(), CURRENT_TIMESTAMP());
INSERT INTO member_premiums(member_premium_sk, premium_span_sk, member_sk, exchange_member_id, individual_premium_amount, created_date, updated_date) VALUES ('3d1ff252-1c65-4863-9b67-3adf58497891', 'c60308a3-c684-460d-a6ce-fa0454231977', 'beecf9e2-3137-40a5-823b-73b029e45fa2', '0547466704', 100,CURRENT_TIMESTAMP(), CURRENT_TIMESTAMP());

INSERT INTO member_premiums(member_premium_sk, premium_span_sk, member_sk, exchange_member_id, individual_premium_amount, created_date, updated_date) VALUES ('b0bbc96b-aaef-4b2b-a78f-bd0112f7f2aa', 'd0ca0be0-5cad-47e3-8580-efc1abef50de', 'd7f11156-7bfa-4648-8e69-a6bc45186be1', '0547466702', 250, CURRENT_TIMESTAMP(), CURRENT_TIMESTAMP());
INSERT INTO member_premiums(member_premium_sk, premium_span_sk, member_sk, exchange_member_id, individual_premium_amount, created_date, updated_date) VALUES ('218eb06a-7b05-4612-8425-f8a9ea84e717', 'd0ca0be0-5cad-47e3-8580-efc1abef50de', '77e2678e-4919-4480-8243-d4c8b4d262b6', '0547466703', 150,CURRENT_TIMESTAMP(), CURRENT_TIMESTAMP());
INSERT INTO member_premiums(member_premium_sk, premium_span_sk, member_sk, exchange_member_id, individual_premium_amount, created_date, updated_date) VALUES ('f0fa9d21-56aa-40de-a142-72e399c0a0f0', 'd0ca0be0-5cad-47e3-8580-efc1abef50de', 'beecf9e2-3137-40a5-823b-73b029e45fa2', '0547466704', 100,CURRENT_TIMESTAMP(), CURRENT_TIMESTAMP());

INSERT INTO member_premiums(member_premium_sk, premium_span_sk, member_sk, exchange_member_id, individual_premium_amount, created_date, updated_date) VALUES ('7a101087-8f19-4aff-8e2a-deb9d2f456e8', 'a566c032-a56a-4747-8fce-ee81e9333001', 'd7f11156-7bfa-4648-8e69-a6bc45186be1', '0547466702', 250, CURRENT_TIMESTAMP(), CURRENT_TIMESTAMP());
INSERT INTO member_premiums(member_premium_sk, premium_span_sk, member_sk, exchange_member_id, individual_premium_amount, created_date, updated_date) VALUES ('0699f40e-6ba7-4eb1-beac-3abba887dbe0', 'a566c032-a56a-4747-8fce-ee81e9333001', '77e2678e-4919-4480-8243-d4c8b4d262b6', '0547466703', 150,CURRENT_TIMESTAMP(), CURRENT_TIMESTAMP());
INSERT INTO member_premiums(member_premium_sk, premium_span_sk, member_sk, exchange_member_id, individual_premium_amount, created_date, updated_date) VALUES ('34c01367-5f33-422f-b221-d0439eeaaecd', 'a566c032-a56a-4747-8fce-ee81e9333001', 'beecf9e2-3137-40a5-823b-73b029e45fa2', '0547466704', 100,CURRENT_TIMESTAMP(), CURRENT_TIMESTAMP());

INSERT INTO member_premiums(member_premium_sk, premium_span_sk, member_sk, exchange_member_id, individual_premium_amount, created_date, updated_date) VALUES ('cea6afdc-5ac6-4532-872e-493ecf1c9532', '01dd80b7-f3fe-468b-ac91-94d1ec8689a0', 'd7f11156-7bfa-4648-8e69-a6bc45186be1', '0547466702', 250, CURRENT_TIMESTAMP(), CURRENT_TIMESTAMP());
INSERT INTO member_premiums(member_premium_sk, premium_span_sk, member_sk, exchange_member_id, individual_premium_amount, created_date, updated_date) VALUES ('0431c268-c91f-410f-bf93-81c14157031b', '01dd80b7-f3fe-468b-ac91-94d1ec8689a0', '77e2678e-4919-4480-8243-d4c8b4d262b6', '0547466703', 150,CURRENT_TIMESTAMP(), CURRENT_TIMESTAMP());
INSERT INTO member_premiums(member_premium_sk, premium_span_sk, member_sk, exchange_member_id, individual_premium_amount, created_date, updated_date) VALUES ('499f08e1-975a-4b44-93df-a08cd0e8c396', '01dd80b7-f3fe-468b-ac91-94d1ec8689a0', 'beecf9e2-3137-40a5-823b-73b029e45fa2', '0547466704', 100,CURRENT_TIMESTAMP(), CURRENT_TIMESTAMP());

INSERT INTO member_premiums(member_premium_sk, premium_span_sk, member_sk, exchange_member_id, individual_premium_amount, created_date, updated_date) VALUES ('9f0d8af1-c650-4421-a0c5-7561a741726b', '7c9ea538-f2bc-4849-917c-4595fba5a4b4', 'd7f11156-7bfa-4648-8e69-a6bc45186be1', '0547466702', 250, CURRENT_TIMESTAMP(), CURRENT_TIMESTAMP());
INSERT INTO member_premiums(member_premium_sk, premium_span_sk, member_sk, exchange_member_id, individual_premium_amount, created_date, updated_date) VALUES ('58c175f5-bb35-4149-9a49-ed67ad5a8ecb', '7c9ea538-f2bc-4849-917c-4595fba5a4b4', '77e2678e-4919-4480-8243-d4c8b4d262b6', '0547466703', 150,CURRENT_TIMESTAMP(), CURRENT_TIMESTAMP());
INSERT INTO member_premiums(member_premium_sk, premium_span_sk, member_sk, exchange_member_id, individual_premium_amount, created_date, updated_date) VALUES ('9480446f-e0e3-4d11-b5c3-9870dccadc96', '7c9ea538-f2bc-4849-917c-4595fba5a4b4', 'beecf9e2-3137-40a5-823b-73b029e45fa2', '0547466704', 100,CURRENT_TIMESTAMP(), CURRENT_TIMESTAMP());


/***************************************************************************************************************************************************************************************************************************************/

/************************************************* ACCOUNT MATCH TEST DATA **********************************************************/

/***************************************************************************************************************************************************************************************************************************************/

/** Tim David Account details **/
/** Test Case Id: ZEUS-MMS-ACCT-MATCH-01 **/
INSERT INTO account(account_sk, acct_number, line_of_business_type_code, ztcn, source, created_date, updated_date) VALUES ('f20e80fd-cb99-4f95-a51d-154e092237cf','XTL6NWIUL837V3M','HIX', 'CS4RLQWPD7SYWV4', 'MARKETPLACE',CURRENT_TIMESTAMP(), CURRENT_TIMESTAMP());

INSERT INTO member(member_sk, account_sk, member_code, first_name, middle_name, last_name, relationship_type_code, date_of_birth, gender_type_code, height, weight, ztcn, source, created_date, updated_date) VALUES ('d6a2919f-01e3-4d34-9e40-9805bff8f7dd','f20e80fd-cb99-4f95-a51d-154e092237cf','OKK5PBS99F4RDWQ','Tim', 'B', 'David','HOH','1993-03-16 00:00:00','MALE',5.8,155.6, 'CS4RLQWPD7SYWV4', 'MARKETPLACE',CURRENT_TIMESTAMP(), CURRENT_TIMESTAMP());

INSERT INTO member_address(member_address_sk, member_address_code, member_sk, address_type_code, address_line_1, address_line_2, city, state_type_code, fips_code, zip_code, ztcn, source, start_date, end_date, created_date, updated_date) VALUES ('d74aaa1b-5c98-417f-9fbd-33b71551d6c0', 'TTYKA4J1X1ZC7Z9', 'd6a2919f-01e3-4d34-9e40-9805bff8f7dd', 'RESIDENCE', '14532 Rangeland Blvd', null, 'Odessa', 'FL', '12101', '33556', 'CS4RLQWPD7SYWV4', 'MARKETPLACE', '2021-12-15 00:00:00', null, CURRENT_TIMESTAMP(), CURRENT_TIMESTAMP());
INSERT INTO member_address(member_address_sk, member_address_code, member_sk, address_type_code, address_line_1, address_line_2, city, state_type_code, fips_code, zip_code, ztcn, source, start_date, end_date, created_date, updated_date) VALUES ('747890e7-ecc3-40a7-b924-8881d3e45b3a', '8RGL0DL1RP55F1J', 'd6a2919f-01e3-4d34-9e40-9805bff8f7dd', 'MAIL', 'P.O Box 53235', null, 'Odessa', 'FL', '12101', '33556', 'CS4RLQWPD7SYWV4', 'MARKETPLACE', '2021-12-15 00:00:00', null, CURRENT_TIMESTAMP(), CURRENT_TIMESTAMP());

INSERT INTO member_phone(member_phone_sk, member_phone_code, member_sk, phone_type_code, phone_number, ztcn, source, start_date, end_date, created_date, updated_date) VALUES ('74851c17-e557-4b69-81c2-330ff87da4e5', 'D7J8826IDMDQWUH', 'd6a2919f-01e3-4d34-9e40-9805bff8f7dd','MOBILE', '813-357-9154', 'CS4RLQWPD7SYWV4', 'MARKETPLACE', '2021-12-15 00:00:00', null, CURRENT_TIMESTAMP(), CURRENT_TIMESTAMP());

INSERT INTO member_email(member_email_sk, member_email_code, member_sk, email_type_code, email, is_primary, ztcn, source, start_date, end_date, created_date, updated_date) VALUES ('adad436a-b690-4385-a6b4-a78d176a3788', 'R33VCP7PX1S3178', 'd6a2919f-01e3-4d34-9e40-9805bff8f7dd', 'PERSONAL', 'david316@gmail.com', true, 'CS4RLQWPD7SYWV4', 'MARKETPLACE', '2021-12-15 00:00:00', null, CURRENT_TIMESTAMP(), CURRENT_TIMESTAMP());
INSERT INTO member_email(member_email_sk, member_email_code, member_sk, email_type_code, email, is_primary, ztcn, source, start_date, end_date, created_date, updated_date) VALUES ('8daf9854-0ab2-4f0d-8c60-4f01830fea53', 'EU4XS3ZR275NM9E', 'd6a2919f-01e3-4d34-9e40-9805bff8f7dd', 'WORK', 'tim.david@wellcare.com', false, null, 'ZEUS-UI', '2021-12-15 00:00:00', null, CURRENT_TIMESTAMP(), CURRENT_TIMESTAMP());

INSERT INTO member_language(member_language_sk, member_language_code, member_sk, language_type_code, language_code, ztcn, source, start_date, end_date, created_date, updated_date) VALUES ('79630251-ad88-462b-874f-a20fac8924df', 'QH94L277N7ZC9H0', 'd6a2919f-01e3-4d34-9e40-9805bff8f7dd', 'SPOKEN', 'ENG', 'CS4RLQWPD7SYWV4', 'MARKETPLACE', '2021-12-15 00:00:00', null, CURRENT_TIMESTAMP(), CURRENT_TIMESTAMP());
INSERT INTO member_language(member_language_sk, member_language_code, member_sk, language_type_code, language_code, ztcn, source, start_date, end_date, created_date, updated_date) VALUES ('3f76d314-c3f2-4c54-b7f4-1c3d24d93c10', 'RIJ3L2GVQQOWXEB', 'd6a2919f-01e3-4d34-9e40-9805bff8f7dd', 'WRITTEN', 'SPA', 'CS4RLQWPD7SYWV4', 'MARKETPLACE', '2021-12-15 00:00:00', null, CURRENT_TIMESTAMP(), CURRENT_TIMESTAMP());

INSERT INTO member_identifier(member_identifier_sk, member_identifier_code, member_sk, identifier_type_code, identifier_value, is_active, ztcn, source, created_date, updated_date) VALUES ('58049e43-2569-48a4-b3d9-2fefcc3b3bcf', 'R5J9YXJWBB6FKMC', 'd6a2919f-01e3-4d34-9e40-9805bff8f7dd', 'SSN', '875-34-7537', true, 'CS4RLQWPD7SYWV4', 'MARKETPLACE', CURRENT_TIMESTAMP(), CURRENT_TIMESTAMP());

INSERT INTO enrollment_span(enrlmnt_span_sk, enrollment_span_code, account_sk, state_type_code, marketplace_type_code, business_unit_type_code, enrollment_type, coverage_type_code, start_date, end_date, exchange_subscriber_id, plan_id, group_policy_id, product_type_code, effectuation_date, status_type_code, effective_reason, term_reason, ztcn, source, delinq_ind, created_date, updated_date) VALUES ('0fa5f397-ea69-4ee5-a7aa-8d1a51f1aa08', '6EOU5OI7JJDDDUH', 'f20e80fd-cb99-4f95-a51d-154e092237cf', 'FL', 'FFM', 'MP_FL', 'ACTIVE', 'FAM', '2023-01-01 00:00:00', '2023-12-31 00:00:00','245247393','89355FL0234597', '63456387','HMO','2022-10-01 00:00:00','ENROLLED','MBS',null,'CS4RLQWPD7SYWV4', 'MARKETPLACE', false, CURRENT_TIMESTAMP(),CURRENT_TIMESTAMP());

INSERT INTO premium_span(premium_span_sk, premium_span_code, ztcn, source, enrollment_span_sk, start_date, end_date, status_type_code, sequence, csr_variant, total_prem_amt, total_resp_amt, aptc_amt, other_pay_amt, csr_amt, created_Date, updated_date) VALUES ('a199e7c1-341e-4263-a3cf-795c9ae9cbc8', 'UXEA723XJT35095', 'CS4RLQWPD7SYWV4', 'MARKETPLACE', '0fa5f397-ea69-4ee5-a7aa-8d1a51f1aa08', '2023-01-01 00:00:00', '2023-06-30 00:00:00', 'ACTIVE', 1, '03', 150, 100, 50, 0, 10, CURRENT_TIMESTAMP(),CURRENT_TIMESTAMP());
INSERT INTO premium_span(premium_span_sk, premium_span_code, ztcn, source, enrollment_span_sk, start_date, end_date, status_type_code, sequence, csr_variant, total_prem_amt, total_resp_amt, aptc_amt, other_pay_amt, csr_amt, created_Date, updated_date) VALUES ('bda4a6ec-b702-48b9-95d1-56f0eaf1ee39', '484YGW20QYN2LZO', '6KZACZ1ZCNTH0IC', 'MARKETPLACE', '0fa5f397-ea69-4ee5-a7aa-8d1a51f1aa08', '2023-07-01 00:00:00', '2023-12-31 00:00:00', 'ACTIVE', 2, '03', 150, 150, 0, 0, 20, CURRENT_TIMESTAMP(),CURRENT_TIMESTAMP());

INSERT INTO member_premiums(member_premium_sk, premium_span_sk, member_sk, exchange_member_id, individual_premium_amount, created_date, updated_date) VALUES ('8e499dfa-20fa-4ec1-aaf3-aeaa873be81b', 'a199e7c1-341e-4263-a3cf-795c9ae9cbc8', 'd6a2919f-01e3-4d34-9e40-9805bff8f7dd', '24524739301', 150, CURRENT_TIMESTAMP(), CURRENT_TIMESTAMP());
INSERT INTO member_premiums(member_premium_sk, premium_span_sk, member_sk, exchange_member_id, individual_premium_amount, created_date, updated_date) VALUES ('5456b986-75ab-4ac2-9db2-5d25f3509648', 'bda4a6ec-b702-48b9-95d1-56f0eaf1ee39', 'd6a2919f-01e3-4d34-9e40-9805bff8f7dd', '24524739301', 150, CURRENT_TIMESTAMP(), CURRENT_TIMESTAMP());

/** Mark Wood Account details **/
/** Test Case Id: ZEUS-MMS-ACCT-MATCH-02 **/
INSERT INTO account(account_sk, acct_number, line_of_business_type_code, ztcn, source, created_date, updated_date) VALUES ('1bd4c559-b463-4b13-a9b7-9cdbd52d5cba','SW0M8ZIB6F95U06','HIX', '3OTWU8VCIN9OPPW','MARKETPLACE',CURRENT_TIMESTAMP(), CURRENT_TIMESTAMP());

INSERT INTO member(member_sk, account_sk, member_code, first_name, middle_name, last_name, relationship_type_code, date_of_birth, gender_type_code, height, weight, ztcn, source, created_date, updated_date) VALUES ('aeee653b-1edf-41ca-9ce8-364e4143fc42','1bd4c559-b463-4b13-a9b7-9cdbd52d5cba','CH9LC40W5X76PJ7','Mark', 'T', 'Wood','HOH','1991-04-23 00:00:00','MALE',5.5,200.3, '3OTWU8VCIN9OPPW','MARKETPLACE',CURRENT_TIMESTAMP(), CURRENT_TIMESTAMP());

INSERT INTO member_address(member_address_sk, member_address_code, member_sk, address_type_code, address_line_1, address_line_2, city, state_type_code, fips_code, zip_code, ztcn, source, start_date, end_date, created_date, updated_date) VALUES ('ca708cce-c342-49a1-9a93-5c79ebf19e4a', '8XNNZPU1Y2PCLTH', 'aeee653b-1edf-41ca-9ce8-364e4143fc42', 'RESIDENCE', '42353 Courtney Street', null, 'Salem', 'MA', '25009', '01915', '3OTWU8VCIN9OPPW','MARKETPLACE', '2021-12-15 00:00:00', null, CURRENT_TIMESTAMP(), CURRENT_TIMESTAMP());
INSERT INTO member_address(member_address_sk, member_address_code, member_sk, address_type_code, address_line_1, address_line_2, city, state_type_code, fips_code, zip_code, ztcn, source, start_date, end_date, created_date, updated_date) VALUES ('8599e655-65fc-44e0-8361-44984c67241a', 'B04DCB2KSSYHGU2', 'aeee653b-1edf-41ca-9ce8-364e4143fc42', 'MAIL', 'P.O Box 73453', null, 'Salem', 'MA', '25009', '01915', '3OTWU8VCIN9OPPW','MARKETPLACE', '2021-12-15 00:00:00', null, CURRENT_TIMESTAMP(), CURRENT_TIMESTAMP());

INSERT INTO member_phone(member_phone_sk, member_phone_code, member_sk, phone_type_code, phone_number, ztcn, source, start_date, end_date, created_date, updated_date) VALUES ('fdf379f8-ef9c-4f44-ac6e-c52d24816717', '5GME4N2HMJCK9T0', 'aeee653b-1edf-41ca-9ce8-364e4143fc42','MOBILE', '813-357-9155', '3OTWU8VCIN9OPPW','MARKETPLACE', '2021-12-15 00:00:00', null, CURRENT_TIMESTAMP(), CURRENT_TIMESTAMP());

INSERT INTO member_email(member_email_sk, member_email_code, member_sk, email_type_code, email, is_primary, ztcn, source, start_date, end_date, created_date, updated_date) VALUES ('143afed7-4d05-4eba-a110-ccc34b7e793e', 'OP7PNA02GXD6RLL', 'aeee653b-1edf-41ca-9ce8-364e4143fc42', 'PERSONAL', 'wood423@gmail.com', true, '3OTWU8VCIN9OPPW','MARKETPLACE', '2021-12-15 00:00:00', null, CURRENT_TIMESTAMP(), CURRENT_TIMESTAMP());
INSERT INTO member_email(member_email_sk, member_email_code, member_sk, email_type_code, email, is_primary, ztcn, source, start_date, end_date, created_date, updated_date) VALUES ('96be5883-eccb-4d1c-aa31-1d40955bd3a9', 'L23N0598RLCNE4T', 'aeee653b-1edf-41ca-9ce8-364e4143fc42', 'WORK', 'mark.wood@wellcare.com', false, null,'ZEUS-UI', '2021-12-15 00:00:00', null, CURRENT_TIMESTAMP(), CURRENT_TIMESTAMP());

INSERT INTO member_language(member_language_sk, member_language_code, member_sk, language_type_code, language_code, ztcn, source, start_date, end_date, created_date, updated_date) VALUES ('22e0581f-8e7d-4e04-ab59-ada42c2585d5', 'L96GBMZ6NNU11OP', 'aeee653b-1edf-41ca-9ce8-364e4143fc42', 'SPOKEN', 'ENG', '3OTWU8VCIN9OPPW','MARKETPLACE', '2021-12-15 00:00:00', null, CURRENT_TIMESTAMP(), CURRENT_TIMESTAMP());
INSERT INTO member_language(member_language_sk, member_language_code, member_sk, language_type_code, language_code, ztcn, source, start_date, end_date, created_date, updated_date) VALUES ('76943201-d0c8-407b-9188-cbd19bf3f406', '22UQZSZAEQEM63C', 'aeee653b-1edf-41ca-9ce8-364e4143fc42', 'WRITTEN', 'SPA', '3OTWU8VCIN9OPPW','MARKETPLACE', '2021-12-15 00:00:00', null, CURRENT_TIMESTAMP(), CURRENT_TIMESTAMP());

INSERT INTO member_identifier(member_identifier_sk, member_identifier_code, member_sk, identifier_type_code, identifier_value, is_active, ztcn, source, created_date, updated_date) VALUES ('f6566f01-de50-4fdc-936b-3572a6a44918', 'ZPXSJQ62XQ57983', 'aeee653b-1edf-41ca-9ce8-364e4143fc42', 'SSN', '956-49-9375', true, '3OTWU8VCIN9OPPW','MARKETPLACE', CURRENT_TIMESTAMP(), CURRENT_TIMESTAMP());

INSERT INTO enrollment_span(enrlmnt_span_sk, enrollment_span_code, account_sk, state_type_code, marketplace_type_code, business_unit_type_code, enrollment_type, coverage_type_code, start_date, end_date, exchange_subscriber_id, plan_id, group_policy_id, product_type_code, effectuation_date, status_type_code, effective_reason, term_reason, ztcn, source, delinq_ind, created_date, updated_date) VALUES ('3883ffe2-de9c-41a9-9d88-da96b13ac0fb', 'K1WD1ASYJ8R2V9H', '1bd4c559-b463-4b13-a9b7-9cdbd52d5cba', 'MA', 'SBE', 'MP_MA', 'ACTIVE', 'FAM', '2023-01-01 00:00:00', '2023-12-31 00:00:00','427434667','98323MA753636', '83345235','HMO','2022-10-01 00:00:00','ENROLLED','MBS',null,'3OTWU8VCIN9OPPW','MARKETPLACE', false, CURRENT_TIMESTAMP(),CURRENT_TIMESTAMP());

INSERT INTO premium_span(premium_span_sk, premium_span_code, ztcn, source, enrollment_span_sk, start_date, end_date, status_type_code, sequence, csr_variant, total_prem_amt, total_resp_amt, aptc_amt, other_pay_amt, csr_amt, created_Date, updated_date) VALUES ('494abda5-dc60-4440-8122-9fedd8480fa5', 'Q8REET6URORJXHZ', '3OTWU8VCIN9OPPW','MARKETPLACE', '3883ffe2-de9c-41a9-9d88-da96b13ac0fb', '2023-01-01 00:00:00', '2023-07-31 00:00:00', 'ACTIVE', 1, '03', 200, 150, 50, 0, 10, CURRENT_TIMESTAMP(),CURRENT_TIMESTAMP());
INSERT INTO premium_span(premium_span_sk, premium_span_code, ztcn, source, enrollment_span_sk, start_date, end_date, status_type_code, sequence, csr_variant, total_prem_amt, total_resp_amt, aptc_amt, other_pay_amt, csr_amt, created_Date, updated_date) VALUES ('462d3dcc-3d92-47e1-b098-626ecbb21df3', 'IW52JIALWDFCUS5', 'YUAKS9A5ALCIJQP','MARKETPLACE', '3883ffe2-de9c-41a9-9d88-da96b13ac0fb', '2023-08-01 00:00:00', '2023-12-31 00:00:00', 'ACTIVE', 2, '03', 200, 125, 75, 0, 20, CURRENT_TIMESTAMP(),CURRENT_TIMESTAMP());

INSERT INTO member_premiums(member_premium_sk, premium_span_sk, member_sk, exchange_member_id, individual_premium_amount, created_date, updated_date) VALUES ('617074ab-ae7d-4b15-8556-3654b998cb55', '494abda5-dc60-4440-8122-9fedd8480fa5', 'aeee653b-1edf-41ca-9ce8-364e4143fc42', '42743466701', 200, CURRENT_TIMESTAMP(), CURRENT_TIMESTAMP());
INSERT INTO member_premiums(member_premium_sk, premium_span_sk, member_sk, exchange_member_id, individual_premium_amount, created_date, updated_date) VALUES ('b036046e-3bb5-4b93-a9cd-04cb4ff47942', '462d3dcc-3d92-47e1-b098-626ecbb21df3', 'aeee653b-1edf-41ca-9ce8-364e4143fc42', '42743466701', 200,CURRENT_TIMESTAMP(), CURRENT_TIMESTAMP());

/** Lincoln King Account details **/
/** Test Case Id: ZEUS-MMS-ACCT-MATCH-03 **/
/** Test Case Description: Match account using the SSN of the primary subscriber **/

INSERT INTO account(account_sk, acct_number, line_of_business_type_code, ztcn, source, created_date, updated_date) VALUES ('bd6fff28-cad7-475f-b082-aa440924e549','K0S0NELOTEFHPDG','HIX','Q811JNQWPP6SH94', 'MARKETPLACE',CURRENT_TIMESTAMP(), CURRENT_TIMESTAMP());

INSERT INTO member(member_sk, account_sk, member_code, first_name, middle_name, last_name, relationship_type_code, date_of_birth, gender_type_code, height, weight, ztcn, source, created_date, updated_date) VALUES ('e3336592-1435-40f2-8153-04262e3d1cba','bd6fff28-cad7-475f-b082-aa440924e549','J3YOBZTMZGGNIK1','Lincoln', 'J', 'King','HOH','1974-08-21 00:00:00','MALE',5.4,178.6,'Q811JNQWPP6SH94', 'MARKETPLACE',CURRENT_TIMESTAMP(), CURRENT_TIMESTAMP());

INSERT INTO member_address(member_address_sk, member_address_code, member_sk, address_type_code, address_line_1, address_line_2, city, state_type_code, fips_code, zip_code, ztcn, source, start_date, end_date, created_date, updated_date) VALUES ('e63af544-b3df-42a3-bcef-7c38f6fe560f', 'Z5ZXIE3ASNZIZ1P', 'e3336592-1435-40f2-8153-04262e3d1cba', 'RESIDENCE', '6736 Ridge Plains Blvd', null, 'Odessa', 'FL', '12101', '33556','Q811JNQWPP6SH94', 'MARKETPLACE', '2021-12-15 00:00:00', null, CURRENT_TIMESTAMP(), CURRENT_TIMESTAMP());
INSERT INTO member_address(member_address_sk, member_address_code, member_sk, address_type_code, address_line_1, address_line_2, city, state_type_code, fips_code, zip_code, ztcn, source, start_date, end_date, created_date, updated_date) VALUES ('97e90147-dfa0-4126-bc2c-301d894bad00', '54VYK6MAQCQPNWZ', 'e3336592-1435-40f2-8153-04262e3d1cba', 'MAIL', 'P.O Box 62556', null, 'Odessa', 'FL', '12101', '33556','Q811JNQWPP6SH94', 'MARKETPLACE', '2021-12-15 00:00:00', null, CURRENT_TIMESTAMP(), CURRENT_TIMESTAMP());

INSERT INTO member_phone(member_phone_sk, member_phone_code, member_sk, phone_type_code, phone_number, ztcn, source, start_date, end_date, created_date, updated_date) VALUES ('7189a642-4387-481c-a35d-ec2f4f76ce0b', 'MYYQWARXKQ5J06B', 'e3336592-1435-40f2-8153-04262e3d1cba','MOBILE', '813-357-9161','Q811JNQWPP6SH94', 'MARKETPLACE', '2021-12-15 00:00:00', null, CURRENT_TIMESTAMP(), CURRENT_TIMESTAMP());

INSERT INTO member_email(member_email_sk, member_email_code, member_sk, email_type_code, email, is_primary, ztcn, source, start_date, end_date, created_date, updated_date) VALUES ('7b76a24a-2333-4ad8-bf80-2d7d6d12f7a0', 'FR50Q9MCK9IMFJ7', 'e3336592-1435-40f2-8153-04262e3d1cba', 'PERSONAL', 'lking@gmail.com', true,'Q811JNQWPP6SH94', 'MARKETPLACE', '2021-12-15 00:00:00', null, CURRENT_TIMESTAMP(), CURRENT_TIMESTAMP());
INSERT INTO member_email(member_email_sk, member_email_code, member_sk, email_type_code, email, is_primary, ztcn, source, start_date, end_date, created_date, updated_date) VALUES ('103f1b8d-44b6-4801-90a1-c265610ce902', '8GB889276VTNAPZ', 'e3336592-1435-40f2-8153-04262e3d1cba', 'WORK', 'lincoln.king@wellcare.com', false,null, 'ZEUS-UI', '2021-12-15 00:00:00', null, CURRENT_TIMESTAMP(), CURRENT_TIMESTAMP());

INSERT INTO member_language(member_language_sk, member_language_code, member_sk, language_type_code, language_code, ztcn, source, start_date, end_date, created_date, updated_date) VALUES ('25f035b0-2fec-4067-9f13-0257b4a126b6', '87IUE173Y66MTBL', 'e3336592-1435-40f2-8153-04262e3d1cba', 'SPOKEN', 'ENG','Q811JNQWPP6SH94', 'MARKETPLACE', '2021-12-15 00:00:00', null, CURRENT_TIMESTAMP(), CURRENT_TIMESTAMP());
INSERT INTO member_language(member_language_sk, member_language_code, member_sk, language_type_code, language_code, ztcn, source, start_date, end_date, created_date, updated_date) VALUES ('66893302-196b-4cf3-b116-35ed994e6175', 'OEBRG2KCHAD26WB', 'e3336592-1435-40f2-8153-04262e3d1cba', 'WRITTEN', 'SPA','Q811JNQWPP6SH94', 'MARKETPLACE', '2021-12-15 00:00:00', null, CURRENT_TIMESTAMP(), CURRENT_TIMESTAMP());

INSERT INTO member_identifier(member_identifier_sk, member_identifier_code, member_sk, identifier_type_code, identifier_value, is_active, ztcn, source, created_date, updated_date) VALUES ('6e65a5b8-693a-4f56-90c9-91327e915588', '8WDC5HWNMDH5P7R', 'e3336592-1435-40f2-8153-04262e3d1cba', 'SSN', '834-62-6746', true,'Q811JNQWPP6SH94', 'MARKETPLACE', CURRENT_TIMESTAMP(), CURRENT_TIMESTAMP());

INSERT INTO enrollment_span(enrlmnt_span_sk, enrollment_span_code, account_sk, state_type_code, marketplace_type_code, business_unit_type_code, enrollment_type, coverage_type_code, start_date, end_date, exchange_subscriber_id, plan_id, group_policy_id, product_type_code, effectuation_date, status_type_code, effective_reason, term_reason, ztcn, source, delinq_ind, created_date, updated_date) VALUES ('33c2bd6e-458a-4100-adb5-b591502e8c0d', 'AZVLRLJ8YB96N3H', 'bd6fff28-cad7-475f-b082-aa440924e549', 'FL', 'FFM', 'MP_FL', 'ACTIVE', 'FAM', '2023-01-01 00:00:00', '2023-12-31 00:00:00','955747647','89355FL0234597', '73467573','HMO','2022-10-01 00:00:00','ENROLLED','MBS',null,'Q811JNQWPP6SH94', 'MARKETPLACE', false, CURRENT_TIMESTAMP(),CURRENT_TIMESTAMP());

INSERT INTO premium_span(premium_span_sk, premium_span_code, ztcn, source, enrollment_span_sk, start_date, end_date, status_type_code, sequence, csr_variant, total_prem_amt, total_resp_amt, aptc_amt, other_pay_amt, csr_amt, created_Date, updated_date) VALUES ('533de075-451a-48c7-92a4-afdee2f6b5d4', 'JZMK2P2PDH3JB1P', 'Q811JNQWPP6SH94', 'MARKETPLACE', '33c2bd6e-458a-4100-adb5-b591502e8c0d', '2023-01-01 00:00:00', '2023-06-30 00:00:00', 'ACTIVE', 1, '03', 150, 100, 50, 0, 10, CURRENT_TIMESTAMP(),CURRENT_TIMESTAMP());
INSERT INTO premium_span(premium_span_sk, premium_span_code, ztcn, source, enrollment_span_sk, start_date, end_date, status_type_code, sequence, csr_variant, total_prem_amt, total_resp_amt, aptc_amt, other_pay_amt, csr_amt, created_Date, updated_date) VALUES ('6a634063-9628-4556-97ff-7a97333ad009', 'ZHOOHJZTH4G7GKZ', 'FAXE0US7NPUYLDN', 'MARKETPLACE', '33c2bd6e-458a-4100-adb5-b591502e8c0d', '2023-07-01 00:00:00', '2023-12-31 00:00:00', 'ACTIVE', 2, '03', 150, 150, 0, 0, 20, CURRENT_TIMESTAMP(),CURRENT_TIMESTAMP());

INSERT INTO member_premiums(member_premium_sk, premium_span_sk, member_sk, exchange_member_id, individual_premium_amount, created_date, updated_date) VALUES ('53b4259f-594a-4ce4-9b1d-c3696d727f5a', '533de075-451a-48c7-92a4-afdee2f6b5d4', 'e3336592-1435-40f2-8153-04262e3d1cba', '95574764701', 150, CURRENT_TIMESTAMP(), CURRENT_TIMESTAMP());
INSERT INTO member_premiums(member_premium_sk, premium_span_sk, member_sk, exchange_member_id, individual_premium_amount, created_date, updated_date) VALUES ('a9cd6c89-cc9c-4c53-b29d-f33f71009f8a', '6a634063-9628-4556-97ff-7a97333ad009', 'e3336592-1435-40f2-8153-04262e3d1cba', '95574764701', 150, CURRENT_TIMESTAMP(), CURRENT_TIMESTAMP());

/** Ryan Baker Account details **/
/** Test Case Id: ZEUS-MMS-ACCT-MATCH-04 **/
/** Test Case Description: Match account using the first name, last name, gender and date of birth of the primary subscriber **/

INSERT INTO account(account_sk, acct_number, line_of_business_type_code, ztcn, source, created_date, updated_date) VALUES ('a9823b71-e48c-4ad2-9c80-d2998219b7a9','HWQ0W5QJ5X1VV0W','HIX','21D79B066V1CBPO', 'MARKETPLACE', CURRENT_TIMESTAMP(), CURRENT_TIMESTAMP());

INSERT INTO member(member_sk, account_sk, member_code, first_name, middle_name, last_name, relationship_type_code, date_of_birth, gender_type_code, height, weight, ztcn, source, created_date, updated_date) VALUES ('4124d9bc-449b-4726-a327-5ec6e8a24963','a9823b71-e48c-4ad2-9c80-d2998219b7a9','D643R689ER27R3O','Ryan', 'T', 'Baker','HOH','1975-10-14 00:00:00','MALE',5.9,175.4,'21D79B066V1CBPO', 'MARKETPLACE',CURRENT_TIMESTAMP(), CURRENT_TIMESTAMP());

INSERT INTO member_address(member_address_sk, member_address_code, member_sk, address_type_code, address_line_1, address_line_2, city, state_type_code, fips_code, zip_code, ztcn, source, start_date, end_date, created_date, updated_date) VALUES ('03dead91-8de6-4369-bc50-a38eb1a2e6c1', 'VITQ09O5LT9E8QB', '4124d9bc-449b-4726-a327-5ec6e8a24963', 'RESIDENCE', '7364 Hillsborough Avenue', null, 'Tampa', 'FL', '12057', '33626','21D79B066V1CBPO', 'MARKETPLACE', '2021-12-15 00:00:00', null, CURRENT_TIMESTAMP(), CURRENT_TIMESTAMP());
INSERT INTO member_address(member_address_sk, member_address_code, member_sk, address_type_code, address_line_1, address_line_2, city, state_type_code, fips_code, zip_code, ztcn, source, start_date, end_date, created_date, updated_date) VALUES ('073c5a5f-1972-41a1-9c44-68df828002f8', 'NQ5Q2JNHOZRZAHU', '4124d9bc-449b-4726-a327-5ec6e8a24963', 'MAIL', 'P.O Box 73465', null, 'Tampa', 'FL', '12057', '33626','21D79B066V1CBPO', 'MARKETPLACE', '2021-12-15 00:00:00', null, CURRENT_TIMESTAMP(), CURRENT_TIMESTAMP());

INSERT INTO member_phone(member_phone_sk, member_phone_code, member_sk, phone_type_code, phone_number, ztcn, source, start_date, end_date, created_date, updated_date) VALUES ('3d05dec9-2a9a-4d65-aa97-e32a59838232', 'X8SF8VEXRVYFPWU', '4124d9bc-449b-4726-a327-5ec6e8a24963','MOBILE', '813-357-9162','21D79B066V1CBPO', 'MARKETPLACE', '2021-12-15 00:00:00', null, CURRENT_TIMESTAMP(), CURRENT_TIMESTAMP());

INSERT INTO member_email(member_email_sk, member_email_code, member_sk, email_type_code, email, is_primary, ztcn, source, start_date, end_date, created_date, updated_date) VALUES ('36031b64-8702-4876-b02b-856666736230', 'DMQNYV4AEZKIBU2', '4124d9bc-449b-4726-a327-5ec6e8a24963', 'PERSONAL', 'rbaker@gmail.com', true,'21D79B066V1CBPO', 'MARKETPLACE', '2021-12-15 00:00:00', null, CURRENT_TIMESTAMP(), CURRENT_TIMESTAMP());
INSERT INTO member_email(member_email_sk, member_email_code, member_sk, email_type_code, email, is_primary, ztcn, source, start_date, end_date, created_date, updated_date) VALUES ('c0e962fe-ed03-4688-bf15-c6cadf4f1318', 'OHAW4V9GH6XE061', '4124d9bc-449b-4726-a327-5ec6e8a24963', 'WORK', 'ryan.baker@wellcare.com', false,null, 'ZEUS-UI', '2021-12-15 00:00:00', null, CURRENT_TIMESTAMP(), CURRENT_TIMESTAMP());

INSERT INTO member_language(member_language_sk, member_language_code, member_sk, language_type_code, language_code, ztcn, source, start_date, end_date, created_date, updated_date) VALUES ('a455b815-c742-476d-8b8f-869e07d2ff23', '3O9UVXTWALNQHWD', '4124d9bc-449b-4726-a327-5ec6e8a24963', 'SPOKEN', 'ENG','21D79B066V1CBPO', 'MARKETPLACE', '2021-12-15 00:00:00', null, CURRENT_TIMESTAMP(), CURRENT_TIMESTAMP());
INSERT INTO member_language(member_language_sk, member_language_code, member_sk, language_type_code, language_code, ztcn, source, start_date, end_date, created_date, updated_date) VALUES ('ba164be2-4cf9-45b8-a75a-1c925fef00a0', 'MFEQNSBTTUYA1OD', '4124d9bc-449b-4726-a327-5ec6e8a24963', 'WRITTEN', 'SPA','21D79B066V1CBPO', 'MARKETPLACE', '2021-12-15 00:00:00', null, CURRENT_TIMESTAMP(), CURRENT_TIMESTAMP());

INSERT INTO member_identifier(member_identifier_sk, member_identifier_code, member_sk, identifier_type_code, identifier_value, is_active, ztcn, source, created_date, updated_date) VALUES ('54b84a87-3ef3-4a14-adb8-2931c5069692', '813KJNACDM9S3PW', '4124d9bc-449b-4726-a327-5ec6e8a24963', 'SSN', '636-73-7456', false,'21D79B066V1CBPO', 'MARKETPLACE', CURRENT_TIMESTAMP(), CURRENT_TIMESTAMP());

INSERT INTO enrollment_span(enrlmnt_span_sk, enrollment_span_code, account_sk, state_type_code, marketplace_type_code, business_unit_type_code, enrollment_type, coverage_type_code, start_date, end_date, exchange_subscriber_id, plan_id, group_policy_id, product_type_code, effectuation_date, status_type_code, effective_reason, term_reason, ztcn, source, delinq_ind, created_date, updated_date) VALUES ('708c3ceb-10f2-470d-96e2-9a0d52479f7a', 'RP7ZOZSFSJXSHT9', 'a9823b71-e48c-4ad2-9c80-d2998219b7a9', 'FL', 'FFM', 'MP_FL', 'ACTIVE', 'FAM', '2023-01-01 00:00:00', '2023-12-31 00:00:00','673585836','89355FL0234597', '63456387','HMO','2022-10-01 00:00:00','ENROLLED','MBS',null,'21D79B066V1CBPO', 'MARKETPLACE', false, CURRENT_TIMESTAMP(),CURRENT_TIMESTAMP());

INSERT INTO premium_span(premium_span_sk, premium_span_code, ztcn, source, enrollment_span_sk, start_date, end_date, status_type_code, sequence, csr_variant, total_prem_amt, total_resp_amt, aptc_amt, other_pay_amt, csr_amt, created_Date, updated_date) VALUES ('3a95613d-b9f5-4c19-99ef-484aa4a3cb34', 'YHBF0BI2393JYBM', '21D79B066V1CBPO', 'MARKETPLACE', '708c3ceb-10f2-470d-96e2-9a0d52479f7a', '2023-01-01 00:00:00', '2023-06-30 00:00:00', 'ACTIVE', 1, '03', 150, 100, 50, 0, 10, CURRENT_TIMESTAMP(),CURRENT_TIMESTAMP());
INSERT INTO premium_span(premium_span_sk, premium_span_code, ztcn, source, enrollment_span_sk, start_date, end_date, status_type_code, sequence, csr_variant, total_prem_amt, total_resp_amt, aptc_amt, other_pay_amt, csr_amt, created_Date, updated_date) VALUES ('4a73f039-4dde-487a-9928-502498e74edc', 'G7VSAP4XB30LVYT', 'PU0EL7734JJF5J5', 'MARKETPLACE', '708c3ceb-10f2-470d-96e2-9a0d52479f7a', '2023-07-01 00:00:00', '2023-12-31 00:00:00', 'ACTIVE', 2, '03', 150, 150, 0, 0, 20, CURRENT_TIMESTAMP(),CURRENT_TIMESTAMP());

INSERT INTO member_premiums(member_premium_sk, premium_span_sk, member_sk, exchange_member_id, individual_premium_amount, created_date, updated_date) VALUES ('c217bc88-7144-4a08-b596-2610d8133809', '3a95613d-b9f5-4c19-99ef-484aa4a3cb34', '4124d9bc-449b-4726-a327-5ec6e8a24963', '67358583601', 150, CURRENT_TIMESTAMP(), CURRENT_TIMESTAMP());
INSERT INTO member_premiums(member_premium_sk, premium_span_sk, member_sk, exchange_member_id, individual_premium_amount, created_date, updated_date) VALUES ('57b1d87b-7f5a-4ba8-aa50-8f905715d532', '4a73f039-4dde-487a-9928-502498e74edc', '4124d9bc-449b-4726-a327-5ec6e8a24963', '67358583601', 150, CURRENT_TIMESTAMP(), CURRENT_TIMESTAMP());

