/** Balaji Varadharajan Account details **/
INSERT INTO membermgmtdb.account(account_sk, acct_number, line_of_business_type_code, created_date, updated_date) VALUES ('e29f6d8d-51c8-4259-b789-1aac0e5fcfe7','5LOQKYBP1NQX17E','HIX',sysdate(), sysdate());

INSERT INTO membermgmtdb.member(member_sk, account_sk, member_code, first_name, middle_name, last_name, relationship_type_code, date_of_birth, gender_type_code, height, weight, created_date, updated_date) VALUES ('1817da35-c65d-469d-a7ce-d6eb1569ffe9','e29f6d8d-51c8-4259-b789-1aac0e5fcfe7','G8RKJY77IYPBYXU','Balaji', 'M', 'Varadharajan','HOH','1983-05-21 00:00:00','MALE',5.8,155.6,SYSDATE(), sysdate());

INSERT INTO membermgmtdb.member_address(member_address_sk, member_address_code, member_sk, address_type_code, address_line_1, address_line_2, city, state_type_code, zip_code, start_date, end_date, created_date, updated_date) VALUES ('4c5c3b7c-0950-49e8-b483-72fca0f428f2', 'HP86QL1UWE0UAKZ', '1817da35-c65d-469d-a7ce-d6eb1569ffe9', 'RES', '13377 Batten Lane', null, 'Odessa', 'FL', '33556', '2021-12-15 00:00:00', null, SYSDATE(), SYSDATE());
INSERT INTO membermgmtdb.member_address(member_address_sk, member_address_code, member_sk, address_type_code, address_line_1, address_line_2, city, state_type_code, zip_code, start_date, end_date, created_date, updated_date) VALUES ('a0e9af18-f109-4a9c-bba3-e7824cf99616', 'L89ZMCJ50PM36TW', '1817da35-c65d-469d-a7ce-d6eb1569ffe9', 'MAIL', 'P.O Box 23646', null, 'Odessa', 'FL', '33556', '2021-12-15 00:00:00', null, SYSDATE(), SYSDATE());

INSERT INTO membermgmtdb.member_phone(member_phone_sk, member_phone_code, member_sk, phone_type_code, phone_number, start_date, end_date, created_date, updated_date) VALUES ('24629daf-e0c7-4dd9-9f8b-64360a50793b', 'KI0QVIJKYERYY9G', '1817da35-c65d-469d-a7ce-d6eb1569ffe9','MOBILE', '813-357-9150', '2021-12-15 00:00:00', null, SYSDATE(), SYSDATE());

INSERT INTO membermgmtdb.member_email(member_email_sk, member_email_code, member_sk, email_type_code, email, is_primary, start_date, end_date, created_date, updated_date) VALUES ('a018f0ce-f269-4353-ac97-0c88df8477df', '50QGOOCJ3K2IMZC', '1817da35-c65d-469d-a7ce-d6eb1569ffe9', 'PERSONAL', 'vbalaji215@gmail.com', true, '2021-12-15 00:00:00', null, SYSDATE(), SYSDATE());
INSERT INTO membermgmtdb.member_email(member_email_sk, member_email_code, member_sk, email_type_code, email, is_primary, start_date, end_date, created_date, updated_date) VALUES ('f60459a2-dc26-44ec-88d2-027c541cda7c', 'TBVHIU74HUHFMZP', '1817da35-c65d-469d-a7ce-d6eb1569ffe9', 'WORK', 'balaji.varadharajan@wellcare.com', false, '2021-12-15 00:00:00', null, SYSDATE(), SYSDATE());

INSERT INTO membermgmtdb.member_language(member_language_sk, member_language_code, member_sk, language_type_code, language_code, start_date, end_date, created_date, updated_date) VALUES ('266b2753-220f-45d8-928c-a4e8fb2e42eb', 'CZ8TRC5GYH6UGTH', '1817da35-c65d-469d-a7ce-d6eb1569ffe9', 'SPOKEN', 'ENG', '2021-12-15 00:00:00', null, SYSDATE(), SYSDATE());
INSERT INTO membermgmtdb.member_language(member_language_sk, member_language_code, member_sk, language_type_code, language_code, start_date, end_date, created_date, updated_date) VALUES ('56c65d79-6556-42d5-89fa-3eeef4a993fa', '224QAUBU304JVPK', '1817da35-c65d-469d-a7ce-d6eb1569ffe9', 'WRITTEN', 'SPA', '2021-12-15 00:00:00', null, SYSDATE(), SYSDATE());

INSERT INTO membermgmtdb.member_identifier(member_identifier_sk, member_identifier_code, member_sk, identifier_type_code, identifier_value, is_active, created_date, updated_date) VALUES ('b0d97992-bc5b-4d53-8e68-68176914b8bb', 'Y2BF30P04IH1IOR', '1817da35-c65d-469d-a7ce-d6eb1569ffe9', 'SSN', '023-53-5234', true, SYSDATE(), SYSDATE());

INSERT INTO membermgmtdb.enrollment_span(enrlmnt_span_sk, enrollment_span_code, account_sk, state_type_code, marketplace_type_code, business_unit_type_code, start_date, end_date, exchange_subscriber_id, plan_id, group_policy_id, product_type_code, effectuation_date, status_type_code, ztcn, created_date, updated_date) VALUES ('1f4684b7-834d-41ad-a150-658da294c54c', 'I5LXC5ELIEO0G2O', 'e29f6d8d-51c8-4259-b789-1aac0e5fcfe7', 'FL', 'FFM', 'MP_FL','2022-01-01 00:00:00', '2022-12-31 00:00:00','245247345','89355FL0234597', '63456345','HMO','2022-10-01 00:00:00','ENROLLED','MC6L56Z5GRGHEK2', SYSDATE(),SYSDATE());

INSERT INTO membermgmtdb.premium_span(premium_span_sk, premium_span_code, ztcn, enrollment_span_sk, start_date, end_date, csr_variant, total_prem_amt, total_resp_amt, aptc_amt, other_pay_amt, csr_amt, created_Date, updated_date) VALUES ('12573e17-7244-4e49-a152-38d59b03e2f6', 'CNH182BAIO3321D', 'MC6L56Z5GRGHEK2', '1f4684b7-834d-41ad-a150-658da294c54c', '2022-01-01 00:00:00', '2022-06-30 00:00:00', '03', 150, 150, 0, 0, 10, sysdate(),sysdate());
INSERT INTO membermgmtdb.premium_span(premium_span_sk, premium_span_code, ztcn, enrollment_span_sk, start_date, end_date, csr_variant, total_prem_amt, total_resp_amt, aptc_amt, other_pay_amt, csr_amt, created_Date, updated_date) VALUES ('96aedae2-95b1-4181-bd2b-cfc26179e044', 'GT5PSZ6FBWEOH69', '55UCZGSHBH98VKM', '1f4684b7-834d-41ad-a150-658da294c54c', '2022-07-01 00:00:00', '2022-12-31 00:00:00', '03', 150, 150, 0, 0, 20, sysdate(),sysdate());

INSERT INTO membermgmtdb.member_premiums(member_premium_sk, premium_span_sk, member_sk, exchange_member_id, individual_premium_amount, created_date, updated_date) VALUES ('6dfe06fb-05e8-4f2e-88c0-7441bd0b5e43', '12573e17-7244-4e49-a152-38d59b03e2f6', '1817da35-c65d-469d-a7ce-d6eb1569ffe9', '24524734501', 150, sysdate(), sysdate());
INSERT INTO membermgmtdb.member_premiums(member_premium_sk, premium_span_sk, member_sk, exchange_member_id, individual_premium_amount, created_date, updated_date) VALUES ('d421d90b-74a9-4df9-add9-a1f84ef9908f', '96aedae2-95b1-4181-bd2b-cfc26179e044', '1817da35-c65d-469d-a7ce-d6eb1569ffe9', '24524734501', 150,sysdate(), sysdate());

/** Pooja Mohanakrishnan Account **/
INSERT INTO membermgmtdb.account(account_sk, acct_number, line_of_business_type_code, created_date, updated_date) VALUES ('c601259a-6b0f-4a18-882f-d645e934d092','652C183K1DEBCNC','HIX',sysdate(), sysdate());


INSERT INTO membermgmtdb.member(member_sk, account_sk, member_code, first_name, middle_name, last_name, relationship_type_code, date_of_birth, gender_type_code, height, weight, created_date, updated_date) VALUES ('2fca4989-037a-496f-9b59-cffd3990a5dd','c601259a-6b0f-4a18-882f-d645e934d092','KMOO76CXLXGGSB4','Pooja', 'D', 'Mohanakrishnan','HOH','1985-12-10 00:00:00','FEMALE',5.3,113.2,SYSDATE(), sysdate());

INSERT INTO membermgmtdb.member_address(member_address_sk, member_address_code, member_sk, address_type_code, address_line_1, address_line_2, city, state_type_code, zip_code, start_date, end_date, created_date, updated_date) VALUES ('912817ff-e351-4aa8-b727-89292fe00fc7', 'J3BZ172D3ISJDPO', '2fca4989-037a-496f-9b59-cffd3990a5dd', 'RES', '9737 Lake View Lane', 'Apt 303', 'Tampa', 'FL', '33626', '2020-12-10 00:00:00', null, SYSDATE(), SYSDATE());
INSERT INTO membermgmtdb.member_address(member_address_sk, member_address_code, member_sk, address_type_code, address_line_1, address_line_2, city, state_type_code, zip_code, start_date, end_date, created_date, updated_date) VALUES ('503d5c9c-f8a9-47a3-95ee-12c03f9dbcfd', 'AKTTBZ6DNJURU73' ,'2fca4989-037a-496f-9b59-cffd3990a5dd', 'MAIL', 'P.O Box 74567', null, 'Tampa', 'FL', '33626', '2020-12-10 00:00:00', null, SYSDATE(), SYSDATE());

INSERT INTO membermgmtdb.member_phone(member_phone_sk, member_phone_code, member_sk, phone_type_code, phone_number, start_date, end_date, created_date, updated_date) VALUES ('90f0e60d-05af-4fe2-ad2e-9696cacfd1ad','8AMLJ42HALDDBGD','2fca4989-037a-496f-9b59-cffd3990a5dd','MOBILE', '813-357-9151', '2020-12-10 00:00:00', null, SYSDATE(), SYSDATE());

INSERT INTO membermgmtdb.member_email(member_email_sk, member_email_code, member_sk, email_type_code, email, is_primary, start_date, end_date, created_date, updated_date) VALUES ('89c37c07-4fe9-4e77-a2aa-1ee3c34af9a7', 'TCNRRBB7Y7IWNTM','2fca4989-037a-496f-9b59-cffd3990a5dd', 'PERSONAL', 'poojadec10@gmail.com', true, '2020-12-10 00:00:00', null, SYSDATE(), SYSDATE());
INSERT INTO membermgmtdb.member_email(member_email_sk, member_email_code, member_sk, email_type_code, email, is_primary, start_date, end_date, created_date, updated_date) VALUES ('3f562524-d5f2-4ae6-8f43-59b6b7910ae8', '42ZMZ0WY3IZPLLY','2fca4989-037a-496f-9b59-cffd3990a5dd', 'WORK', 'pooja.mohanakrishnan@wellcare.com', false, '2020-12-10 00:00:00', null, SYSDATE(), SYSDATE());

INSERT INTO membermgmtdb.member_language(member_language_sk, member_language_code, member_sk, language_type_code, language_code, start_date, end_date, created_date, updated_date) VALUES ('edee8c04-8e39-4bc2-a736-8c3c937ba07f', 'WD5W7OAFW4GH5LC', '2fca4989-037a-496f-9b59-cffd3990a5dd', 'SPOKEN', 'ENG', '2020-12-10 00:00:00', null, SYSDATE(), SYSDATE());
INSERT INTO membermgmtdb.member_language(member_language_sk, member_language_code, member_sk, language_type_code, language_code, start_date, end_date, created_date, updated_date) VALUES ('3e12bff3-c69f-4f34-b7ad-ed453036fb7e', 'X3TY01S9ZZL4HJQ', '2fca4989-037a-496f-9b59-cffd3990a5dd', 'WRITTEN', 'SPA', '2020-12-10 00:00:00', null, SYSDATE(), SYSDATE());

INSERT INTO membermgmtdb.member_identifier(member_identifier_sk, member_identifier_code, member_sk, identifier_type_code, identifier_value, is_active, created_date, updated_date) VALUES ('da66a1f6-e5c5-481a-93a3-58e15bf41d1f', '1WISWCYI2B1XFDD', '2fca4989-037a-496f-9b59-cffd3990a5dd', 'SSN', '856-34-9568', true, SYSDATE(), SYSDATE());
INSERT INTO membermgmtdb.member_identifier(member_identifier_sk, member_identifier_code, member_sk, identifier_type_code, identifier_value, is_active, created_date, updated_date) VALUES ('12ceb824-d65a-498c-8052-be060902f883', '9PRFZLF26H5BK4X', '2fca4989-037a-496f-9b59-cffd3990a5dd', 'EXCHSUBID', '64574573', true, SYSDATE(), SYSDATE());
INSERT INTO membermgmtdb.member_identifier(member_identifier_sk, member_identifier_code, member_sk, identifier_type_code, identifier_value, is_active, created_date, updated_date) VALUES ('9ba99db7-00ea-4746-bf62-3992bc10aa05', 'XH5EJKBG99DTQZF', '2fca4989-037a-496f-9b59-cffd3990a5dd', 'EXCHMEMID', '6457457301', true, SYSDATE(), SYSDATE());

INSERT INTO membermgmtdb.enrollment_span(enrlmnt_span_sk, enrollment_span_code, account_sk, state_type_code, marketplace_type_code, business_unit_type_code, start_date, end_date, exchange_subscriber_id, plan_id, group_policy_id, product_type_code, effectuation_date, status_type_code, ztcn, created_date, updated_date) VALUES ('ba557400-0afa-4475-bbe9-59503233716a', 'XYFHOHJFGH5CC6V', 'c601259a-6b0f-4a18-882f-d645e934d092', 'FL', 'FFM', 'MP_FL','2021-01-01 00:00:00', '2021-12-31 00:00:00','64574573', '09643FL0234597', '74845784','HMO','2021-05-01 00:00:00','ENROLLED','0ZSDCU8DSL7G6AO', SYSDATE(),SYSDATE());
INSERT INTO membermgmtdb.enrollment_span(enrlmnt_span_sk, enrollment_span_code, account_sk, state_type_code, marketplace_type_code, business_unit_type_code, start_date, end_date, exchange_subscriber_id, plan_id, group_policy_id, product_type_code, effectuation_date, status_type_code, ztcn, created_date, updated_date) VALUES ('be2a834b-8718-48c7-a3fa-a2aeef9162db', 'WU5ZTKX5XHMTLWG', 'c601259a-6b0f-4a18-882f-d645e934d092', 'FL', 'FFM', 'MP_FL','2022-01-01 00:00:00', '2022-12-31 00:00:00','64574573', '34526FL0234597', '84584578','HMO','2022-05-01 00:00:00','ENROLLED','DXB424JH4JXTZWT', SYSDATE(),SYSDATE());

INSERT INTO membermgmtdb.premium_span(premium_span_sk, premium_span_code, ztcn, enrollment_span_sk, start_date, end_date, csr_variant, total_prem_amt, total_resp_amt, aptc_amt, other_pay_amt, csr_amt, created_Date, updated_date) VALUES ('f203d69f-ac11-4efb-9f2e-3bb91ad4e0b5', 'B0AXB3PL5GBCRYA', '0ZSDCU8DSL7G6AO', 'ba557400-0afa-4475-bbe9-59503233716a', '2021-01-01 00:00:00', '2021-12-31 00:00:00', '03', 150, 150, 0, 0, 10, sysdate(),sysdate());
INSERT INTO membermgmtdb.premium_span(premium_span_sk, premium_span_code, ztcn, enrollment_span_sk, start_date, end_date, csr_variant, total_prem_amt, total_resp_amt, aptc_amt, other_pay_amt, csr_amt, created_Date, updated_date) VALUES ('088d7dc1-beee-4fb6-987e-4b4447942de3', '174GMP35EQZLOE0', 'DXB424JH4JXTZWT', 'be2a834b-8718-48c7-a3fa-a2aeef9162db', '2022-01-01 00:00:00', '2022-06-30 00:00:00', '03', 150, 100, 50, 0, 10, sysdate(),sysdate());
INSERT INTO membermgmtdb.premium_span(premium_span_sk, premium_span_code, ztcn, enrollment_span_sk, start_date, end_date, csr_variant, total_prem_amt, total_resp_amt, aptc_amt, other_pay_amt, csr_amt, created_Date, updated_date) VALUES ('0ef78434-95cc-4063-add0-41fda59c2ead', '9T2QLZYA302OHB0', '00LS0O6YGQPMC5G', 'be2a834b-8718-48c7-a3fa-a2aeef9162db', '2022-07-01 00:00:00', '2022-12-31 00:00:00', '03', 150, 125, 25, 0, 20, sysdate(),sysdate());

INSERT INTO membermgmtdb.member_premiums(member_premium_sk, premium_span_sk, member_sk, exchange_member_id, individual_premium_amount, created_date, updated_date) VALUES ('11f766dc-9fe1-4a29-8dd1-4f1c07d1cf43', 'f203d69f-ac11-4efb-9f2e-3bb91ad4e0b5', '2fca4989-037a-496f-9b59-cffd3990a5dd', '6457457301', 150, sysdate(), sysdate());
INSERT INTO membermgmtdb.member_premiums(member_premium_sk, premium_span_sk, member_sk, exchange_member_id, individual_premium_amount, created_date, updated_date) VALUES ('4f14aa2e-f850-4a8c-9200-5419a4cb890a', '088d7dc1-beee-4fb6-987e-4b4447942de3', '2fca4989-037a-496f-9b59-cffd3990a5dd', '6457457301', 150, sysdate(), sysdate());
INSERT INTO membermgmtdb.member_premiums(member_premium_sk, premium_span_sk, member_sk, exchange_member_id, individual_premium_amount, created_date, updated_date) VALUES ('d30feb25-9c0e-4190-88d3-f7a65d370448', '0ef78434-95cc-4063-add0-41fda59c2ead', '2fca4989-037a-496f-9b59-cffd3990a5dd', '6457457301', 150,sysdate(), sysdate());


/** Doe Family Account - Contains three members, John, Mary and Christy **/
INSERT INTO membermgmtdb.account(account_sk, acct_number, line_of_business_type_code, created_date, updated_date) VALUES ('66097166-c971-4d99-83b1-0086b8ec6f4e','O70RIWIWR7GSXAJ','HIX',sysdate(), sysdate());

/** John Doe Details **/
INSERT INTO membermgmtdb.member(member_sk, account_sk, member_code, first_name, middle_name, last_name, relationship_type_code, date_of_birth, gender_type_code, height, weight, created_date, updated_date) VALUES ('8de41197-dfb3-4f1a-93ed-2fb034b8ce87','66097166-c971-4d99-83b1-0086b8ec6f4e','J11WCUSYKYV5B7S','John', 'P', 'Doe','HOH', '1978-07-13 00:00:00','MALE',5.5,173.56,SYSDATE(), sysdate());

INSERT INTO membermgmtdb.member_address(member_address_sk, member_address_code, member_sk, address_type_code, address_line_1, address_line_2, city, state_type_code, zip_code, start_date, end_date, created_date, updated_date) VALUES ('21961677-878c-4848-8c93-99fc4c964ddd', 'BMUJ8565C9W9450', '8de41197-dfb3-4f1a-93ed-2fb034b8ce87', 'RES', '8945 Main Street', 'Apt 303', 'Salem', 'MA', '78453', '2020-11-08 00:00:00', null, SYSDATE(), SYSDATE());
INSERT INTO membermgmtdb.member_address(member_address_sk, member_address_code, member_sk, address_type_code, address_line_1, address_line_2, city, state_type_code, zip_code, start_date, end_date, created_date, updated_date) VALUES ('9140cb63-7f30-49ea-9f54-4b32fe14ca29', 'DSND8Y2NMMZZUQD', '8de41197-dfb3-4f1a-93ed-2fb034b8ce87', 'MAIL', 'P.O Box 92345', null, 'Salem', 'MA', '79456', '2020-11-08 00:00:00', null, SYSDATE(), SYSDATE());

INSERT INTO membermgmtdb.member_phone(member_phone_sk, member_phone_code, member_sk, phone_type_code, phone_number, start_date, end_date, created_date, updated_date) VALUES ('201e451e-0c19-4caf-9d2a-9a5b9a3c8a4f', 'FJOYKKXB7LMDJK5', '8de41197-dfb3-4f1a-93ed-2fb034b8ce87','MOBILE', '973-456-7835', '2020-11-08 00:00:00', null, SYSDATE(), SYSDATE());

INSERT INTO membermgmtdb.member_email(member_email_sk, member_email_code, member_sk, email_type_code, email, is_primary, start_date, end_date, created_date, updated_date) VALUES ('1a9aaec0-f584-49f3-af26-6e803c7e392b', '3DIFIOAHI9LAG99', '8de41197-dfb3-4f1a-93ed-2fb034b8ce87', 'PERSONAL', 'johndoe@gmail.com', true, '2020-11-08 00:00:00', null, SYSDATE(), SYSDATE());
INSERT INTO membermgmtdb.member_email(member_email_sk, member_email_code, member_sk, email_type_code, email, is_primary, start_date, end_date, created_date, updated_date) VALUES ('9e94ecfd-48ac-47f0-bde4-b9ad75d8f884', 'XEHXIQT58LUGFFJ', '8de41197-dfb3-4f1a-93ed-2fb034b8ce87', 'WORK', 'john.doe@wellcare.com', false, '2020-11-08 00:00:00', null, SYSDATE(), SYSDATE());

INSERT INTO membermgmtdb.member_language(member_language_sk, member_language_code, member_sk, language_type_code, language_code, start_date, end_date, created_date, updated_date) VALUES ('982acf04-e508-4416-8faa-330fe0ec89f9', '6JPHAKLHQCKSMTJ', '8de41197-dfb3-4f1a-93ed-2fb034b8ce87', 'SPOKEN', 'ENG', '2020-11-08 00:00:00', null, SYSDATE(), SYSDATE());
INSERT INTO membermgmtdb.member_language(member_language_sk, member_language_code, member_sk, language_type_code, language_code, start_date, end_date, created_date, updated_date) VALUES ('0af84ee8-5a07-43f0-9792-a0e3241d1ec9', 'QH3LAAI0FIH4HAJ', '8de41197-dfb3-4f1a-93ed-2fb034b8ce87', 'WRITTEN', 'SPA', '2020-11-08 00:00:00', null, SYSDATE(), SYSDATE());

INSERT INTO membermgmtdb.member_identifier(member_identifier_sk, member_identifier_code, member_sk, identifier_type_code, identifier_value, is_active, created_date, updated_date) VALUES ('d9a8cfcc-d1aa-492c-9b3c-38a406927b6e', '6AJFHK7N348BSHB', '8de41197-dfb3-4f1a-93ed-2fb034b8ce87', 'SSN', '345-74-3463', true, SYSDATE(), SYSDATE());

/** Mary Doe Details **/

INSERT INTO membermgmtdb.member(member_sk, account_sk, member_code, first_name, middle_name, last_name, relationship_type_code, date_of_birth, gender_type_code, height, weight, created_date, updated_date) VALUES ('02fe5093-5581-4e6d-8bfe-48055add707c','66097166-c971-4d99-83b1-0086b8ec6f4e','IK6S1UU7F2WZJYP','Mary', 'J', 'Doe', 'SPE', '1979-05-25 00:00:00','FEMALE',5.2,110.34,SYSDATE(), sysdate());

INSERT INTO membermgmtdb.member_address(member_address_sk, member_address_code, member_sk, address_type_code, address_line_1, address_line_2, city, state_type_code, zip_code, start_date, end_date, created_date, updated_date) VALUES ('b230b042-1c86-4eae-8bb7-03ff42381f80', '10PNJMDMOWNAP6Q', '02fe5093-5581-4e6d-8bfe-48055add707c', 'RES', '8945 Main Street', 'Apt 303', 'Salem', 'MA', '78453', '2020-11-08 00:00:00', null, SYSDATE(), SYSDATE());
INSERT INTO membermgmtdb.member_address(member_address_sk, member_address_code, member_sk, address_type_code, address_line_1, address_line_2, city, state_type_code, zip_code, start_date, end_date, created_date, updated_date) VALUES ('40dae692-8239-4a70-877f-cb0a832cc54e', 'JEDSKBCMZ2HH5EJ', '02fe5093-5581-4e6d-8bfe-48055add707c', 'MAIL', 'P.O Box 92345', null, 'Salem', 'MA', '79456', '2020-11-08 00:00:00', null, SYSDATE(), SYSDATE());

INSERT INTO membermgmtdb.member_phone(member_phone_sk, member_phone_code, member_sk, phone_type_code, phone_number, start_date, end_date, created_date, updated_date) VALUES ('68fbd8b5-597b-46d3-9f19-53c42739efc7','GIW3F4641DSG7N5', '02fe5093-5581-4e6d-8bfe-48055add707c','MOBILE', '973-456-7836', '2020-11-08 00:00:00', null, SYSDATE(), SYSDATE());

INSERT INTO membermgmtdb.member_email(member_email_sk, member_email_code, member_sk, email_type_code, email, is_primary, start_date, end_date, created_date, updated_date) VALUES ('ad5de35c-7fc3-4e58-821f-08e028cccad3', 'OLKWX144DH0E9BU', '02fe5093-5581-4e6d-8bfe-48055add707c', 'PERSONAL', 'marydoe@gmail.com', true, '2020-11-08 00:00:00', null, SYSDATE(), SYSDATE());
INSERT INTO membermgmtdb.member_email(member_email_sk, member_email_code, member_sk, email_type_code, email, is_primary, start_date, end_date, created_date, updated_date) VALUES ('7dd38503-8e01-4090-89fa-beb74f7f2696', 'EUA0MU7CV3OPYTG', '02fe5093-5581-4e6d-8bfe-48055add707c', 'WORK', 'mary.doe@wellcare.com', false, '2020-11-08 00:00:00', null, SYSDATE(), SYSDATE());

INSERT INTO membermgmtdb.member_language(member_language_sk, member_language_code, member_sk, language_type_code, language_code, start_date, end_date, created_date, updated_date) VALUES ('b0b9e5ae-6b96-4acd-9964-faf38de025ed', '5YEQY0Q6NV291K3', '02fe5093-5581-4e6d-8bfe-48055add707c', 'SPOKEN', 'ENG', '2020-11-08 00:00:00', null, SYSDATE(), SYSDATE());
INSERT INTO membermgmtdb.member_language(member_language_sk, member_language_code, member_sk, language_type_code, language_code, start_date, end_date, created_date, updated_date) VALUES ('4d00932a-e494-4fa5-bad6-5038814217b8', 'XZXRYN2U2SKFGYF', '02fe5093-5581-4e6d-8bfe-48055add707c', 'WRITTEN', 'SPA', '2020-11-08 00:00:00', null, SYSDATE(), SYSDATE());

INSERT INTO membermgmtdb.member_identifier(member_identifier_sk, member_identifier_code, member_sk, identifier_type_code, identifier_value, is_active, created_date, updated_date) VALUES ('2cd489bb-2e5c-48f7-ac27-1563b8f118ca', '8WOZ40J1WNPMAY4', '02fe5093-5581-4e6d-8bfe-48055add707c', 'SSN', '567-23-7457', true, SYSDATE(), SYSDATE());

/** Christy Doe Details **/
INSERT INTO membermgmtdb.member(member_sk, account_sk, member_code, first_name, middle_name, last_name, relationship_type_code, date_of_birth, gender_type_code, height, weight, created_date, updated_date) VALUES ('0b21b364-b21c-4d06-914a-13089e063424','66097166-c971-4d99-83b1-0086b8ec6f4e','L2U3HF42S0YA9E8','Christy', 'D', 'Doe', 'CHD', '2002-05-10 00:00:00','FEMALE',5.3,109.78,SYSDATE(), sysdate());

INSERT INTO membermgmtdb.member_address(member_address_sk, member_address_code, member_sk, address_type_code, address_line_1, address_line_2, city, state_type_code, zip_code, start_date, end_date, created_date, updated_date) VALUES ('723c819c-8d5f-4a01-aa63-303db9dc1a8b', 'MGDSPC4F4RD86SS', '0b21b364-b21c-4d06-914a-13089e063424', 'RES', '8945 Main Street', 'Apt 303', 'Salem', 'MA', '78453', '2020-11-08 00:00:00', null, SYSDATE(), SYSDATE());
INSERT INTO membermgmtdb.member_address(member_address_sk, member_address_code, member_sk, address_type_code, address_line_1, address_line_2, city, state_type_code, zip_code, start_date, end_date, created_date, updated_date) VALUES ('ce57121a-81db-4635-834a-bc1dc8a4a827', 'EMD5W05GK7Q51SJ', '0b21b364-b21c-4d06-914a-13089e063424', 'MAIL', 'P.O Box 92345', null, 'Salem', 'MA', '79456', '2020-11-08 00:00:00', null, SYSDATE(), SYSDATE());

INSERT INTO membermgmtdb.member_phone(member_phone_sk, member_phone_code, member_sk, phone_type_code, phone_number, start_date, end_date, created_date, updated_date) VALUES ('bb2b8f4d-2389-48d3-b86e-f1e32bc1d8b6','UQV29XT8JJ4R0NM', '0b21b364-b21c-4d06-914a-13089e063424','MOBILE', '973-456-7835', '2020-11-08 00:00:00', null, SYSDATE(), SYSDATE());

INSERT INTO membermgmtdb.member_email(member_email_sk, member_email_code, member_sk, email_type_code, email, is_primary, start_date, end_date, created_date, updated_date) VALUES ('45ad19b4-16c6-4399-9a16-cba62e439bee', '8QWGL8HHTV0UH2T', '0b21b364-b21c-4d06-914a-13089e063424', 'PERSONAL', 'christydoe@gmail.com', true, '2020-11-08 00:00:00', null, SYSDATE(), SYSDATE());
INSERT INTO membermgmtdb.member_email(member_email_sk, member_email_code, member_sk, email_type_code, email, is_primary, start_date, end_date, created_date, updated_date) VALUES ('7e4403ad-9a61-4c3c-adf7-2085cd39841d', '7F98OCB9NTMZZM4', '0b21b364-b21c-4d06-914a-13089e063424', 'WORK', 'christy.doe@wellcare.com', false, '2020-11-08 00:00:00', null, SYSDATE(), SYSDATE());

INSERT INTO membermgmtdb.member_language(member_language_sk, member_language_code, member_sk, language_type_code, language_code, start_date, end_date, created_date, updated_date) VALUES ('bea69ee6-a66d-40c3-a033-accd0efd1d11', 'IQ70021O4D0RIP4', '0b21b364-b21c-4d06-914a-13089e063424', 'SPOKEN', 'ENG', '2020-11-08 00:00:00', null, SYSDATE(), SYSDATE());
INSERT INTO membermgmtdb.member_language(member_language_sk, member_language_code, member_sk, language_type_code, language_code, start_date, end_date, created_date, updated_date) VALUES ('67161d0d-b79a-4c86-95c8-ef29af87bbad', 'EYNUYX84JCPRJYE', '0b21b364-b21c-4d06-914a-13089e063424', 'WRITTEN', 'SPA', '2020-11-08 00:00:00', null, SYSDATE(), SYSDATE());

INSERT INTO membermgmtdb.member_identifier(member_identifier_sk, member_identifier_code, member_sk, identifier_type_code, identifier_value, is_active, created_date, updated_date) VALUES ('c3d1f17b-90e8-4547-8052-542be9d661d6', 'R2MM8Z6LNP4ROHF', '0b21b364-b21c-4d06-914a-13089e063424', 'SSN', '845-85-6457', true, SYSDATE(), SYSDATE());

/** Enrollment and Premium spans associated with Doe family account **/
INSERT INTO membermgmtdb.enrollment_span(enrlmnt_span_sk, enrollment_span_code, account_sk, state_type_code, marketplace_type_code, business_unit_type_code, start_date, end_date, exchange_subscriber_id, plan_id, group_policy_id, product_type_code, effectuation_date, status_type_code, ztcn, created_date, updated_date) VALUES ('db427035-8db3-40ca-8843-d9b5db7a7b45', 'KHEBBHBIZIFZWBK', '66097166-c971-4d99-83b1-0086b8ec6f4e', 'MA', 'FFM', 'MP_MA','2021-01-01 00:00:00', '2021-12-31 00:00:00', '53456345', '74567MA9523646', '47457757','HMO','2021-05-01 00:00:00','ENROLLED','4HSM54WFZKETCFS', SYSDATE(),SYSDATE());
INSERT INTO membermgmtdb.enrollment_span(enrlmnt_span_sk, enrollment_span_code, account_sk, state_type_code, marketplace_type_code, business_unit_type_code, start_date, end_date, exchange_subscriber_id, plan_id, group_policy_id, product_type_code, effectuation_date, status_type_code, ztcn, created_date, updated_date) VALUES ('5d28dbe4-8c14-484f-9a2a-90c1d88c49b6', 'A31V1DTQB6CXFEQ', '66097166-c971-4d99-83b1-0086b8ec6f4e', 'MA', 'FFM', 'MP_MA','2022-01-01 00:00:00', '2022-12-31 00:00:00', '53456345', '74567MA6346634', '74567744','HMO','2022-05-01 00:00:00','ENROLLED','3WO51CQC965V574', SYSDATE(),SYSDATE());

INSERT INTO membermgmtdb.premium_span(premium_span_sk, premium_span_code, ztcn, enrollment_span_sk, start_date, end_date, csr_variant, total_prem_amt, total_resp_amt, aptc_amt, other_pay_amt, csr_amt, created_Date, updated_date) VALUES ('75d161c4-8bed-4bfd-a67e-65c613cfc4d7', '3SKS1M2QI5AA7GV', '4HSM54WFZKETCFS', 'db427035-8db3-40ca-8843-d9b5db7a7b45', '2021-01-01 00:00:00', '2021-04-30 00:00:00', '03', 350, 250, 100, 0, 10, sysdate(),sysdate());
INSERT INTO membermgmtdb.premium_span(premium_span_sk, premium_span_code, ztcn, enrollment_span_sk, start_date, end_date, csr_variant, total_prem_amt, total_resp_amt, aptc_amt, other_pay_amt, csr_amt, created_Date, updated_date) VALUES ('d575815a-f873-4b40-95e1-62bdf96d0e0f', 'FW2WTMWR733EZ2W', 'PBYFQ99L63V2VWI', 'db427035-8db3-40ca-8843-d9b5db7a7b45', '2021-05-01 00:00:00', '2021-07-31 00:00:00', '03', 350, 225, 125, 0, 20, sysdate(),sysdate());
INSERT INTO membermgmtdb.premium_span(premium_span_sk, premium_span_code, ztcn, enrollment_span_sk, start_date, end_date, csr_variant, total_prem_amt, total_resp_amt, aptc_amt, other_pay_amt, csr_amt, created_Date, updated_date) VALUES ('a0f609d1-3c68-48dc-afed-7ce98ef67c8c', 'QTU1UOVAVVY0VFY', 'J3152B0N17FQ1TO', 'db427035-8db3-40ca-8843-d9b5db7a7b45', '2021-08-01 00:00:00', '2021-12-31 00:00:00', '03', 350, 275, 75, 0, 30, sysdate(),sysdate());
INSERT INTO membermgmtdb.premium_span(premium_span_sk, premium_span_code, ztcn, enrollment_span_sk, start_date, end_date, csr_variant, total_prem_amt, total_resp_amt, aptc_amt, other_pay_amt, csr_amt, created_Date, updated_date) VALUES ('f591721f-5274-4f00-a7fa-eec760708dcd', '9MZLHX7MCQKAYBY', '4HSM54WFZKETCFS', '5d28dbe4-8c14-484f-9a2a-90c1d88c49b6', '2022-01-01 00:00:00', '2022-06-30 00:00:00', '03', 400, 250, 150, 0, 10, sysdate(),sysdate());
INSERT INTO membermgmtdb.premium_span(premium_span_sk, premium_span_code, ztcn, enrollment_span_sk, start_date, end_date, csr_variant, total_prem_amt, total_resp_amt, aptc_amt, other_pay_amt, csr_amt, created_Date, updated_date) VALUES ('29cab3e7-b919-4e76-9427-1abed999d214', '5K66CDQH3WGZW82', 'VCKSWETIS0F56R3', '5d28dbe4-8c14-484f-9a2a-90c1d88c49b6', '2022-07-01 00:00:00', '2022-12-31 00:00:00', '03', 400, 300, 100, 0, 20, sysdate(),sysdate());

INSERT INTO membermgmtdb.member_premiums(member_premium_sk, premium_span_sk, member_sk, exchange_member_id, individual_premium_amount, created_date, updated_date) VALUES ('da8c9a66-4c12-4ad5-9edd-76db68c07b32', '75d161c4-8bed-4bfd-a67e-65c613cfc4d7', '8de41197-dfb3-4f1a-93ed-2fb034b8ce87', '5345634501', 200, sysdate(), sysdate());
INSERT INTO membermgmtdb.member_premiums(member_premium_sk, premium_span_sk, member_sk, exchange_member_id, individual_premium_amount, created_date, updated_date) VALUES ('927c0a2d-f0fc-4b1f-8f41-b5848d1558f2', '75d161c4-8bed-4bfd-a67e-65c613cfc4d7', '02fe5093-5581-4e6d-8bfe-48055add707c', '5345634502', 100, sysdate(), sysdate());
INSERT INTO membermgmtdb.member_premiums(member_premium_sk, premium_span_sk, member_sk, exchange_member_id, individual_premium_amount, created_date, updated_date) VALUES ('e405fdc5-6fbb-4865-8134-17c3d7658bb7', '75d161c4-8bed-4bfd-a67e-65c613cfc4d7', '0b21b364-b21c-4d06-914a-13089e063424', '5345634503', 50,sysdate(), sysdate());

INSERT INTO membermgmtdb.member_premiums(member_premium_sk, premium_span_sk, member_sk, exchange_member_id, individual_premium_amount, created_date, updated_date) VALUES ('c77687f7-00db-4c4f-9d95-723cd2de1e43', 'd575815a-f873-4b40-95e1-62bdf96d0e0f', '8de41197-dfb3-4f1a-93ed-2fb034b8ce87', '5345634501', 200, sysdate(), sysdate());
INSERT INTO membermgmtdb.member_premiums(member_premium_sk, premium_span_sk, member_sk, exchange_member_id, individual_premium_amount, created_date, updated_date) VALUES ('9c6570cc-5723-47cc-bdb7-1f6c4348a263', 'd575815a-f873-4b40-95e1-62bdf96d0e0f', '02fe5093-5581-4e6d-8bfe-48055add707c', '5345634502', 100, sysdate(), sysdate());
INSERT INTO membermgmtdb.member_premiums(member_premium_sk, premium_span_sk, member_sk, exchange_member_id, individual_premium_amount, created_date, updated_date) VALUES ('90319a0f-b1e8-441f-badf-29da29dc6585', 'd575815a-f873-4b40-95e1-62bdf96d0e0f', '0b21b364-b21c-4d06-914a-13089e063424', '5345634503', 50,sysdate(), sysdate());

INSERT INTO membermgmtdb.member_premiums(member_premium_sk, premium_span_sk, member_sk, exchange_member_id, individual_premium_amount, created_date, updated_date) VALUES ('0dd25209-6f3b-4286-8dc7-5779e6a62581', 'a0f609d1-3c68-48dc-afed-7ce98ef67c8c', '8de41197-dfb3-4f1a-93ed-2fb034b8ce87', '5345634501', 200, sysdate(), sysdate());
INSERT INTO membermgmtdb.member_premiums(member_premium_sk, premium_span_sk, member_sk, exchange_member_id, individual_premium_amount, created_date, updated_date) VALUES ('d06d7ce8-0555-4a0b-84d2-666af4b8cc0d', 'a0f609d1-3c68-48dc-afed-7ce98ef67c8c', '02fe5093-5581-4e6d-8bfe-48055add707c', '5345634502', 100, sysdate(), sysdate());
INSERT INTO membermgmtdb.member_premiums(member_premium_sk, premium_span_sk, member_sk, exchange_member_id, individual_premium_amount, created_date, updated_date) VALUES ('e2281bca-aee6-4b6f-8213-f770e2e15b24', 'a0f609d1-3c68-48dc-afed-7ce98ef67c8c', '0b21b364-b21c-4d06-914a-13089e063424', '5345634503', 50,sysdate(), sysdate());

INSERT INTO membermgmtdb.member_premiums(member_premium_sk, premium_span_sk, member_sk, exchange_member_id, individual_premium_amount, created_date, updated_date) VALUES ('adfe37e4-74b4-42dc-a885-1c636333a5ca', 'f591721f-5274-4f00-a7fa-eec760708dcd', '8de41197-dfb3-4f1a-93ed-2fb034b8ce87', '5345634501', 200, sysdate(), sysdate());
INSERT INTO membermgmtdb.member_premiums(member_premium_sk, premium_span_sk, member_sk, exchange_member_id, individual_premium_amount, created_date, updated_date) VALUES ('71b3eb05-d2c9-4c2b-9035-e5bcd659c982', 'f591721f-5274-4f00-a7fa-eec760708dcd', '02fe5093-5581-4e6d-8bfe-48055add707c', '5345634502', 100, sysdate(), sysdate());
INSERT INTO membermgmtdb.member_premiums(member_premium_sk, premium_span_sk, member_sk, exchange_member_id, individual_premium_amount, created_date, updated_date) VALUES ('424e9579-26eb-4ede-9267-d158d206c02d', 'f591721f-5274-4f00-a7fa-eec760708dcd', '0b21b364-b21c-4d06-914a-13089e063424', '5345634503', 100,sysdate(), sysdate());

INSERT INTO membermgmtdb.member_premiums(member_premium_sk, premium_span_sk, member_sk, exchange_member_id, individual_premium_amount, created_date, updated_date) VALUES ('273db9b7-ef42-46c2-900a-abd08dd88bb0', '29cab3e7-b919-4e76-9427-1abed999d214', '8de41197-dfb3-4f1a-93ed-2fb034b8ce87', '5345634501', 250, sysdate(), sysdate());
INSERT INTO membermgmtdb.member_premiums(member_premium_sk, premium_span_sk, member_sk, exchange_member_id, individual_premium_amount, created_date, updated_date) VALUES ('a62ade61-6f42-4766-b585-2d0d2b86618d', '29cab3e7-b919-4e76-9427-1abed999d214', '02fe5093-5581-4e6d-8bfe-48055add707c', '5345634502', 100, sysdate(), sysdate());
INSERT INTO membermgmtdb.member_premiums(member_premium_sk, premium_span_sk, member_sk, exchange_member_id, individual_premium_amount, created_date, updated_date) VALUES ('4e2bcf49-80c4-4aed-8602-f9288ad22193', '29cab3e7-b919-4e76-9427-1abed999d214', '0b21b364-b21c-4d06-914a-13089e063424', '5345634503', 100,sysdate(), sysdate());

/** Miller Family Account - Contains four members, Timothy, Sandra, Anna and Elsa **/

INSERT INTO membermgmtdb.account(account_sk, acct_number, line_of_business_type_code, created_date, updated_date) VALUES ('7c820beb-c01e-4332-9abf-926d61674dad','ZHIW6SA5CFTSKT8','HIX',sysdate(), sysdate());

/** Timothy Miller Details **/
INSERT INTO membermgmtdb.member(member_sk, account_sk, member_code, first_name, middle_name, last_name, relationship_type_code, date_of_birth, gender_type_code, height, weight, created_date, updated_date) VALUES ('37d7b2a8-4dec-46bf-a6ce-298fdc4e5766','7c820beb-c01e-4332-9abf-926d61674dad','E67VLZIC7ECOOMD','Timothy', 'K', 'Miller','HOH', '1975-03-20 00:00:00','MALE',5.4,164.78,SYSDATE(), sysdate());

INSERT INTO membermgmtdb.member_address(member_address_sk, member_address_code, member_sk, address_type_code, address_line_1, address_line_2, city, state_type_code, zip_code, start_date, end_date, created_date, updated_date) VALUES ('b7d47dd7-bbfb-4835-b201-8fc2ff4a44c1', 'CQDLOWD86PE2TRR', '37d7b2a8-4dec-46bf-a6ce-298fdc4e5766', 'RES', '15673 Rangeland Blvd', null, 'Atlanta', 'GA', '53453', '2020-11-10 00:00:00', null, SYSDATE(), SYSDATE());
INSERT INTO membermgmtdb.member_address(member_address_sk, member_address_code, member_sk, address_type_code, address_line_1, address_line_2, city, state_type_code, zip_code, start_date, end_date, created_date, updated_date) VALUES ('a4c934e8-d643-479c-9ba7-2aa90e6afdb0', 'BGTKFKVNPCOWT4K', '37d7b2a8-4dec-46bf-a6ce-298fdc4e5766', 'MAIL', 'P.O Box 63456', null, 'Atlanta', 'GA', '79456', '2020-11-10 00:00:00', null, SYSDATE(), SYSDATE());

INSERT INTO membermgmtdb.member_phone(member_phone_sk, member_phone_code, member_sk, phone_type_code, phone_number, start_date, end_date, created_date, updated_date) VALUES ('64bd00bb-5ce5-4dc5-beb6-ba42152dc92e','17GKJ1TNXK8JOLR', '37d7b2a8-4dec-46bf-a6ce-298fdc4e5766','MOBILE', '567-345-7347', '2020-11-10 00:00:00', null, SYSDATE(), SYSDATE());

INSERT INTO membermgmtdb.member_email(member_email_sk, member_email_code, member_sk, email_type_code, email, is_primary, start_date, end_date, created_date, updated_date) VALUES ('81232747-e239-48e8-8b8c-a17afa1ea281', 'A18IKDILA36Q3VE', '37d7b2a8-4dec-46bf-a6ce-298fdc4e5766', 'PERSONAL', 'timmiller@gmail.com', true, '2020-11-10 00:00:00', null, SYSDATE(), SYSDATE());
INSERT INTO membermgmtdb.member_email(member_email_sk, member_email_code, member_sk, email_type_code, email, is_primary, start_date, end_date, created_date, updated_date) VALUES ('2370409e-8a29-4b34-a097-47aadbee18b2', 'I22839DN41KF0LO', '37d7b2a8-4dec-46bf-a6ce-298fdc4e5766', 'WORK', 'timothy.miller@wellcare.com', false, '2020-11-10 00:00:00', null, SYSDATE(), SYSDATE());

INSERT INTO membermgmtdb.member_language(member_language_sk, member_language_code, member_sk, language_type_code, language_code, start_date, end_date, created_date, updated_date) VALUES ('2f7761bd-d91a-4ec5-95a5-5c2eac7734fa', '5ZXY6CRKRZE3CYI', '37d7b2a8-4dec-46bf-a6ce-298fdc4e5766', 'SPOKEN', 'ENG', '2020-11-10 00:00:00', null, SYSDATE(), SYSDATE());
INSERT INTO membermgmtdb.member_language(member_language_sk, member_language_code, member_sk, language_type_code, language_code, start_date, end_date, created_date, updated_date) VALUES ('b592bb6f-8cb3-4581-9e3b-bcaa6dada50a', 'X4YIOOBKW9J65ZC', '37d7b2a8-4dec-46bf-a6ce-298fdc4e5766', 'WRITTEN', 'SPA', '2020-11-10 00:00:00', null, SYSDATE(), SYSDATE());

INSERT INTO membermgmtdb.member_identifier(member_identifier_sk, member_identifier_code, member_sk, identifier_type_code, identifier_value, is_active, created_date, updated_date) VALUES ('8280a701-8ef4-4187-87da-e71705835495', 'LRZ2YMHFCU9H7Y2', '37d7b2a8-4dec-46bf-a6ce-298fdc4e5766', 'SSN', '845-12-7347', true, SYSDATE(), SYSDATE());


/** Sandra Miller Details **/

INSERT INTO membermgmtdb.member(member_sk, account_sk, member_code, first_name, middle_name, last_name, relationship_type_code, date_of_birth, gender_type_code, height, weight, created_date, updated_date) VALUES ('14416c14-9c25-4bf3-bdb2-dcd73314a070','7c820beb-c01e-4332-9abf-926d61674dad','RGJ4IAGTP0YA2A3','Sandra', 'T', 'Miller', 'SPE', '1981-02-14 00:00:00','FEMALE',5.2,110.34,SYSDATE(), sysdate());

INSERT INTO membermgmtdb.member_address(member_address_sk, member_address_code, member_sk, address_type_code, address_line_1, address_line_2, city, state_type_code, zip_code, start_date, end_date, created_date, updated_date) VALUES ('db611cf6-364d-4c5e-a6cc-284849b25936', 'UHWHKU1TKVHXYW2', '14416c14-9c25-4bf3-bdb2-dcd73314a070', 'RES', '8945 Main Street', 'Apt 303', 'Salem', 'MA', '78453', '2020-11-10 00:00:00', null, SYSDATE(), SYSDATE());
INSERT INTO membermgmtdb.member_address(member_address_sk, member_address_code, member_sk, address_type_code, address_line_1, address_line_2, city, state_type_code, zip_code, start_date, end_date, created_date, updated_date) VALUES ('05474828-b111-4e02-94c9-1a464c1f4a77', 'OG04E8LHD98HPSK', '14416c14-9c25-4bf3-bdb2-dcd73314a070', 'MAIL', 'P.O Box 92345', null, 'Salem', 'MA', '79456', '2020-11-10 00:00:00', null, SYSDATE(), SYSDATE());

INSERT INTO membermgmtdb.member_phone(member_phone_sk, member_phone_code, member_sk, phone_type_code, phone_number, start_date, end_date, created_date, updated_date) VALUES ('309510bb-544c-4a8e-9450-22edab6d9ecc','OG0MDMOQQVRIFVF', '14416c14-9c25-4bf3-bdb2-dcd73314a070','MOBILE', '567-236-8457', '2020-11-10 00:00:00', null, SYSDATE(), SYSDATE());

INSERT INTO membermgmtdb.member_email(member_email_sk, member_email_code, member_sk, email_type_code, email, is_primary, start_date, end_date, created_date, updated_date) VALUES ('2e4eeb0c-643e-4122-b1f8-ff3d28c3f58d', 'E72KYIQK1TAADMD', '14416c14-9c25-4bf3-bdb2-dcd73314a070', 'PERSONAL', 'sandramiller@gmail.com', true, '2020-11-10 00:00:00', null, SYSDATE(), SYSDATE());
INSERT INTO membermgmtdb.member_email(member_email_sk, member_email_code, member_sk, email_type_code, email, is_primary, start_date, end_date, created_date, updated_date) VALUES ('e56f3e79-76c6-4156-88f0-7fd19c227627', 'FFOXHJSKKYPTMAB', '14416c14-9c25-4bf3-bdb2-dcd73314a070', 'WORK', 'sandra.miller@wellcare.com', false, '2020-11-10 00:00:00', null, SYSDATE(), SYSDATE());

INSERT INTO membermgmtdb.member_language(member_language_sk, member_language_code, member_sk, language_type_code, language_code, start_date, end_date, created_date, updated_date) VALUES ('c860b486-4cde-42fd-bc30-e0462fb84bfa', 'TF3LK3KK82H9ZMQ', '14416c14-9c25-4bf3-bdb2-dcd73314a070', 'SPOKEN', 'ENG', '2020-11-10 00:00:00', null, SYSDATE(), SYSDATE());
INSERT INTO membermgmtdb.member_language(member_language_sk, member_language_code, member_sk, language_type_code, language_code, start_date, end_date, created_date, updated_date) VALUES ('f0f0acb5-9fd6-4673-baee-b5f31888bc03', 'ZUVP68GAQ8XH2TC', '14416c14-9c25-4bf3-bdb2-dcd73314a070', 'WRITTEN', 'SPA', '2020-11-10 00:00:00', null, SYSDATE(), SYSDATE());

INSERT INTO membermgmtdb.member_identifier(member_identifier_sk, member_identifier_code, member_sk, identifier_type_code, identifier_value, is_active, created_date, updated_date) VALUES ('67d4dcf4-fad6-42e2-8fac-c18c1da3c85a', 'RK6VWJ7WXGIEZO1', '14416c14-9c25-4bf3-bdb2-dcd73314a070', 'SSN', '034-23-7327', true, SYSDATE(), SYSDATE());


/** Anna Miller Details **/
INSERT INTO membermgmtdb.member(member_sk, account_sk, member_code, first_name, middle_name, last_name, relationship_type_code, date_of_birth, gender_type_code, height, weight, created_date, updated_date) VALUES ('4f63af0d-7e47-414a-bd73-e73bd87641d6','7c820beb-c01e-4332-9abf-926d61674dad','9BA4HYLCXLNDV13','Anna', 'A', 'Miller', 'CHD', '2000-06-15 00:00:00','FEMALE',5.2,104.94,SYSDATE(), sysdate());

INSERT INTO membermgmtdb.member_address(member_address_sk, member_address_code,  member_sk, address_type_code, address_line_1, address_line_2, city, state_type_code, zip_code, start_date, end_date, created_date, updated_date) VALUES ('2372cf9a-84f3-4b52-8d07-ad7d52c267e2', 'V376V4YXJ5Z9EG9', '4f63af0d-7e47-414a-bd73-e73bd87641d6', 'RES', '8945 Main Street', 'Apt 303', 'Salem', 'MA', '78453', '2020-11-10 00:00:00', null, SYSDATE(), SYSDATE());
INSERT INTO membermgmtdb.member_address(member_address_sk, member_address_code, member_sk, address_type_code, address_line_1, address_line_2, city, state_type_code, zip_code, start_date, end_date, created_date, updated_date) VALUES ('e9cf911d-61d5-44a5-9962-aeb05a6bb9b4', 'WDHTOKT1KM7866Z', '4f63af0d-7e47-414a-bd73-e73bd87641d6', 'MAIL', 'P.O Box 92345', null, 'Salem', 'MA', '79456', '2020-11-10 00:00:00', null, SYSDATE(), SYSDATE());

INSERT INTO membermgmtdb.member_phone(member_phone_sk, member_phone_code, member_sk, phone_type_code, phone_number, start_date, end_date, created_date, updated_date) VALUES ('5cd6af86-bf51-4a78-92c4-833e3201f958', '1OV40UT2CGYTE9O', '4f63af0d-7e47-414a-bd73-e73bd87641d6','MOBILE', '577-246-8357', '2020-11-08 00:00:00', null, SYSDATE(), SYSDATE());

INSERT INTO membermgmtdb.member_email(member_email_sk, member_email_code, member_sk, email_type_code, email, is_primary, start_date, end_date, created_date, updated_date) VALUES ('f4859f53-3969-4594-a587-4f802be4f2ba', 'W5MZI1D5W1CE49Z', '4f63af0d-7e47-414a-bd73-e73bd87641d6', 'PERSONAL', 'annamiller@gmail.com', true, '2020-11-10 00:00:00', null, SYSDATE(), SYSDATE());
INSERT INTO membermgmtdb.member_email(member_email_sk, member_email_code, member_sk, email_type_code, email, is_primary, start_date, end_date, created_date, updated_date) VALUES ('0709ac77-9edc-455b-972e-e9e91823daaf', 'A9NH01H8RTKS95V', '4f63af0d-7e47-414a-bd73-e73bd87641d6', 'WORK', 'anna.miller@wellcare.com', false, '2020-11-10 00:00:00', null, SYSDATE(), SYSDATE());

INSERT INTO membermgmtdb.member_language(member_language_sk, member_language_code, member_sk, language_type_code, language_code, start_date, end_date, created_date, updated_date) VALUES ('98eb9644-4d79-4bc8-ae35-7628dda00a1b', '3YK7XX7H1SCZ3DD', '4f63af0d-7e47-414a-bd73-e73bd87641d6', 'SPOKEN', 'ENG', '2020-11-10 00:00:00', null, SYSDATE(), SYSDATE());
INSERT INTO membermgmtdb.member_language(member_language_sk, member_language_code, member_sk, language_type_code, language_code, start_date, end_date, created_date, updated_date) VALUES ('46088e1f-7fc4-491f-8221-b967466617cc', '3SNUZXGYQVLV5FU', '4f63af0d-7e47-414a-bd73-e73bd87641d6', 'WRITTEN', 'SPA', '2020-11-10 00:00:00', null, SYSDATE(), SYSDATE());

INSERT INTO membermgmtdb.member_identifier(member_identifier_sk, member_identifier_code, member_sk, identifier_type_code, identifier_value, is_active, created_date, updated_date) VALUES ('eadbf83e-584b-49d3-b34f-fba7bcb94da6', 'SN10GQTJ0GY2WDT', '4f63af0d-7e47-414a-bd73-e73bd87641d6', 'SSN', '734-24-7334', true, SYSDATE(), SYSDATE());

/** Elsa Miller Details **/
INSERT INTO membermgmtdb.member(member_sk, account_sk, member_code, first_name, middle_name, last_name, relationship_type_code, date_of_birth, gender_type_code, height, weight, created_date, updated_date) VALUES ('d44a7af9-f2c9-465d-abe0-03b645d9b331','7c820beb-c01e-4332-9abf-926d61674dad','12PF9HFVXFQ51BB','Elsa', 'I', 'Miller', 'CHD', '1998-07-12 00:00:00','FEMALE',5.4,111.76,SYSDATE(), sysdate());

INSERT INTO membermgmtdb.member_address(member_address_sk, member_address_code, member_sk, address_type_code, address_line_1, address_line_2, city, state_type_code, zip_code, start_date, end_date, created_date, updated_date) VALUES ('098a215c-ab00-4787-9f84-d8d03f1e16c1', 'I8QZFOYBBU516J4', 'd44a7af9-f2c9-465d-abe0-03b645d9b331', 'RES', '8945 Main Street', 'Apt 303', 'Salem', 'MA', '78453', '2020-11-10 00:00:00', null, SYSDATE(), SYSDATE());
INSERT INTO membermgmtdb.member_address(member_address_sk, member_address_code, member_sk, address_type_code, address_line_1, address_line_2, city, state_type_code, zip_code, start_date, end_date, created_date, updated_date) VALUES ('405fdbb6-5a57-4daa-b548-29a3135d5874', 'AHK6YUG7S67N57D', 'd44a7af9-f2c9-465d-abe0-03b645d9b331', 'MAIL', 'P.O Box 92345', null, 'Salem', 'MA', '79456', '2020-11-10 00:00:00', null, SYSDATE(), SYSDATE());

INSERT INTO membermgmtdb.member_phone(member_phone_sk, member_phone_code, member_sk, phone_type_code, phone_number, start_date, end_date, created_date, updated_date) VALUES ('789ec38d-5c18-4674-82a7-707db55c9dc0', 'FHJ5TKQY4A45PRP', 'd44a7af9-f2c9-465d-abe0-03b645d9b331','MOBILE', '545-736-2463', '2020-11-08 00:00:00', null, SYSDATE(), SYSDATE());

INSERT INTO membermgmtdb.member_email(member_email_sk, member_email_code, member_sk, email_type_code, email, is_primary, start_date, end_date, created_date, updated_date) VALUES ('41a8ed9a-4c02-40df-bb2b-16705be48a06', '76EFEA5W772XU6W', 'd44a7af9-f2c9-465d-abe0-03b645d9b331', 'PERSONAL', 'elsamiller@gmail.com', true, '2020-11-10 00:00:00', null, SYSDATE(), SYSDATE());
INSERT INTO membermgmtdb.member_email(member_email_sk, member_email_code, member_sk, email_type_code, email, is_primary, start_date, end_date, created_date, updated_date) VALUES ('4ea5db4a-0c70-4c34-8d3b-f20f033c762f', 'I94U8FOE9HEAIC5', 'd44a7af9-f2c9-465d-abe0-03b645d9b331', 'WORK', 'elsa.miller@wellcare.com', false, '2020-11-10 00:00:00', null, SYSDATE(), SYSDATE());

INSERT INTO membermgmtdb.member_language(member_language_sk, member_language_code, member_sk, language_type_code, language_code, start_date, end_date, created_date, updated_date) VALUES ('a65f6a0b-9e98-4f66-91f0-6db86e4e6caf', 'F5KGXVZV137R8KJ', 'd44a7af9-f2c9-465d-abe0-03b645d9b331', 'SPOKEN', 'ENG', '2020-11-10 00:00:00', null, SYSDATE(), SYSDATE());
INSERT INTO membermgmtdb.member_language(member_language_sk, member_language_code, member_sk, language_type_code, language_code, start_date, end_date, created_date, updated_date) VALUES ('33da1a16-4b10-4a94-a329-5e6829fbb38a', 'SQCUNMEHCLUEUHP', 'd44a7af9-f2c9-465d-abe0-03b645d9b331', 'WRITTEN', 'SPA', '2020-11-10 00:00:00', null, SYSDATE(), SYSDATE());

INSERT INTO membermgmtdb.member_identifier(member_identifier_sk, member_identifier_code, member_sk, identifier_type_code, identifier_value, is_active, created_date, updated_date) VALUES ('4205f1bf-babd-426d-8921-d281f2dce28d', 'MNWZK43YM0Y7BG7', 'd44a7af9-f2c9-465d-abe0-03b645d9b331', 'SSN', '347-63-2737', true, SYSDATE(), SYSDATE());


/** Enrollment and Premium spans associated with the Miller account **/


INSERT INTO membermgmtdb.enrollment_span(enrlmnt_span_sk, enrollment_span_code, account_sk, state_type_code, marketplace_type_code, business_unit_type_code, start_date, end_date, exchange_subscriber_id, plan_id, group_policy_id, product_type_code, effectuation_date, status_type_code, ztcn, created_date, updated_date) VALUES ('99ca8481-cb3b-4b8e-a802-94647310f082', 'FZPEQJ67EHHJ7BP', '7c820beb-c01e-4332-9abf-926d61674dad', 'GA', 'FFM', 'MP_GA','2021-01-01 00:00:00', '2021-12-31 00:00:00', '26345734', '23562GA8923523', '36346346','HMO','2021-05-01 00:00:00','ENROLLED','ZLUD6R2Q3F0M42G', SYSDATE(),SYSDATE());
INSERT INTO membermgmtdb.enrollment_span(enrlmnt_span_sk, enrollment_span_code, account_sk, state_type_code, marketplace_type_code, business_unit_type_code, start_date, end_date, exchange_subscriber_id, plan_id, group_policy_id, product_type_code, effectuation_date, status_type_code, ztcn, created_date, updated_date) VALUES ('d63b2860-7371-4ad7-939c-5cc5e0af2fe1', '6NLTEJ2883NDLJ7', '7c820beb-c01e-4332-9abf-926d61674dad', 'GA', 'FFM', 'MP_GA','2022-01-01 00:00:00', '2022-12-31 00:00:00', '26345734', '23562GA6023564', '63235635','HMO','2022-05-01 00:00:00','ENROLLED','BM4KY8ROZIMWU43', SYSDATE(),SYSDATE());

INSERT INTO membermgmtdb.premium_span(premium_span_sk, premium_span_code, ztcn, enrollment_span_sk, start_date, end_date, csr_variant, total_prem_amt, total_resp_amt, aptc_amt, other_pay_amt, csr_amt, created_Date, updated_date) VALUES ('dad77e1e-bfb3-4367-940f-0201857bd69c', 'HEJB5XUAP7F9XNE', 'ZLUD6R2Q3F0M42G', 'db427035-8db3-40ca-8843-d9b5db7a7b45', '2021-01-01 00:00:00', '2021-02-28 00:00:00', '03', 400, 300, 100, 0, 10, sysdate(),sysdate());
INSERT INTO membermgmtdb.premium_span(premium_span_sk, premium_span_code, ztcn, enrollment_span_sk, start_date, end_date, csr_variant, total_prem_amt, total_resp_amt, aptc_amt, other_pay_amt, csr_amt, created_Date, updated_date) VALUES ('59d17885-4a18-4ca2-b270-3bef4ed55f4f', '7NCPT9ZFIU5T2X6', 'YLT0EDSE9Z5XEI7', 'db427035-8db3-40ca-8843-d9b5db7a7b45', '2021-03-01 00:00:00', '2021-08-31 00:00:00', '03', 400, 275, 125, 0, 20, sysdate(),sysdate());
INSERT INTO membermgmtdb.premium_span(premium_span_sk, premium_span_code, ztcn, enrollment_span_sk, start_date, end_date, csr_variant, total_prem_amt, total_resp_amt, aptc_amt, other_pay_amt, csr_amt, created_Date, updated_date) VALUES ('c3f9d414-b47b-4639-a34f-5b5e48e34973', '6ENOJEGDD3TMWLR', 'IG1MFNL7AGLMNR4', 'db427035-8db3-40ca-8843-d9b5db7a7b45', '2021-09-01 00:00:00', '2021-12-31 00:00:00', '03', 400, 325, 75, 0, 30, sysdate(),sysdate());
INSERT INTO membermgmtdb.premium_span(premium_span_sk, premium_span_code, ztcn, enrollment_span_sk, start_date, end_date, csr_variant, total_prem_amt, total_resp_amt, aptc_amt, other_pay_amt, csr_amt, created_Date, updated_date) VALUES ('e2f0a63d-d74b-4642-a09e-9aeeb50d3843', 'FZMVI4RHM1QFBZY', 'BM4KY8ROZIMWU43', 'd63b2860-7371-4ad7-939c-5cc5e0af2fe1', '2022-01-01 00:00:00', '2022-03-31 00:00:00', '03', 500, 300, 200, 0, 10, sysdate(),sysdate());
INSERT INTO membermgmtdb.premium_span(premium_span_sk, premium_span_code, ztcn, enrollment_span_sk, start_date, end_date, csr_variant, total_prem_amt, total_resp_amt, aptc_amt, other_pay_amt, csr_amt, created_Date, updated_date) VALUES ('40b2dc62-25e9-4981-bfde-ddf2a8380962', 'BJGBEG6SFTS57NS', '4VRP1D5WMEM5V75', 'd63b2860-7371-4ad7-939c-5cc5e0af2fe1', '2022-04-01 00:00:00', '2022-06-30 00:00:00', '03', 500, 350, 150, 0, 20, sysdate(),sysdate());
INSERT INTO membermgmtdb.premium_span(premium_span_sk, premium_span_code, ztcn, enrollment_span_sk, start_date, end_date, csr_variant, total_prem_amt, total_resp_amt, aptc_amt, other_pay_amt, csr_amt, created_Date, updated_date) VALUES ('a41a0d91-a643-4101-b1e2-21c0b291a529', 'EJEMQXQ97PS3OY0', 'TUP2WP74OXM5TF2', 'd63b2860-7371-4ad7-939c-5cc5e0af2fe1', '2022-07-01 00:00:00', '2022-10-31 00:00:00', '03', 500, 325, 175, 0, 20, sysdate(),sysdate());
INSERT INTO membermgmtdb.premium_span(premium_span_sk, premium_span_code, ztcn, enrollment_span_sk, start_date, end_date, csr_variant, total_prem_amt, total_resp_amt, aptc_amt, other_pay_amt, csr_amt, created_Date, updated_date) VALUES ('4fce1156-457b-4003-be25-99d00561523f', '4YVH77GZW6R602U', 'R3NJVJTVRE41K8N',             'd63b2860-7371-4ad7-939c-5cc5e0af2fe1', '2022-11-01 00:00:00', '2022-12-31 00:00:00', '03', 500, 375, 125, 0, 20, sysdate(),sysdate());

INSERT INTO membermgmtdb.member_premiums(member_premium_sk, premium_span_sk, member_sk, exchange_member_id, individual_premium_amount, created_date, updated_date) VALUES ('fed5ad64-a9f1-4df6-ba8d-fdb8e5726a27', 'dad77e1e-bfb3-4367-940f-0201857bd69c', '37d7b2a8-4dec-46bf-a6ce-298fdc4e5766', '2634573401', 200, sysdate(), sysdate());
INSERT INTO membermgmtdb.member_premiums(member_premium_sk, premium_span_sk, member_sk, exchange_member_id, individual_premium_amount, created_date, updated_date) VALUES ('c8180090-43a7-4c67-9beb-0c0aa36f1992', 'dad77e1e-bfb3-4367-940f-0201857bd69c', '14416c14-9c25-4bf3-bdb2-dcd73314a070', '2634573402', 100, sysdate(), sysdate());
INSERT INTO membermgmtdb.member_premiums(member_premium_sk, premium_span_sk, member_sk, exchange_member_id, individual_premium_amount, created_date, updated_date) VALUES ('9ee3922e-e22a-4c2d-8b13-4efefe784083', 'dad77e1e-bfb3-4367-940f-0201857bd69c', '4f63af0d-7e47-414a-bd73-e73bd87641d6', '2634573403', 50,sysdate(), sysdate());
INSERT INTO membermgmtdb.member_premiums(member_premium_sk, premium_span_sk, member_sk, exchange_member_id, individual_premium_amount, created_date, updated_date) VALUES ('fa48c7b5-6b71-41c9-aea6-acd87a754104', 'dad77e1e-bfb3-4367-940f-0201857bd69c', 'd44a7af9-f2c9-465d-abe0-03b645d9b331', '2634573404', 50,sysdate(), sysdate());

INSERT INTO membermgmtdb.member_premiums(member_premium_sk, premium_span_sk, member_sk, exchange_member_id, individual_premium_amount, created_date, updated_date) VALUES ('bda250b2-2d41-4b73-b822-1baae6371d88', '59d17885-4a18-4ca2-b270-3bef4ed55f4f', '37d7b2a8-4dec-46bf-a6ce-298fdc4e5766', '2634573401', 200, sysdate(), sysdate());
INSERT INTO membermgmtdb.member_premiums(member_premium_sk, premium_span_sk, member_sk, exchange_member_id, individual_premium_amount, created_date, updated_date) VALUES ('ac53ac85-defe-438e-ae1b-e2939d813d61', '59d17885-4a18-4ca2-b270-3bef4ed55f4f', '14416c14-9c25-4bf3-bdb2-dcd73314a070', '2634573402', 100, sysdate(), sysdate());
INSERT INTO membermgmtdb.member_premiums(member_premium_sk, premium_span_sk, member_sk, exchange_member_id, individual_premium_amount, created_date, updated_date) VALUES ('04027eaa-8004-4ed6-83ba-fdf347fa1c18', '59d17885-4a18-4ca2-b270-3bef4ed55f4f', '4f63af0d-7e47-414a-bd73-e73bd87641d6', '2634573403', 50,sysdate(), sysdate());
INSERT INTO membermgmtdb.member_premiums(member_premium_sk, premium_span_sk, member_sk, exchange_member_id, individual_premium_amount, created_date, updated_date) VALUES ('243d7ddc-abde-4f62-81ab-b0d05646ffae', '59d17885-4a18-4ca2-b270-3bef4ed55f4f', 'd44a7af9-f2c9-465d-abe0-03b645d9b331', '2634573404', 50,sysdate(), sysdate());

INSERT INTO membermgmtdb.member_premiums(member_premium_sk, premium_span_sk, member_sk, exchange_member_id, individual_premium_amount, created_date, updated_date) VALUES ('1dbb133e-9068-4a72-9dcb-ab02eb3b6541', 'c3f9d414-b47b-4639-a34f-5b5e48e34973', '37d7b2a8-4dec-46bf-a6ce-298fdc4e5766', '2634573401', 200, sysdate(), sysdate());
INSERT INTO membermgmtdb.member_premiums(member_premium_sk, premium_span_sk, member_sk, exchange_member_id, individual_premium_amount, created_date, updated_date) VALUES ('9c1b49de-49a1-4f79-a959-81f5c803bd07', 'c3f9d414-b47b-4639-a34f-5b5e48e34973', '14416c14-9c25-4bf3-bdb2-dcd73314a070', '2634573402', 100, sysdate(), sysdate());
INSERT INTO membermgmtdb.member_premiums(member_premium_sk, premium_span_sk, member_sk, exchange_member_id, individual_premium_amount, created_date, updated_date) VALUES ('cd88f3a3-090d-4094-bd29-e143c0f5c096', 'c3f9d414-b47b-4639-a34f-5b5e48e34973', '4f63af0d-7e47-414a-bd73-e73bd87641d6', '2634573403', 50,sysdate(), sysdate());
INSERT INTO membermgmtdb.member_premiums(member_premium_sk, premium_span_sk, member_sk, exchange_member_id, individual_premium_amount, created_date, updated_date) VALUES ('84b2f15d-a546-4bae-aa95-7e47fd66fd1a', 'c3f9d414-b47b-4639-a34f-5b5e48e34973', 'd44a7af9-f2c9-465d-abe0-03b645d9b331', '2634573404', 50,sysdate(), sysdate());

INSERT INTO membermgmtdb.member_premiums(member_premium_sk, premium_span_sk, member_sk, exchange_member_id, individual_premium_amount, created_date, updated_date) VALUES ('692efe5a-52ba-4a04-9728-813f4d799422', 'e2f0a63d-d74b-4642-a09e-9aeeb50d3843', '37d7b2a8-4dec-46bf-a6ce-298fdc4e5766', '2634573401', 200, sysdate(), sysdate());
INSERT INTO membermgmtdb.member_premiums(member_premium_sk, premium_span_sk, member_sk, exchange_member_id, individual_premium_amount, created_date, updated_date) VALUES ('9370abc0-2421-4598-a13a-cdb366c9f84a', 'e2f0a63d-d74b-4642-a09e-9aeeb50d3843', '14416c14-9c25-4bf3-bdb2-dcd73314a070', '2634573402', 100, sysdate(), sysdate());
INSERT INTO membermgmtdb.member_premiums(member_premium_sk, premium_span_sk, member_sk, exchange_member_id, individual_premium_amount, created_date, updated_date) VALUES ('696787c8-edc5-456d-bd42-2ae3530ba7bd', 'e2f0a63d-d74b-4642-a09e-9aeeb50d3843', '4f63af0d-7e47-414a-bd73-e73bd87641d6', '2634573403', 100,sysdate(), sysdate());
INSERT INTO membermgmtdb.member_premiums(member_premium_sk, premium_span_sk, member_sk, exchange_member_id, individual_premium_amount, created_date, updated_date) VALUES ('9d184da9-f971-4e35-9d5f-195e85b88adc', 'e2f0a63d-d74b-4642-a09e-9aeeb50d3843', 'd44a7af9-f2c9-465d-abe0-03b645d9b331', '2634573404', 100,sysdate(), sysdate());

INSERT INTO membermgmtdb.member_premiums(member_premium_sk, premium_span_sk, member_sk, exchange_member_id, individual_premium_amount, created_date, updated_date) VALUES ('0a8558b4-c3ce-4366-bc76-39bad19c16cf', '40b2dc62-25e9-4981-bfde-ddf2a8380962', '37d7b2a8-4dec-46bf-a6ce-298fdc4e5766', '2634573401', 200, sysdate(), sysdate());
INSERT INTO membermgmtdb.member_premiums(member_premium_sk, premium_span_sk, member_sk, exchange_member_id, individual_premium_amount, created_date, updated_date) VALUES ('c3054552-5066-40b6-93b3-4b548381c519', '40b2dc62-25e9-4981-bfde-ddf2a8380962', '14416c14-9c25-4bf3-bdb2-dcd73314a070', '2634573402', 100, sysdate(), sysdate());
INSERT INTO membermgmtdb.member_premiums(member_premium_sk, premium_span_sk, member_sk, exchange_member_id, individual_premium_amount, created_date, updated_date) VALUES ('23b7e08b-dd48-41c2-9290-c1303c673a82', '40b2dc62-25e9-4981-bfde-ddf2a8380962', '4f63af0d-7e47-414a-bd73-e73bd87641d6', '2634573403', 100,sysdate(), sysdate());
INSERT INTO membermgmtdb.member_premiums(member_premium_sk, premium_span_sk, member_sk, exchange_member_id, individual_premium_amount, created_date, updated_date) VALUES ('c5d827f0-9e7a-42ca-ae99-88ab7094cc1f', '40b2dc62-25e9-4981-bfde-ddf2a8380962', 'd44a7af9-f2c9-465d-abe0-03b645d9b331', '2634573404', 100,sysdate(), sysdate());

INSERT INTO membermgmtdb.member_premiums(member_premium_sk, premium_span_sk, member_sk, exchange_member_id, individual_premium_amount, created_date, updated_date) VALUES ('46659d0e-576e-4913-b7e6-f2058f9ca7aa', 'a41a0d91-a643-4101-b1e2-21c0b291a529', '37d7b2a8-4dec-46bf-a6ce-298fdc4e5766', '2634573401', 200, sysdate(), sysdate());
INSERT INTO membermgmtdb.member_premiums(member_premium_sk, premium_span_sk, member_sk, exchange_member_id, individual_premium_amount, created_date, updated_date) VALUES ('fa0d39dd-4198-432e-83e6-f2f47f2a6233', 'a41a0d91-a643-4101-b1e2-21c0b291a529', '14416c14-9c25-4bf3-bdb2-dcd73314a070', '2634573402', 100, sysdate(), sysdate());
INSERT INTO membermgmtdb.member_premiums(member_premium_sk, premium_span_sk, member_sk, exchange_member_id, individual_premium_amount, created_date, updated_date) VALUES ('f9b1e634-8835-4dae-95d4-6ea8f957d244', 'a41a0d91-a643-4101-b1e2-21c0b291a529', '4f63af0d-7e47-414a-bd73-e73bd87641d6', '2634573403', 100,sysdate(), sysdate());
INSERT INTO membermgmtdb.member_premiums(member_premium_sk, premium_span_sk, member_sk, exchange_member_id, individual_premium_amount, created_date, updated_date) VALUES ('ffd68823-c131-4970-b59c-ae925a9a248d', 'a41a0d91-a643-4101-b1e2-21c0b291a529', 'd44a7af9-f2c9-465d-abe0-03b645d9b331', '2634573404', 100,sysdate(), sysdate());

INSERT INTO membermgmtdb.member_premiums(member_premium_sk, premium_span_sk, member_sk, exchange_member_id, individual_premium_amount, created_date, updated_date) VALUES ('688a90c4-e7aa-409f-8741-85fe36bc0045', '4fce1156-457b-4003-be25-99d00561523f', '37d7b2a8-4dec-46bf-a6ce-298fdc4e5766', '2634573401', 200, sysdate(), sysdate());
INSERT INTO membermgmtdb.member_premiums(member_premium_sk, premium_span_sk, member_sk, exchange_member_id, individual_premium_amount, created_date, updated_date) VALUES ('8ee71ef6-2fdd-4153-b3d5-e3ed3fbe04d1', '4fce1156-457b-4003-be25-99d00561523f', '14416c14-9c25-4bf3-bdb2-dcd73314a070', '2634573402', 100, sysdate(), sysdate());
INSERT INTO membermgmtdb.member_premiums(member_premium_sk, premium_span_sk, member_sk, exchange_member_id, individual_premium_amount, created_date, updated_date) VALUES ('a5c5689c-1c7b-4c8a-8571-3fbe44c191bf', '4fce1156-457b-4003-be25-99d00561523f', '4f63af0d-7e47-414a-bd73-e73bd87641d6', '2634573403', 100,sysdate(), sysdate());
INSERT INTO membermgmtdb.member_premiums(member_premium_sk, premium_span_sk, member_sk, exchange_member_id, individual_premium_amount, created_date, updated_date) VALUES ('9935dd9f-6256-4245-82f6-c08066fda042', '4fce1156-457b-4003-be25-99d00561523f', 'd44a7af9-f2c9-465d-abe0-03b645d9b331', '2634573404', 100,sysdate(), sysdate());